,none,E1,E2,I2
0,5.0,4.0,2.0,8.0
1,11.0,2.0,15.0,17.0
2,6.0,5.0,8.0,10.0
3,10.0,4.0,13.0,15.0
4,7.0,2.0,12.0,12.0
5,5.0,2.0,13.0,11.0
6,6.0,4.0,4.0,10.0
7,5.0,4.0,3.0,11.0
8,7.0,3.0,11.0,12.0
9,8.0,4.0,14.0,13.0
10,8.0,3.0,9.0,11.0
11,7.0,3.0,13.0,11.0
12,7.0,2.0,8.0,9.0
13,6.0,2.0,10.0,12.0
14,7.0,4.0,10.0,9.0
15,7.0,5.0,11.0,11.0
16,7.0,3.0,7.0,9.0
17,8.0,2.0,12.0,13.0
18,7.0,4.0,7.0,12.0
19,3.0,3.0,6.0,8.0
20,8.0,4.0,13.0,13.0
21,4.0,3.0,2.0,8.0
22,5.0,4.0,10.0,10.0
23,8.0,2.0,13.0,12.0
24,7.0,2.0,12.0,12.0
25,7.0,2.0,6.0,10.0
26,4.0,4.0,10.0,10.0
27,5.0,3.0,7.0,10.0
28,4.0,4.0,4.0,8.0
29,4.0,4.0,8.0,9.0
30,6.0,3.0,5.0,9.0
31,10.0,3.0,14.0,14.0
32,6.0,5.0,11.0,11.0
33,6.0,4.0,11.0,10.0
34,7.0,3.0,7.0,10.0
35,5.0,2.0,12.0,11.0
36,7.0,4.0,9.0,11.0
37,8.0,4.0,14.0,13.0
38,9.0,2.0,13.0,16.0
39,7.0,3.0,11.0,9.0
40,5.0,2.0,6.0,10.0
41,8.0,1.0,11.0,12.0
42,8.0,3.0,7.0,12.0
43,8.0,2.0,11.0,12.0
44,7.0,3.0,6.0,11.0
45,10.0,3.0,12.0,13.0
46,7.0,4.0,12.0,12.0
47,5.0,5.0,9.0,9.0
48,12.0,5.0,15.0,16.0
49,6.0,4.0,9.0,10.0
50,5.0,3.0,3.0,9.0
51,7.0,3.0,13.0,11.0
52,5.0,4.0,4.0,9.0
53,7.0,3.0,6.0,10.0
54,9.0,2.0,14.0,12.0
55,6.0,5.0,7.0,10.0
56,4.0,4.0,8.0,11.0
57,5.0,3.0,10.0,12.0
58,3.0,2.0,4.0,7.0
59,8.0,4.0,12.0,12.0
60,2.0,2.0,5.0,8.0
61,9.0,2.0,13.0,12.0
62,4.0,4.0,3.0,7.0
63,4.0,1.0,8.0,9.0
64,9.0,5.0,10.0,13.0
65,9.0,4.0,11.0,13.0
66,4.0,4.0,4.0,7.0
67,7.0,4.0,7.0,10.0
68,5.0,3.0,3.0,8.0
69,9.0,4.0,13.0,13.0
70,7.0,5.0,8.0,10.0
71,8.0,3.0,12.0,13.0
72,5.0,3.0,13.0,10.0
73,6.0,3.0,3.0,9.0
74,9.0,2.0,7.0,11.0
75,4.0,4.0,6.0,8.0
76,6.0,3.0,5.0,8.0
77,7.0,4.0,13.0,13.0
78,7.0,5.0,6.0,10.0
79,5.0,2.0,7.0,8.0
80,7.0,2.0,9.0,10.0
81,3.0,3.0,7.0,9.0
82,7.0,4.0,13.0,11.0
83,7.0,3.0,13.0,11.0
84,7.0,4.0,11.0,10.0
85,4.0,3.0,4.0,7.0
86,6.0,2.0,13.0,12.0
87,5.0,2.0,11.0,12.0
88,4.0,3.0,3.0,8.0
89,7.0,4.0,6.0,10.0
90,7.0,3.0,11.0,11.0
91,7.0,4.0,6.0,10.0
92,7.0,4.0,10.0,10.0
93,7.0,5.0,15.0,12.0
94,4.0,4.0,3.0,7.0
95,6.0,4.0,13.0,12.0
96,4.0,6.0,3.0,8.0
97,10.0,2.0,13.0,14.0
98,7.0,3.0,11.0,9.0
99,7.0,4.0,14.0,14.0
100,4.0,4.0,4.0,7.0
101,9.0,2.0,13.0,13.0
102,8.0,4.0,14.0,11.0
103,6.0,4.0,10.0,11.0
104,5.0,3.0,6.0,8.0
105,6.0,3.0,12.0,12.0
106,7.0,3.0,13.0,12.0
107,7.0,4.0,13.0,12.0
108,5.0,3.0,6.0,8.0
109,6.0,2.0,10.0,8.0
110,3.0,5.0,7.0,7.0
111,3.0,3.0,4.0,6.0
112,10.0,2.0,8.0,12.0
113,6.0,4.0,12.0,10.0
114,7.0,4.0,13.0,13.0
115,5.0,4.0,5.0,7.0
116,6.0,4.0,5.0,8.0
117,6.0,3.0,14.0,16.0
118,8.0,5.0,11.0,11.0
119,6.0,1.0,8.0,10.0
120,7.0,5.0,13.0,11.0
121,7.0,2.0,13.0,10.0
122,5.0,4.0,4.0,8.0
123,7.0,1.0,8.0,10.0
124,5.0,4.0,11.0,10.0
125,6.0,4.0,7.0,11.0
126,5.0,3.0,9.0,9.0
127,4.0,4.0,9.0,9.0
128,5.0,3.0,9.0,8.0
129,4.0,2.0,2.0,8.0
130,8.0,2.0,14.0,13.0
131,6.0,2.0,10.0,9.0
132,6.0,2.0,11.0,12.0
133,5.0,5.0,5.0,8.0
134,6.0,4.0,7.0,9.0
135,9.0,4.0,12.0,13.0
136,9.0,2.0,16.0,13.0
137,6.0,2.0,8.0,8.0
138,11.0,2.0,13.0,15.0
139,4.0,3.0,3.0,6.0
140,7.0,4.0,8.0,11.0
141,8.0,4.0,11.0,13.0
142,8.0,3.0,13.0,12.0
143,6.0,4.0,12.0,10.0
144,5.0,2.0,11.0,10.0
145,5.0,4.0,8.0,10.0
146,6.0,4.0,10.0,10.0
147,9.0,2.0,6.0,11.0
148,5.0,2.0,5.0,10.0
149,6.0,3.0,15.0,12.0
150,7.0,2.0,11.0,11.0
151,8.0,2.0,14.0,14.0
152,4.0,1.0,8.0,9.0
153,5.0,3.0,5.0,10.0
154,6.0,4.0,5.0,9.0
155,8.0,4.0,14.0,13.0
156,10.0,4.0,14.0,13.0
157,4.0,4.0,10.0,8.0
158,6.0,3.0,9.0,10.0
159,8.0,4.0,13.0,14.0
160,9.0,2.0,7.0,10.0
161,8.0,3.0,15.0,13.0
162,5.0,3.0,3.0,9.0
163,7.0,2.0,6.0,10.0
164,4.0,2.0,2.0,6.0
165,3.0,3.0,1.0,7.0
166,5.0,4.0,11.0,12.0
167,4.0,2.0,3.0,7.0
168,7.0,3.0,11.0,10.0
169,5.0,3.0,6.0,8.0
170,4.0,4.0,3.0,8.0
171,5.0,4.0,11.0,9.0
172,9.0,3.0,16.0,15.0
173,5.0,2.0,5.0,8.0
174,7.0,2.0,14.0,9.0
175,7.0,2.0,7.0,10.0
176,5.0,2.0,4.0,8.0
177,9.0,4.0,12.0,13.0
178,4.0,2.0,7.0,10.0
179,7.0,2.0,13.0,10.0
180,7.0,4.0,13.0,16.0
181,8.0,3.0,13.0,11.0
182,9.0,2.0,13.0,15.0
183,11.0,5.0,13.0,15.0
184,7.0,5.0,12.0,10.0
185,4.0,4.0,5.0,7.0
186,9.0,4.0,13.0,13.0
187,7.0,5.0,14.0,13.0
188,4.0,4.0,7.0,8.0
189,7.0,1.0,8.0,10.0
190,4.0,4.0,2.0,7.0
191,7.0,3.0,13.0,12.0
192,8.0,2.0,14.0,14.0
193,8.0,3.0,4.0,10.0
194,6.0,4.0,12.0,7.0
195,11.0,4.0,13.0,13.0
196,7.0,1.0,13.0,12.0
197,3.0,4.0,9.0,8.0
198,5.0,3.0,6.0,9.0
199,6.0,2.0,11.0,10.0
200,6.0,2.0,7.0,9.0
201,6.0,2.0,14.0,13.0
202,4.0,2.0,6.0,8.0
203,5.0,2.0,12.0,12.0
204,6.0,4.0,8.0,9.0
205,8.0,5.0,13.0,14.0
206,5.0,5.0,5.0,8.0
207,5.0,4.0,4.0,8.0
208,7.0,5.0,10.0,11.0
209,3.0,2.0,2.0,8.0
210,6.0,2.0,9.0,9.0
211,8.0,4.0,12.0,11.0
212,8.0,4.0,13.0,12.0
213,5.0,4.0,6.0,9.0
214,5.0,4.0,6.0,10.0
215,10.0,4.0,13.0,15.0
216,6.0,4.0,4.0,8.0
217,4.0,5.0,4.0,9.0
218,7.0,4.0,13.0,11.0
219,7.0,3.0,12.0,11.0
220,7.0,3.0,13.0,13.0
221,5.0,3.0,8.0,10.0
222,6.0,3.0,8.0,11.0
223,4.0,3.0,3.0,8.0
224,8.0,4.0,14.0,13.0
225,10.0,4.0,13.0,11.0
226,5.0,4.0,5.0,8.0
227,4.0,3.0,3.0,7.0
228,9.0,5.0,13.0,12.0
229,9.0,4.0,12.0,12.0
230,10.0,2.0,12.0,14.0
231,5.0,3.0,9.0,10.0
232,7.0,2.0,10.0,10.0
233,4.0,2.0,6.0,8.0
234,9.0,3.0,8.0,11.0
235,9.0,3.0,10.0,13.0
236,5.0,2.0,12.0,11.0
237,7.0,3.0,4.0,9.0
238,5.0,2.0,13.0,10.0
239,6.0,4.0,12.0,10.0
240,5.0,3.0,4.0,8.0
241,6.0,3.0,15.0,13.0
242,5.0,2.0,7.0,9.0
243,4.0,2.0,6.0,9.0
244,9.0,5.0,13.0,15.0
245,9.0,5.0,11.0,14.0
246,6.0,3.0,8.0,10.0
247,7.0,3.0,11.0,11.0
248,4.0,2.0,8.0,7.0
249,6.0,4.0,7.0,10.0
250,7.0,4.0,12.0,9.0
251,6.0,4.0,6.0,11.0
252,4.0,3.0,12.0,10.0
253,2.0,3.0,4.0,6.0
254,5.0,3.0,4.0,7.0
255,4.0,5.0,3.0,8.0
256,5.0,3.0,5.0,9.0
257,4.0,2.0,10.0,9.0
258,9.0,2.0,9.0,12.0
259,4.0,5.0,2.0,9.0
260,7.0,4.0,7.0,11.0
261,9.0,2.0,13.0,14.0
262,7.0,3.0,8.0,11.0
263,4.0,3.0,4.0,6.0
264,7.0,2.0,12.0,12.0
265,10.0,3.0,15.0,13.0
266,5.0,4.0,4.0,7.0
267,7.0,3.0,6.0,9.0
268,4.0,2.0,3.0,8.0
269,7.0,2.0,12.0,12.0
270,5.0,2.0,12.0,10.0
271,5.0,5.0,2.0,7.0
272,6.0,3.0,13.0,11.0
273,8.0,3.0,14.0,13.0
274,7.0,2.0,12.0,11.0
275,5.0,3.0,6.0,8.0
276,4.0,2.0,9.0,12.0
277,6.0,5.0,6.0,11.0
278,7.0,4.0,13.0,12.0
279,6.0,2.0,6.0,9.0
280,7.0,3.0,11.0,11.0
281,5.0,2.0,5.0,7.0
282,9.0,2.0,13.0,13.0
283,4.0,3.0,10.0,10.0
284,6.0,5.0,11.0,10.0
285,6.0,4.0,4.0,9.0
286,6.0,4.0,12.0,12.0
287,7.0,2.0,6.0,9.0
288,9.0,5.0,13.0,14.0
289,8.0,3.0,13.0,13.0
290,9.0,2.0,13.0,12.0
291,10.0,2.0,14.0,13.0
292,5.0,4.0,5.0,8.0
293,7.0,2.0,12.0,11.0
294,6.0,2.0,9.0,11.0
295,3.0,3.0,4.0,7.0
296,8.0,4.0,13.0,13.0
297,6.0,3.0,5.0,8.0
298,5.0,3.0,5.0,9.0
299,8.0,1.0,9.0,11.0
300,8.0,3.0,11.0,11.0
301,12.0,3.0,14.0,22.0
302,6.0,4.0,3.0,8.0
303,5.0,3.0,4.0,8.0
304,4.0,3.0,5.0,7.0
305,12.0,2.0,14.0,13.0
306,9.0,2.0,6.0,10.0
307,8.0,5.0,7.0,11.0
308,7.0,3.0,12.0,12.0
309,7.0,4.0,10.0,9.0
310,6.0,3.0,6.0,8.0
311,7.0,3.0,16.0,15.0
312,7.0,5.0,14.0,12.0
313,3.0,3.0,3.0,7.0
314,8.0,5.0,9.0,11.0
315,3.0,3.0,3.0,7.0
316,6.0,4.0,12.0,10.0
317,10.0,3.0,12.0,13.0
318,7.0,3.0,10.0,11.0
319,3.0,2.0,1.0,7.0
320,6.0,3.0,6.0,9.0
321,6.0,4.0,11.0,11.0
322,5.0,3.0,9.0,9.0
323,8.0,2.0,13.0,11.0
324,6.0,3.0,6.0,10.0
325,6.0,2.0,12.0,11.0
326,5.0,4.0,6.0,9.0
327,5.0,4.0,10.0,9.0
328,7.0,2.0,15.0,15.0
329,7.0,2.0,14.0,14.0
330,7.0,2.0,10.0,10.0
331,6.0,3.0,7.0,10.0
332,4.0,2.0,12.0,9.0
333,5.0,4.0,14.0,10.0
334,8.0,2.0,10.0,12.0
335,4.0,2.0,4.0,7.0
336,5.0,5.0,13.0,11.0
337,12.0,4.0,13.0,15.0
338,6.0,4.0,5.0,12.0
339,4.0,4.0,1.0,7.0
340,8.0,4.0,9.0,12.0
341,8.0,3.0,13.0,13.0
342,8.0,4.0,9.0,11.0
343,8.0,3.0,13.0,11.0
344,7.0,4.0,12.0,13.0
345,5.0,2.0,5.0,9.0
346,6.0,5.0,10.0,12.0
347,4.0,4.0,8.0,8.0
348,7.0,2.0,13.0,13.0
349,5.0,3.0,9.0,10.0
350,4.0,3.0,3.0,7.0
351,7.0,3.0,10.0,12.0
352,5.0,2.0,8.0,7.0
353,4.0,2.0,5.0,8.0
354,7.0,4.0,5.0,10.0
355,4.0,3.0,3.0,7.0
356,5.0,2.0,3.0,8.0
357,6.0,4.0,11.0,12.0
358,8.0,2.0,13.0,12.0
359,6.0,5.0,12.0,12.0
360,7.0,2.0,14.0,12.0
361,7.0,4.0,14.0,11.0
362,6.0,3.0,12.0,10.0
363,3.0,4.0,6.0,6.0
364,6.0,3.0,7.0,10.0
365,13.0,2.0,15.0,16.0
366,5.0,3.0,6.0,9.0
367,3.0,4.0,5.0,7.0
368,10.0,5.0,13.0,14.0
369,9.0,2.0,12.0,11.0
370,5.0,3.0,10.0,12.0
371,6.0,3.0,8.0,9.0
372,4.0,5.0,2.0,7.0
373,4.0,3.0,7.0,7.0
374,6.0,2.0,7.0,11.0
375,7.0,3.0,13.0,13.0
376,4.0,4.0,2.0,7.0
377,6.0,3.0,14.0,12.0
378,4.0,3.0,6.0,11.0
379,5.0,3.0,11.0,10.0
380,5.0,3.0,5.0,7.0
381,8.0,4.0,13.0,13.0
382,6.0,3.0,8.0,9.0
383,6.0,4.0,10.0,8.0
384,4.0,3.0,2.0,7.0
385,9.0,3.0,13.0,12.0
386,7.0,4.0,10.0,11.0
387,6.0,4.0,12.0,10.0
388,3.0,5.0,1.0,6.0
389,7.0,2.0,13.0,11.0
390,8.0,3.0,13.0,11.0
391,5.0,4.0,11.0,9.0
392,4.0,5.0,7.0,7.0
393,7.0,4.0,7.0,10.0
394,6.0,3.0,6.0,8.0
395,4.0,4.0,3.0,7.0
396,3.0,2.0,12.0,11.0
397,8.0,3.0,13.0,12.0
398,6.0,3.0,9.0,11.0
399,10.0,4.0,14.0,14.0
400,6.0,3.0,8.0,10.0
401,7.0,5.0,8.0,13.0
402,6.0,5.0,7.0,8.0
403,3.0,2.0,4.0,8.0
404,6.0,2.0,7.0,11.0
405,5.0,4.0,3.0,9.0
406,8.0,2.0,12.0,14.0
407,10.0,3.0,15.0,14.0
408,4.0,4.0,12.0,13.0
409,3.0,3.0,3.0,6.0
410,9.0,2.0,13.0,16.0
411,5.0,5.0,8.0,9.0
412,3.0,5.0,5.0,8.0
413,10.0,4.0,14.0,13.0
414,5.0,3.0,9.0,9.0
415,2.0,2.0,1.0,6.0
416,5.0,4.0,10.0,11.0
417,8.0,4.0,8.0,13.0
418,5.0,3.0,12.0,9.0
419,5.0,4.0,11.0,8.0
420,5.0,2.0,8.0,8.0
421,5.0,4.0,3.0,9.0
422,6.0,4.0,6.0,9.0
423,8.0,3.0,12.0,12.0
424,8.0,4.0,10.0,12.0
425,7.0,3.0,6.0,10.0
426,5.0,3.0,5.0,8.0
427,3.0,3.0,2.0,7.0
428,5.0,2.0,2.0,7.0
429,7.0,2.0,6.0,10.0
430,6.0,5.0,7.0,10.0
431,2.0,2.0,2.0,6.0
432,6.0,3.0,13.0,11.0
433,3.0,3.0,2.0,6.0
434,7.0,3.0,14.0,10.0
435,7.0,2.0,4.0,9.0
436,5.0,2.0,3.0,7.0
437,11.0,3.0,9.0,13.0
438,6.0,4.0,12.0,8.0
439,5.0,2.0,10.0,9.0
440,6.0,5.0,7.0,10.0
441,6.0,2.0,11.0,10.0
442,7.0,2.0,12.0,12.0
443,3.0,4.0,4.0,6.0
444,5.0,3.0,4.0,8.0
445,8.0,3.0,14.0,14.0
446,7.0,4.0,8.0,10.0
447,10.0,2.0,13.0,13.0
448,5.0,4.0,6.0,8.0
449,5.0,3.0,12.0,8.0
450,4.0,4.0,5.0,7.0
451,10.0,2.0,9.0,12.0
452,5.0,3.0,8.0,8.0
453,5.0,4.0,10.0,8.0
454,6.0,4.0,5.0,9.0
455,8.0,3.0,9.0,13.0
456,4.0,5.0,5.0,8.0
457,11.0,4.0,14.0,14.0
458,6.0,4.0,14.0,11.0
459,9.0,5.0,13.0,13.0
460,7.0,4.0,13.0,13.0
461,5.0,4.0,11.0,10.0
462,5.0,2.0,9.0,9.0
463,9.0,2.0,15.0,14.0
464,6.0,4.0,11.0,11.0
465,4.0,4.0,3.0,9.0
466,6.0,2.0,11.0,11.0
467,10.0,3.0,13.0,14.0
468,3.0,3.0,3.0,8.0
469,5.0,3.0,5.0,8.0
470,7.0,2.0,8.0,11.0
471,4.0,4.0,6.0,8.0
472,8.0,2.0,9.0,12.0
473,8.0,2.0,13.0,12.0
474,6.0,5.0,11.0,10.0
475,4.0,3.0,7.0,7.0
476,8.0,5.0,11.0,10.0
477,7.0,4.0,10.0,10.0
478,6.0,3.0,13.0,11.0
479,8.0,3.0,11.0,11.0
480,4.0,2.0,9.0,8.0
481,4.0,3.0,5.0,8.0
482,5.0,3.0,8.0,9.0
483,7.0,2.0,13.0,14.0
484,4.0,5.0,3.0,8.0
485,5.0,5.0,13.0,10.0
486,4.0,2.0,11.0,11.0
487,8.0,1.0,14.0,14.0
488,8.0,4.0,13.0,12.0
489,8.0,4.0,13.0,12.0
490,8.0,4.0,14.0,12.0
491,8.0,3.0,14.0,14.0
492,10.0,2.0,14.0,16.0
493,5.0,4.0,4.0,8.0
494,5.0,2.0,6.0,9.0
495,6.0,2.0,11.0,10.0
496,4.0,3.0,9.0,10.0
497,9.0,4.0,13.0,12.0
498,7.0,4.0,11.0,9.0
499,5.0,3.0,8.0,8.0
500,10.0,2.0,14.0,14.0
501,7.0,2.0,13.0,12.0
502,6.0,5.0,12.0,11.0
503,6.0,3.0,8.0,11.0
504,10.0,2.0,13.0,13.0
505,10.0,3.0,12.0,14.0
506,6.0,2.0,11.0,10.0
507,8.0,3.0,14.0,11.0
508,4.0,2.0,2.0,6.0
509,5.0,4.0,6.0,10.0
510,6.0,4.0,5.0,9.0
511,9.0,2.0,9.0,11.0
512,8.0,2.0,13.0,14.0
513,4.0,5.0,11.0,9.0
514,7.0,3.0,8.0,10.0
515,8.0,4.0,13.0,13.0
516,3.0,5.0,4.0,8.0
517,4.0,5.0,6.0,8.0
518,6.0,2.0,8.0,12.0
519,7.0,3.0,5.0,10.0
520,7.0,4.0,13.0,14.0
521,10.0,5.0,15.0,14.0
522,8.0,5.0,6.0,12.0
523,6.0,3.0,8.0,13.0
524,5.0,3.0,2.0,8.0
525,4.0,4.0,3.0,6.0
526,7.0,3.0,9.0,12.0
527,7.0,4.0,8.0,10.0
528,6.0,2.0,11.0,11.0
529,7.0,4.0,6.0,10.0
530,9.0,2.0,13.0,14.0
531,5.0,2.0,13.0,8.0
532,10.0,3.0,14.0,18.0
533,6.0,2.0,9.0,10.0
534,9.0,3.0,13.0,13.0
535,4.0,4.0,2.0,7.0
536,5.0,4.0,9.0,8.0
537,3.0,4.0,5.0,7.0
538,6.0,2.0,8.0,10.0
539,7.0,3.0,13.0,12.0
540,6.0,2.0,13.0,14.0
541,7.0,3.0,7.0,11.0
542,3.0,3.0,8.0,9.0
543,7.0,5.0,14.0,12.0
544,8.0,3.0,11.0,12.0
545,7.0,4.0,8.0,11.0
546,7.0,4.0,11.0,11.0
547,5.0,4.0,12.0,9.0
548,6.0,3.0,12.0,13.0
549,8.0,5.0,9.0,12.0
550,5.0,4.0,11.0,10.0
551,5.0,4.0,10.0,12.0
552,4.0,3.0,5.0,6.0
553,2.0,4.0,1.0,6.0
554,6.0,5.0,11.0,9.0
555,5.0,2.0,5.0,8.0
556,10.0,4.0,13.0,12.0
557,8.0,4.0,13.0,13.0
558,6.0,3.0,12.0,10.0
559,9.0,3.0,14.0,16.0
560,6.0,4.0,7.0,11.0
561,9.0,4.0,10.0,13.0
562,6.0,2.0,4.0,9.0
563,7.0,5.0,12.0,11.0
564,8.0,2.0,12.0,13.0
565,7.0,5.0,11.0,12.0
566,5.0,3.0,9.0,10.0
567,9.0,3.0,13.0,12.0
568,6.0,3.0,12.0,10.0
569,4.0,2.0,5.0,9.0
570,3.0,2.0,4.0,8.0
571,7.0,4.0,6.0,10.0
572,3.0,2.0,10.0,8.0
573,5.0,3.0,10.0,8.0
574,9.0,1.0,12.0,13.0
575,3.0,2.0,4.0,6.0
576,10.0,5.0,18.0,16.0
577,7.0,2.0,6.0,11.0
578,7.0,2.0,8.0,10.0
579,9.0,3.0,16.0,13.0
580,10.0,2.0,13.0,14.0
581,8.0,4.0,10.0,13.0
582,7.0,3.0,8.0,9.0
583,6.0,4.0,11.0,10.0
584,5.0,4.0,8.0,9.0
585,4.0,3.0,5.0,7.0
586,4.0,5.0,5.0,8.0
587,8.0,1.0,13.0,13.0
588,6.0,3.0,11.0,11.0
589,7.0,4.0,11.0,9.0
590,11.0,3.0,18.0,18.0
591,4.0,2.0,5.0,9.0
592,7.0,4.0,9.0,9.0
593,6.0,2.0,12.0,11.0
594,7.0,4.0,8.0,11.0
595,6.0,4.0,6.0,9.0
596,7.0,4.0,13.0,10.0
597,7.0,2.0,12.0,12.0
598,6.0,4.0,11.0,10.0
599,4.0,3.0,2.0,7.0
600,7.0,2.0,8.0,11.0
601,8.0,4.0,13.0,13.0
602,3.0,3.0,8.0,7.0
603,8.0,3.0,13.0,12.0
604,7.0,4.0,7.0,10.0
605,5.0,3.0,9.0,12.0
606,8.0,2.0,13.0,13.0
607,6.0,5.0,14.0,12.0
608,10.0,2.0,14.0,16.0
609,4.0,5.0,3.0,8.0
610,5.0,4.0,9.0,8.0
611,6.0,5.0,9.0,12.0
612,8.0,2.0,11.0,12.0
613,4.0,3.0,3.0,7.0
614,6.0,4.0,8.0,9.0
615,6.0,5.0,12.0,10.0
616,6.0,2.0,8.0,9.0
617,6.0,3.0,5.0,10.0
618,4.0,4.0,3.0,7.0
619,7.0,3.0,7.0,11.0
620,6.0,3.0,9.0,9.0
621,3.0,3.0,4.0,7.0
622,8.0,2.0,14.0,16.0
623,7.0,1.0,8.0,9.0
624,6.0,4.0,11.0,8.0
625,6.0,3.0,12.0,10.0
626,11.0,3.0,13.0,14.0
627,7.0,3.0,12.0,13.0
628,9.0,2.0,13.0,14.0
629,7.0,4.0,7.0,9.0
630,8.0,4.0,13.0,13.0
631,3.0,4.0,2.0,7.0
632,14.0,5.0,18.0,18.0
633,6.0,4.0,6.0,9.0
634,8.0,3.0,13.0,14.0
635,4.0,5.0,1.0,7.0
636,6.0,2.0,13.0,11.0
637,8.0,3.0,13.0,13.0
638,7.0,4.0,12.0,11.0
639,7.0,2.0,7.0,12.0
640,6.0,2.0,13.0,11.0
641,5.0,3.0,10.0,9.0
642,5.0,5.0,7.0,8.0
643,5.0,3.0,8.0,7.0
644,6.0,4.0,9.0,9.0
645,7.0,4.0,7.0,10.0
646,7.0,2.0,8.0,11.0
647,7.0,4.0,9.0,11.0
648,5.0,4.0,7.0,8.0
649,4.0,2.0,4.0,9.0
650,4.0,5.0,3.0,7.0
651,5.0,1.0,11.0,10.0
652,9.0,4.0,13.0,14.0
653,10.0,3.0,16.0,17.0
654,6.0,4.0,11.0,11.0
655,9.0,4.0,13.0,13.0
656,4.0,2.0,6.0,7.0
657,9.0,4.0,15.0,14.0
658,7.0,3.0,7.0,11.0
659,4.0,5.0,6.0,8.0
660,4.0,4.0,7.0,7.0
661,4.0,3.0,3.0,9.0
662,4.0,4.0,11.0,8.0
663,5.0,4.0,4.0,8.0
664,4.0,2.0,6.0,9.0
665,4.0,2.0,3.0,8.0
666,6.0,3.0,6.0,8.0
667,8.0,3.0,6.0,11.0
668,7.0,4.0,10.0,10.0
669,8.0,2.0,12.0,10.0
670,5.0,3.0,13.0,11.0
671,5.0,2.0,8.0,11.0
672,7.0,3.0,6.0,8.0
673,5.0,4.0,9.0,8.0
674,6.0,2.0,5.0,9.0
675,7.0,2.0,7.0,9.0
676,5.0,2.0,3.0,8.0
677,7.0,2.0,13.0,12.0
678,6.0,4.0,13.0,12.0
679,2.0,2.0,3.0,7.0
680,7.0,4.0,12.0,11.0
681,7.0,3.0,13.0,11.0
682,7.0,2.0,14.0,12.0
683,6.0,2.0,6.0,12.0
684,6.0,5.0,13.0,11.0
685,4.0,2.0,4.0,8.0
686,5.0,3.0,5.0,9.0
687,5.0,3.0,11.0,10.0
688,6.0,3.0,7.0,10.0
689,8.0,4.0,13.0,14.0
690,5.0,2.0,6.0,8.0
691,4.0,4.0,4.0,7.0
692,7.0,3.0,12.0,12.0
693,7.0,3.0,7.0,11.0
694,5.0,4.0,10.0,8.0
695,8.0,4.0,13.0,14.0
696,11.0,2.0,13.0,13.0
697,8.0,2.0,13.0,14.0
698,10.0,4.0,11.0,11.0
699,8.0,4.0,12.0,12.0
700,6.0,2.0,13.0,14.0
701,3.0,2.0,2.0,6.0
702,5.0,1.0,5.0,10.0
703,5.0,5.0,11.0,11.0
704,5.0,5.0,6.0,8.0
705,8.0,5.0,10.0,10.0
706,10.0,2.0,13.0,13.0
707,6.0,4.0,6.0,10.0
708,5.0,4.0,11.0,9.0
709,6.0,3.0,13.0,14.0
710,5.0,3.0,3.0,9.0
711,4.0,2.0,2.0,8.0
712,5.0,2.0,4.0,9.0
713,5.0,4.0,8.0,10.0
714,6.0,2.0,13.0,10.0
715,4.0,3.0,3.0,6.0
716,9.0,3.0,12.0,13.0
717,10.0,4.0,15.0,18.0
718,7.0,2.0,13.0,13.0
719,9.0,2.0,14.0,13.0
720,8.0,4.0,14.0,15.0
721,6.0,2.0,12.0,9.0
722,5.0,2.0,3.0,8.0
723,7.0,2.0,11.0,11.0
724,6.0,4.0,7.0,9.0
725,5.0,3.0,4.0,8.0
726,7.0,3.0,13.0,14.0
727,5.0,4.0,11.0,12.0
728,8.0,2.0,13.0,13.0
729,10.0,2.0,14.0,14.0
730,6.0,4.0,9.0,10.0
731,6.0,5.0,8.0,10.0
732,7.0,4.0,6.0,9.0
733,7.0,3.0,10.0,10.0
734,7.0,4.0,6.0,10.0
735,6.0,2.0,5.0,9.0
736,7.0,3.0,11.0,11.0
737,5.0,4.0,12.0,11.0
738,6.0,3.0,13.0,11.0
739,8.0,2.0,12.0,11.0
740,9.0,3.0,13.0,13.0
741,7.0,4.0,9.0,12.0
742,7.0,3.0,13.0,11.0
743,7.0,2.0,5.0,9.0
744,7.0,3.0,5.0,9.0
745,4.0,2.0,9.0,7.0
746,5.0,3.0,5.0,9.0
747,6.0,4.0,6.0,10.0
748,4.0,3.0,2.0,7.0
749,8.0,3.0,13.0,10.0
750,7.0,4.0,9.0,10.0
751,4.0,3.0,13.0,11.0
752,7.0,2.0,8.0,9.0
753,4.0,3.0,6.0,7.0
754,6.0,3.0,5.0,11.0
755,4.0,2.0,2.0,6.0
756,8.0,3.0,14.0,14.0
757,9.0,4.0,15.0,12.0
758,11.0,4.0,13.0,15.0
759,7.0,2.0,10.0,10.0
760,5.0,3.0,6.0,9.0
761,10.0,4.0,13.0,14.0
762,8.0,4.0,14.0,10.0
763,10.0,2.0,14.0,13.0
764,7.0,2.0,11.0,12.0
765,5.0,1.0,7.0,11.0
766,5.0,2.0,5.0,8.0
767,8.0,2.0,13.0,12.0
768,6.0,3.0,6.0,11.0
769,4.0,2.0,2.0,7.0
770,4.0,5.0,6.0,7.0
771,8.0,2.0,13.0,13.0
772,9.0,3.0,13.0,13.0
773,4.0,3.0,2.0,7.0
774,6.0,4.0,10.0,9.0
775,6.0,2.0,4.0,9.0
776,5.0,3.0,5.0,8.0
777,6.0,3.0,9.0,9.0
778,6.0,2.0,6.0,8.0
779,8.0,4.0,12.0,11.0
780,4.0,2.0,6.0,8.0
781,3.0,2.0,2.0,8.0
782,4.0,4.0,5.0,8.0
783,9.0,2.0,14.0,13.0
784,6.0,3.0,5.0,11.0
785,6.0,4.0,6.0,10.0
786,4.0,4.0,4.0,9.0
787,9.0,2.0,9.0,13.0
788,4.0,2.0,4.0,9.0
789,7.0,4.0,12.0,12.0
790,9.0,4.0,8.0,12.0
791,5.0,2.0,10.0,8.0
792,5.0,4.0,10.0,9.0
793,2.0,3.0,2.0,7.0
794,5.0,4.0,6.0,10.0
795,6.0,2.0,9.0,11.0
796,7.0,5.0,13.0,12.0
797,7.0,3.0,11.0,12.0
798,8.0,2.0,7.0,12.0
799,4.0,3.0,2.0,8.0
800,12.0,4.0,15.0,16.0
801,4.0,4.0,8.0,9.0
802,5.0,3.0,5.0,9.0
803,5.0,5.0,3.0,7.0
804,8.0,2.0,13.0,12.0
805,5.0,4.0,5.0,8.0
806,5.0,3.0,4.0,8.0
807,8.0,3.0,11.0,12.0
808,7.0,4.0,11.0,9.0
809,8.0,2.0,12.0,12.0
810,7.0,2.0,9.0,12.0
811,4.0,5.0,1.0,7.0
812,5.0,3.0,9.0,9.0
813,9.0,5.0,12.0,10.0
814,6.0,2.0,6.0,10.0
815,6.0,3.0,4.0,8.0
816,8.0,2.0,12.0,11.0
817,5.0,4.0,5.0,11.0
818,7.0,3.0,13.0,10.0
819,8.0,4.0,12.0,13.0
820,5.0,5.0,8.0,9.0
821,7.0,3.0,11.0,12.0
822,5.0,2.0,6.0,8.0
823,5.0,4.0,4.0,7.0
824,8.0,3.0,13.0,14.0
825,8.0,2.0,8.0,11.0
826,7.0,4.0,13.0,11.0
827,8.0,2.0,11.0,12.0
828,6.0,3.0,5.0,9.0
829,5.0,3.0,6.0,7.0
830,8.0,3.0,13.0,14.0
831,6.0,2.0,13.0,9.0
832,7.0,3.0,6.0,10.0
833,7.0,3.0,11.0,11.0
834,7.0,3.0,7.0,11.0
835,3.0,3.0,2.0,8.0
836,4.0,2.0,6.0,10.0
837,5.0,4.0,4.0,8.0
838,8.0,2.0,14.0,13.0
839,8.0,2.0,5.0,10.0
840,4.0,3.0,4.0,8.0
841,1.0,3.0,2.0,7.0
842,4.0,3.0,2.0,6.0
843,6.0,3.0,6.0,10.0
844,4.0,2.0,4.0,7.0
845,6.0,3.0,9.0,9.0
846,5.0,3.0,6.0,9.0
847,6.0,2.0,8.0,12.0
848,8.0,4.0,13.0,15.0
849,8.0,4.0,11.0,10.0
850,8.0,5.0,13.0,13.0
851,10.0,2.0,15.0,15.0
852,7.0,4.0,12.0,10.0
853,6.0,5.0,6.0,10.0
854,11.0,4.0,13.0,15.0
855,6.0,4.0,7.0,9.0
856,9.0,2.0,14.0,14.0
857,2.0,2.0,4.0,6.0
858,7.0,3.0,14.0,14.0
859,9.0,2.0,12.0,15.0
860,2.0,4.0,1.0,8.0
861,4.0,2.0,6.0,7.0
862,4.0,2.0,5.0,10.0
863,7.0,3.0,8.0,10.0
864,5.0,2.0,5.0,8.0
865,5.0,2.0,12.0,9.0
866,5.0,2.0,12.0,10.0
867,5.0,2.0,10.0,11.0
868,5.0,2.0,5.0,7.0
869,6.0,4.0,9.0,10.0
870,5.0,4.0,3.0,8.0
871,8.0,5.0,12.0,12.0
872,5.0,4.0,12.0,10.0
873,8.0,4.0,11.0,10.0
874,5.0,3.0,6.0,12.0
875,7.0,2.0,9.0,9.0
876,7.0,4.0,10.0,11.0
877,4.0,4.0,3.0,7.0
878,6.0,3.0,13.0,11.0
879,6.0,2.0,6.0,10.0
880,8.0,4.0,11.0,10.0
881,5.0,5.0,7.0,9.0
882,7.0,4.0,9.0,11.0
883,5.0,2.0,11.0,8.0
884,8.0,2.0,12.0,11.0
885,10.0,2.0,14.0,14.0
886,3.0,3.0,1.0,7.0
887,8.0,5.0,13.0,13.0
888,8.0,1.0,13.0,12.0
889,3.0,3.0,2.0,6.0
890,5.0,2.0,12.0,8.0
891,6.0,3.0,7.0,10.0
892,7.0,2.0,13.0,11.0
893,6.0,4.0,6.0,10.0
894,7.0,3.0,5.0,9.0
895,5.0,2.0,11.0,10.0
896,10.0,2.0,13.0,14.0
897,5.0,5.0,6.0,9.0
898,8.0,2.0,15.0,13.0
899,7.0,2.0,9.0,10.0
900,8.0,2.0,9.0,12.0
901,4.0,3.0,4.0,7.0
902,7.0,4.0,13.0,10.0
903,9.0,3.0,13.0,12.0
904,8.0,3.0,15.0,14.0
905,8.0,4.0,9.0,12.0
906,7.0,3.0,11.0,13.0
907,7.0,2.0,9.0,9.0
908,5.0,1.0,5.0,8.0
909,6.0,4.0,9.0,9.0
910,6.0,3.0,11.0,11.0
911,9.0,4.0,13.0,16.0
912,5.0,2.0,7.0,9.0
913,8.0,4.0,10.0,13.0
914,8.0,2.0,9.0,12.0
915,4.0,2.0,10.0,8.0
916,5.0,5.0,6.0,9.0
917,5.0,3.0,9.0,11.0
918,2.0,4.0,5.0,6.0
919,6.0,3.0,11.0,12.0
920,10.0,4.0,15.0,15.0
921,4.0,2.0,9.0,8.0
922,4.0,4.0,5.0,8.0
923,7.0,4.0,5.0,10.0
924,10.0,1.0,15.0,16.0
925,8.0,4.0,16.0,13.0
926,6.0,2.0,10.0,11.0
927,5.0,0.0,4.0,8.0
928,8.0,4.0,14.0,16.0
929,6.0,4.0,10.0,10.0
930,6.0,2.0,7.0,9.0
931,9.0,3.0,13.0,12.0
932,5.0,3.0,2.0,8.0
933,6.0,2.0,11.0,10.0
934,7.0,4.0,14.0,11.0
935,6.0,4.0,10.0,9.0
936,8.0,3.0,9.0,13.0
937,7.0,4.0,8.0,10.0
938,5.0,2.0,6.0,7.0
939,5.0,2.0,5.0,9.0
940,5.0,2.0,12.0,10.0
941,4.0,4.0,6.0,6.0
942,8.0,3.0,11.0,10.0
943,4.0,2.0,2.0,8.0
944,7.0,4.0,12.0,10.0
945,7.0,2.0,12.0,12.0
946,6.0,3.0,12.0,9.0
947,2.0,4.0,1.0,7.0
948,5.0,3.0,7.0,9.0
949,5.0,4.0,10.0,13.0
950,7.0,3.0,9.0,12.0
951,4.0,3.0,4.0,9.0
952,9.0,1.0,14.0,12.0
953,7.0,3.0,9.0,11.0
954,3.0,5.0,3.0,8.0
955,10.0,2.0,12.0,14.0
956,9.0,3.0,13.0,13.0
957,7.0,4.0,13.0,13.0
958,6.0,4.0,6.0,10.0
959,5.0,3.0,3.0,8.0
960,8.0,3.0,14.0,14.0
961,9.0,3.0,13.0,15.0
962,7.0,2.0,11.0,10.0
963,4.0,3.0,3.0,6.0
964,5.0,2.0,14.0,13.0
965,9.0,2.0,15.0,14.0
966,8.0,3.0,15.0,13.0
967,6.0,4.0,13.0,14.0
968,11.0,2.0,15.0,19.0
969,7.0,5.0,6.0,10.0
970,6.0,3.0,14.0,14.0
971,8.0,4.0,15.0,13.0
972,6.0,3.0,7.0,10.0
973,6.0,3.0,14.0,12.0
974,5.0,2.0,6.0,8.0
975,4.0,4.0,5.0,9.0
976,7.0,3.0,9.0,13.0
977,8.0,2.0,13.0,12.0
978,5.0,2.0,5.0,8.0
979,5.0,3.0,4.0,8.0
980,4.0,2.0,6.0,9.0
981,8.0,3.0,6.0,9.0
982,4.0,4.0,5.0,7.0
983,8.0,3.0,14.0,13.0
984,4.0,4.0,2.0,7.0
985,5.0,3.0,4.0,9.0
986,9.0,3.0,9.0,10.0
987,5.0,2.0,8.0,8.0
988,8.0,4.0,10.0,11.0
989,8.0,2.0,13.0,12.0
990,6.0,3.0,9.0,10.0
991,7.0,4.0,12.0,13.0
992,8.0,2.0,12.0,10.0
993,7.0,4.0,7.0,11.0
994,8.0,3.0,13.0,11.0
995,5.0,5.0,5.0,7.0
996,9.0,2.0,13.0,13.0
997,8.0,2.0,13.0,13.0
998,5.0,3.0,11.0,8.0
999,5.0,3.0,1.0,7.0
1000,8.0,4.0,8.0,11.0
1001,8.0,5.0,13.0,13.0
1002,6.0,3.0,13.0,9.0
1003,6.0,3.0,12.0,11.0
1004,4.0,4.0,3.0,6.0
1005,7.0,2.0,13.0,13.0
1006,5.0,3.0,5.0,9.0
1007,7.0,4.0,12.0,9.0
1008,7.0,3.0,9.0,11.0
1009,7.0,3.0,12.0,12.0
1010,7.0,4.0,11.0,11.0
1011,6.0,2.0,5.0,8.0
1012,7.0,5.0,8.0,11.0
1013,4.0,3.0,3.0,7.0
1014,14.0,4.0,15.0,17.0
1015,7.0,3.0,13.0,11.0
1016,4.0,4.0,4.0,8.0
1017,8.0,4.0,15.0,12.0
1018,4.0,3.0,5.0,7.0
1019,6.0,4.0,6.0,9.0
1020,6.0,1.0,7.0,8.0
1021,7.0,2.0,14.0,12.0
1022,9.0,2.0,15.0,15.0
1023,3.0,3.0,2.0,6.0
