,55,65,75,85,95,105
0,52.0,104.0,164.0,296.0,466.0,1541.0
1,51.0,96.0,130.0,198.0,258.0,327.0
2,58.0,106.0,139.0,225.0,313.0,440.0
3,63.0,116.0,242.0,431.0,557.0,1792.0
4,35.0,97.0,120.0,179.0,379.0,470.0
5,61.0,104.0,134.0,268.0,390.0,433.0
6,87.0,124.0,221.0,360.0,548.0,1483.0
7,85.0,121.0,1580.0,1586.0,568.0,637.0
8,75.0,116.0,217.0,382.0,518.0,1608.0
9,70.0,112.0,203.0,903.0,1628.0,1540.0
10,41.0,90.0,119.0,151.0,216.0,276.0
11,50.0,102.0,127.0,220.0,724.0,886.0
12,69.0,106.0,137.0,237.0,303.0,370.0
13,18.0,66.0,102.0,128.0,178.0,258.0
14,76.0,119.0,240.0,409.0,497.0,1532.0
15,61.0,111.0,212.0,319.0,433.0,553.0
16,89.0,125.0,183.0,300.0,426.0,501.0
17,18.0,70.0,105.0,127.0,243.0,369.0
18,76.0,108.0,146.0,238.0,323.0,434.0
19,65.0,114.0,174.0,305.0,489.0,714.0
20,80.0,118.0,208.0,291.0,368.0,512.0
21,67.0,106.0,138.0,220.0,297.0,371.0
22,55.0,107.0,135.0,214.0,305.0,434.0
23,85.0,122.0,173.0,248.0,543.0,760.0
24,87.0,115.0,218.0,812.0,553.0,594.0
25,58.0,92.0,117.0,144.0,222.0,273.0
26,69.0,105.0,132.0,215.0,291.0,572.0
27,51.0,80.0,109.0,146.0,253.0,1555.0
28,62.0,108.0,146.0,277.0,464.0,578.0
29,71.0,109.0,179.0,289.0,1502.0,1672.0
30,89.0,127.0,347.0,456.0,546.0,600.0
31,46.0,84.0,112.0,165.0,248.0,308.0
32,60.0,97.0,127.0,198.0,289.0,354.0
33,65.0,108.0,142.0,251.0,334.0,434.0
34,21.0,72.0,110.0,190.0,345.0,452.0
35,60.0,113.0,175.0,1501.0,1563.0,1484.0
36,31.0,93.0,126.0,192.0,278.0,400.0
37,82.0,120.0,197.0,353.0,434.0,523.0
38,17.0,50.0,87.0,118.0,188.0,270.0
39,74.0,112.0,172.0,289.0,370.0,539.0
40,52.0,85.0,115.0,155.0,251.0,331.0
41,60.0,101.0,175.0,299.0,571.0,578.0
42,77.0,120.0,231.0,383.0,484.0,537.0
43,51.0,81.0,111.0,142.0,1565.0,1457.0
44,65.0,113.0,174.0,381.0,478.0,1619.0
45,89.0,123.0,208.0,1434.0,1531.0,1607.0
46,69.0,105.0,133.0,240.0,368.0,421.0
47,22.0,75.0,113.0,157.0,260.0,338.0
48,76.0,116.0,169.0,247.0,326.0,445.0
49,17.0,52.0,95.0,126.0,290.0,410.0
50,36.0,84.0,129.0,316.0,1647.0,1670.0
51,67.0,103.0,137.0,266.0,1089.0,1039.0
52,55.0,102.0,127.0,196.0,276.0,415.0
53,58.0,103.0,154.0,265.0,500.0,564.0
54,60.0,104.0,134.0,214.0,1489.0,551.0
55,67.0,109.0,154.0,287.0,1715.0,671.0
56,81.0,120.0,212.0,318.0,483.0,568.0
57,62.0,108.0,137.0,222.0,333.0,953.0
58,83.0,120.0,235.0,398.0,1154.0,769.0
59,65.0,106.0,140.0,245.0,1507.0,544.0
60,64.0,107.0,152.0,242.0,331.0,440.0
61,47.0,82.0,115.0,146.0,241.0,1621.0
62,60.0,99.0,125.0,211.0,360.0,408.0
63,71.0,112.0,147.0,226.0,1608.0,1554.0
64,74.0,110.0,211.0,853.0,819.0,940.0
65,74.0,115.0,251.0,373.0,543.0,1585.0
66,58.0,99.0,129.0,211.0,289.0,721.0
67,71.0,113.0,178.0,303.0,641.0,1632.0
68,74.0,120.0,187.0,293.0,1483.0,1607.0
69,68.0,110.0,185.0,292.0,422.0,552.0
70,57.0,102.0,130.0,186.0,274.0,329.0
71,59.0,97.0,125.0,212.0,876.0,969.0
72,55.0,104.0,152.0,263.0,349.0,451.0
73,38.0,91.0,116.0,142.0,248.0,359.0
74,44.0,88.0,113.0,179.0,445.0,553.0
75,80.0,112.0,147.0,278.0,330.0,1583.0
76,56.0,87.0,115.0,225.0,388.0,543.0
77,22.0,76.0,106.0,140.0,220.0,294.0
78,17.0,55.0,101.0,131.0,226.0,308.0
79,90.0,119.0,294.0,545.0,583.0,656.0
80,55.0,102.0,127.0,201.0,434.0,536.0
81,76.0,119.0,235.0,467.0,1610.0,1576.0
82,56.0,93.0,139.0,1545.0,549.0,601.0
83,75.0,113.0,141.0,274.0,392.0,477.0
84,72.0,111.0,239.0,599.0,608.0,1623.0
85,95.0,145.0,696.0,536.0,1553.0,1786.0
86,24.0,64.0,110.0,143.0,272.0,373.0
87,65.0,109.0,197.0,925.0,860.0,961.0
88,79.0,119.0,278.0,606.0,1539.0,1546.0
89,58.0,96.0,135.0,224.0,290.0,351.0
90,70.0,109.0,173.0,284.0,476.0,513.0
91,49.0,82.0,123.0,211.0,565.0,1890.0
92,34.0,82.0,111.0,165.0,269.0,388.0
93,46.0,84.0,114.0,154.0,254.0,353.0
94,66.0,108.0,175.0,279.0,541.0,608.0
95,37.0,91.0,119.0,230.0,349.0,480.0
96,50.0,99.0,127.0,210.0,287.0,389.0
97,24.0,85.0,118.0,183.0,1000.0,1469.0
98,46.0,79.0,109.0,148.0,240.0,503.0
99,21.0,67.0,103.0,130.0,309.0,408.0
100,61.0,100.0,134.0,219.0,288.0,392.0
101,89.0,169.0,403.0,518.0,1522.0,1548.0
102,64.0,107.0,160.0,260.0,342.0,435.0
103,20.0,71.0,106.0,131.0,229.0,304.0
104,69.0,121.0,221.0,325.0,572.0,1564.0
105,19.0,67.0,103.0,121.0,201.0,257.0
106,78.0,122.0,175.0,355.0,467.0,568.0
107,96.0,152.0,792.0,982.0,1500.0,1867.0
108,101.0,176.0,298.0,596.0,1594.0,1596.0
109,107.0,179.0,376.0,458.0,525.0,1541.0
110,18.0,93.0,122.0,197.0,292.0,744.0
111,52.0,95.0,124.0,199.0,291.0,448.0
112,91.0,132.0,247.0,484.0,558.0,655.0
113,38.0,87.0,120.0,205.0,325.0,447.0
114,35.0,97.0,121.0,154.0,243.0,309.0
115,18.0,70.0,103.0,130.0,297.0,393.0
116,61.0,103.0,148.0,319.0,568.0,1530.0
117,27.0,79.0,105.0,134.0,1553.0,1244.0
118,78.0,114.0,201.0,412.0,446.0,533.0
119,53.0,99.0,160.0,279.0,498.0,543.0
120,19.0,53.0,97.0,131.0,363.0,475.0
121,49.0,91.0,115.0,224.0,402.0,460.0
122,15.0,36.0,93.0,119.0,162.0,246.0
123,50.0,93.0,121.0,211.0,312.0,453.0
124,66.0,105.0,136.0,264.0,1483.0,506.0
125,30.0,83.0,113.0,162.0,244.0,299.0
126,94.0,132.0,248.0,550.0,1486.0,1526.0
127,44.0,98.0,137.0,236.0,515.0,595.0
128,19.0,55.0,91.0,112.0,140.0,210.0
129,59.0,105.0,141.0,230.0,1516.0,1038.0
130,68.0,112.0,157.0,255.0,377.0,432.0
131,45.0,86.0,111.0,145.0,262.0,361.0
132,79.0,114.0,165.0,282.0,399.0,453.0
133,78.0,113.0,249.0,341.0,938.0,1016.0
134,89.0,134.0,231.0,565.0,601.0,1611.0
135,40.0,89.0,121.0,186.0,281.0,392.0
136,23.0,83.0,117.0,145.0,243.0,355.0
137,67.0,110.0,169.0,267.0,342.0,430.0
138,63.0,108.0,143.0,219.0,292.0,354.0
139,76.0,117.0,158.0,255.0,317.0,570.0
140,86.0,130.0,288.0,567.0,616.0,1132.0
141,34.0,93.0,121.0,204.0,1744.0,839.0
142,50.0,98.0,157.0,292.0,422.0,1422.0
143,101.0,139.0,251.0,1549.0,1630.0,623.0
144,58.0,104.0,135.0,244.0,374.0,459.0
145,80.0,117.0,186.0,288.0,410.0,499.0
146,57.0,95.0,114.0,306.0,1257.0,1539.0
147,64.0,100.0,157.0,253.0,399.0,436.0
148,71.0,107.0,133.0,201.0,296.0,434.0
149,71.0,119.0,261.0,374.0,1513.0,1532.0
150,52.0,94.0,119.0,208.0,587.0,444.0
151,36.0,80.0,112.0,162.0,259.0,561.0
152,51.0,85.0,114.0,168.0,275.0,524.0
153,25.0,60.0,97.0,132.0,196.0,287.0
154,21.0,69.0,99.0,120.0,194.0,350.0
155,40.0,88.0,109.0,163.0,437.0,863.0
156,63.0,99.0,137.0,218.0,288.0,795.0
157,66.0,108.0,150.0,238.0,407.0,461.0
158,63.0,109.0,198.0,295.0,1629.0,637.0
159,23.0,74.0,105.0,130.0,191.0,263.0
160,24.0,79.0,114.0,143.0,232.0,321.0
161,79.0,116.0,174.0,270.0,625.0,688.0
162,53.0,98.0,125.0,182.0,264.0,379.0
163,66.0,111.0,186.0,1547.0,479.0,533.0
164,41.0,90.0,110.0,196.0,289.0,582.0
165,37.0,89.0,115.0,178.0,299.0,344.0
166,115.0,147.0,235.0,1337.0,1448.0,613.0
167,50.0,89.0,120.0,225.0,313.0,445.0
168,102.0,136.0,249.0,1323.0,518.0,566.0
169,39.0,86.0,114.0,180.0,268.0,563.0
170,56.0,96.0,124.0,210.0,286.0,385.0
171,38.0,94.0,122.0,155.0,216.0,282.0
172,18.0,62.0,100.0,119.0,144.0,213.0
173,59.0,107.0,183.0,310.0,495.0,585.0
174,18.0,43.0,99.0,122.0,219.0,334.0
175,51.0,94.0,119.0,189.0,428.0,1169.0
176,83.0,119.0,203.0,1541.0,1543.0,1542.0
177,86.0,122.0,203.0,404.0,531.0,554.0
178,66.0,114.0,182.0,396.0,468.0,573.0
179,69.0,120.0,212.0,1519.0,584.0,636.0
180,38.0,84.0,116.0,212.0,330.0,421.0
181,49.0,106.0,139.0,254.0,523.0,628.0
182,83.0,125.0,189.0,246.0,434.0,892.0
183,87.0,123.0,241.0,398.0,481.0,539.0
184,41.0,96.0,123.0,189.0,287.0,364.0
185,103.0,143.0,279.0,628.0,647.0,1749.0
186,76.0,111.0,188.0,570.0,611.0,1608.0
187,44.0,79.0,104.0,130.0,202.0,269.0
188,95.0,139.0,286.0,434.0,528.0,1606.0
189,64.0,100.0,135.0,224.0,320.0,486.0
190,86.0,123.0,257.0,1275.0,685.0,1575.0
191,59.0,103.0,194.0,362.0,595.0,1461.0
192,49.0,90.0,116.0,157.0,262.0,369.0
193,18.0,65.0,102.0,123.0,157.0,238.0
194,56.0,91.0,122.0,193.0,1499.0,495.0
195,24.0,84.0,119.0,210.0,366.0,446.0
196,90.0,124.0,282.0,502.0,1607.0,1716.0
197,22.0,83.0,120.0,149.0,237.0,330.0
198,63.0,109.0,144.0,289.0,1586.0,1574.0
199,82.0,125.0,205.0,366.0,522.0,1535.0
200,74.0,109.0,131.0,211.0,273.0,513.0
201,80.0,118.0,163.0,285.0,435.0,516.0
202,71.0,115.0,155.0,271.0,919.0,1562.0
203,60.0,99.0,137.0,245.0,335.0,484.0
204,52.0,92.0,122.0,236.0,1612.0,603.0
205,78.0,120.0,1552.0,1557.0,1545.0,719.0
206,54.0,102.0,131.0,218.0,508.0,1694.0
207,55.0,92.0,121.0,202.0,1664.0,1568.0
208,26.0,91.0,121.0,166.0,242.0,334.0
209,43.0,83.0,115.0,182.0,326.0,806.0
210,59.0,97.0,128.0,188.0,255.0,316.0
211,62.0,107.0,178.0,290.0,1716.0,1705.0
212,50.0,99.0,133.0,240.0,380.0,1488.0
213,61.0,111.0,168.0,295.0,758.0,862.0
214,32.0,93.0,116.0,192.0,278.0,385.0
215,64.0,110.0,178.0,244.0,329.0,566.0
216,86.0,124.0,228.0,324.0,476.0,486.0
217,73.0,114.0,153.0,257.0,336.0,1501.0
218,19.0,70.0,105.0,128.0,165.0,234.0
219,79.0,113.0,198.0,1613.0,1627.0,1489.0
220,68.0,104.0,137.0,242.0,302.0,408.0
221,61.0,109.0,186.0,312.0,1657.0,628.0
222,89.0,121.0,246.0,405.0,553.0,1610.0
223,72.0,102.0,141.0,267.0,391.0,613.0
224,27.0,78.0,107.0,130.0,206.0,283.0
225,53.0,107.0,143.0,225.0,357.0,429.0
226,59.0,109.0,151.0,265.0,540.0,606.0
227,72.0,103.0,136.0,244.0,327.0,515.0
228,70.0,108.0,185.0,349.0,534.0,585.0
229,46.0,88.0,121.0,193.0,323.0,533.0
230,52.0,97.0,142.0,275.0,415.0,1534.0
231,71.0,107.0,137.0,228.0,315.0,423.0
232,49.0,100.0,126.0,202.0,292.0,1665.0
233,17.0,53.0,98.0,120.0,178.0,251.0
234,73.0,119.0,275.0,1696.0,1489.0,1530.0
235,54.0,98.0,133.0,210.0,288.0,1030.0
236,21.0,60.0,99.0,124.0,199.0,293.0
237,78.0,122.0,179.0,272.0,1472.0,1632.0
238,50.0,97.0,128.0,208.0,284.0,1481.0
239,58.0,116.0,198.0,872.0,950.0,1778.0
240,46.0,97.0,115.0,200.0,280.0,369.0
241,20.0,57.0,98.0,124.0,158.0,228.0
242,31.0,71.0,102.0,127.0,177.0,256.0
243,60.0,108.0,133.0,210.0,293.0,565.0
244,68.0,114.0,149.0,250.0,317.0,465.0
245,44.0,92.0,119.0,224.0,388.0,1618.0
246,50.0,93.0,120.0,191.0,281.0,504.0
247,62.0,101.0,136.0,226.0,315.0,414.0
248,83.0,126.0,194.0,284.0,390.0,448.0
249,42.0,88.0,116.0,281.0,383.0,479.0
250,69.0,112.0,200.0,290.0,423.0,517.0
251,37.0,82.0,116.0,139.0,230.0,312.0
252,25.0,87.0,121.0,204.0,496.0,891.0
253,88.0,120.0,169.0,560.0,697.0,556.0
254,42.0,86.0,117.0,211.0,321.0,418.0
255,63.0,104.0,161.0,287.0,552.0,581.0
256,64.0,103.0,131.0,198.0,294.0,362.0
257,53.0,103.0,128.0,219.0,337.0,392.0
258,64.0,101.0,124.0,179.0,259.0,461.0
259,73.0,109.0,140.0,226.0,317.0,560.0
260,22.0,66.0,101.0,122.0,221.0,497.0
261,20.0,71.0,106.0,127.0,187.0,240.0
262,67.0,99.0,128.0,221.0,342.0,616.0
263,80.0,116.0,150.0,310.0,390.0,499.0
264,71.0,109.0,168.0,324.0,425.0,489.0
265,28.0,92.0,122.0,205.0,305.0,442.0
266,95.0,136.0,247.0,957.0,527.0,581.0
267,49.0,89.0,115.0,164.0,277.0,542.0
268,23.0,85.0,117.0,171.0,258.0,544.0
269,20.0,68.0,102.0,148.0,289.0,1266.0
270,51.0,86.0,125.0,244.0,328.0,494.0
271,89.0,125.0,174.0,937.0,573.0,550.0
272,62.0,108.0,131.0,221.0,1498.0,1549.0
273,67.0,110.0,146.0,1338.0,573.0,588.0
274,68.0,112.0,141.0,237.0,564.0,782.0
275,77.0,118.0,189.0,281.0,860.0,1427.0
276,25.0,77.0,118.0,186.0,263.0,1236.0
277,78.0,111.0,153.0,984.0,1903.0,1463.0
278,23.0,71.0,105.0,140.0,210.0,267.0
279,71.0,109.0,146.0,244.0,655.0,648.0
280,81.0,118.0,158.0,257.0,1483.0,433.0
281,18.0,82.0,112.0,187.0,283.0,418.0
282,78.0,112.0,179.0,322.0,386.0,547.0
283,60.0,103.0,143.0,263.0,342.0,484.0
284,57.0,98.0,127.0,202.0,279.0,835.0
285,19.0,75.0,109.0,139.0,425.0,473.0
286,90.0,124.0,256.0,896.0,2060.0,1927.0
287,51.0,90.0,117.0,170.0,244.0,314.0
288,99.0,139.0,1493.0,1536.0,1469.0,1614.0
289,73.0,115.0,252.0,439.0,1547.0,1499.0
290,68.0,107.0,156.0,282.0,949.0,530.0
291,55.0,109.0,178.0,294.0,426.0,1012.0
292,88.0,117.0,218.0,1066.0,1480.0,660.0
293,57.0,102.0,136.0,247.0,509.0,1337.0
294,49.0,95.0,234.0,1530.0,1622.0,1587.0
295,79.0,118.0,228.0,355.0,1668.0,1606.0
296,52.0,102.0,135.0,276.0,432.0,981.0
297,57.0,102.0,132.0,196.0,252.0,321.0
298,49.0,100.0,120.0,163.0,238.0,413.0
299,56.0,100.0,124.0,231.0,362.0,498.0
300,66.0,109.0,132.0,231.0,1271.0,904.0
301,52.0,97.0,123.0,191.0,255.0,337.0
302,88.0,124.0,238.0,345.0,1786.0,1595.0
303,83.0,126.0,181.0,255.0,327.0,403.0
304,117.0,171.0,294.0,1710.0,605.0,1613.0
305,80.0,118.0,169.0,284.0,501.0,545.0
306,22.0,71.0,105.0,129.0,218.0,288.0
307,36.0,91.0,128.0,193.0,269.0,353.0
308,70.0,112.0,143.0,239.0,325.0,979.0
309,76.0,110.0,157.0,250.0,326.0,583.0
310,97.0,159.0,371.0,445.0,731.0,1439.0
311,89.0,119.0,208.0,428.0,534.0,625.0
312,31.0,74.0,109.0,137.0,244.0,483.0
313,28.0,80.0,112.0,160.0,316.0,454.0
314,72.0,117.0,168.0,267.0,1354.0,1356.0
315,90.0,130.0,580.0,1657.0,1476.0,1564.0
316,26.0,77.0,107.0,150.0,258.0,1447.0
317,42.0,88.0,115.0,163.0,236.0,311.0
318,84.0,124.0,211.0,382.0,490.0,572.0
319,58.0,98.0,130.0,250.0,399.0,566.0
320,97.0,142.0,291.0,1539.0,1532.0,1520.0
321,53.0,103.0,140.0,265.0,421.0,767.0
322,83.0,114.0,152.0,255.0,333.0,572.0
323,43.0,84.0,119.0,187.0,277.0,416.0
324,49.0,86.0,113.0,191.0,1145.0,1634.0
325,84.0,123.0,178.0,260.0,384.0,449.0
326,15.0,21.0,68.0,97.0,122.0,182.0
327,104.0,252.0,729.0,1576.0,1758.0,1601.0
328,56.0,101.0,132.0,231.0,357.0,433.0
329,29.0,88.0,115.0,185.0,450.0,582.0
330,71.0,117.0,196.0,300.0,826.0,1044.0
331,26.0,73.0,121.0,321.0,610.0,1533.0
332,54.0,100.0,133.0,229.0,331.0,506.0
333,88.0,120.0,216.0,313.0,485.0,553.0
334,50.0,89.0,130.0,242.0,505.0,511.0
335,70.0,104.0,199.0,920.0,871.0,1046.0
336,43.0,89.0,115.0,182.0,347.0,400.0
337,36.0,94.0,125.0,201.0,288.0,1806.0
338,44.0,93.0,128.0,255.0,381.0,434.0
339,80.0,115.0,167.0,357.0,511.0,590.0
340,69.0,105.0,185.0,310.0,407.0,469.0
341,83.0,122.0,197.0,294.0,389.0,447.0
342,82.0,113.0,231.0,357.0,1588.0,1614.0
343,62.0,106.0,174.0,331.0,427.0,1612.0
344,49.0,92.0,130.0,279.0,781.0,1565.0
345,24.0,84.0,110.0,143.0,257.0,915.0
346,92.0,126.0,232.0,327.0,1528.0,1610.0
347,75.0,117.0,193.0,318.0,420.0,498.0
348,76.0,108.0,193.0,496.0,588.0,991.0
349,36.0,78.0,104.0,129.0,246.0,344.0
350,58.0,105.0,137.0,243.0,371.0,442.0
351,62.0,102.0,137.0,235.0,332.0,884.0
352,24.0,71.0,109.0,139.0,225.0,279.0
353,42.0,96.0,125.0,236.0,356.0,990.0
354,70.0,112.0,182.0,266.0,347.0,414.0
355,23.0,86.0,119.0,148.0,222.0,1244.0
356,74.0,113.0,240.0,364.0,472.0,1663.0
357,58.0,109.0,142.0,216.0,295.0,388.0
358,84.0,130.0,324.0,1472.0,1573.0,1600.0
359,54.0,104.0,147.0,274.0,364.0,475.0
360,48.0,97.0,120.0,195.0,487.0,539.0
361,64.0,98.0,164.0,582.0,578.0,1541.0
362,63.0,109.0,161.0,263.0,1612.0,1627.0
363,90.0,129.0,236.0,510.0,899.0,1515.0
364,102.0,199.0,701.0,593.0,1565.0,1604.0
365,49.0,83.0,114.0,166.0,276.0,1799.0
366,33.0,87.0,117.0,220.0,688.0,1080.0
367,63.0,101.0,133.0,211.0,296.0,419.0
368,78.0,120.0,213.0,1512.0,1546.0,1631.0
369,27.0,80.0,118.0,171.0,395.0,467.0
370,68.0,110.0,164.0,273.0,380.0,476.0
371,24.0,95.0,118.0,143.0,256.0,343.0
372,20.0,65.0,96.0,123.0,142.0,200.0
373,68.0,115.0,159.0,278.0,403.0,564.0
374,72.0,113.0,144.0,264.0,1566.0,498.0
375,87.0,122.0,222.0,433.0,474.0,534.0
376,58.0,104.0,150.0,287.0,1706.0,1458.0
377,84.0,122.0,195.0,538.0,568.0,1600.0
378,84.0,129.0,182.0,310.0,1611.0,695.0
379,70.0,107.0,176.0,257.0,355.0,565.0
380,49.0,95.0,126.0,265.0,386.0,445.0
381,23.0,82.0,121.0,201.0,1709.0,1677.0
382,55.0,94.0,120.0,238.0,536.0,609.0
383,59.0,106.0,135.0,222.0,315.0,424.0
384,48.0,98.0,133.0,209.0,289.0,404.0
385,109.0,177.0,291.0,430.0,635.0,1582.0
386,49.0,91.0,122.0,198.0,298.0,407.0
387,36.0,92.0,125.0,260.0,383.0,486.0
388,82.0,122.0,256.0,482.0,1511.0,1553.0
389,76.0,114.0,178.0,266.0,375.0,427.0
390,77.0,116.0,165.0,257.0,378.0,452.0
391,81.0,116.0,222.0,573.0,660.0,768.0
392,71.0,119.0,257.0,577.0,1708.0,1721.0
393,64.0,109.0,185.0,311.0,584.0,637.0
394,70.0,112.0,151.0,271.0,589.0,562.0
395,76.0,108.0,136.0,263.0,323.0,371.0
396,46.0,95.0,121.0,171.0,261.0,386.0
397,19.0,63.0,99.0,118.0,151.0,1498.0
398,83.0,118.0,206.0,310.0,590.0,1554.0
399,89.0,128.0,216.0,305.0,412.0,487.0
400,82.0,115.0,227.0,355.0,615.0,1521.0
401,97.0,136.0,266.0,349.0,449.0,529.0
402,56.0,98.0,128.0,382.0,454.0,530.0
403,16.0,66.0,98.0,132.0,206.0,298.0
404,24.0,74.0,105.0,131.0,174.0,246.0
405,25.0,83.0,111.0,194.0,324.0,392.0
406,29.0,95.0,131.0,244.0,512.0,635.0
407,81.0,114.0,212.0,313.0,563.0,1042.0
408,45.0,95.0,121.0,161.0,244.0,462.0
409,52.0,85.0,113.0,150.0,255.0,334.0
410,30.0,90.0,122.0,172.0,259.0,323.0
411,64.0,97.0,126.0,222.0,364.0,466.0
412,47.0,95.0,124.0,185.0,1505.0,1636.0
413,59.0,110.0,146.0,254.0,344.0,610.0
414,54.0,102.0,131.0,207.0,293.0,569.0
415,43.0,87.0,123.0,197.0,405.0,527.0
416,45.0,88.0,120.0,222.0,327.0,440.0
417,67.0,114.0,141.0,250.0,340.0,397.0
418,92.0,144.0,600.0,1562.0,1558.0,1576.0
419,67.0,117.0,172.0,266.0,337.0,1548.0
420,93.0,133.0,214.0,311.0,880.0,994.0
421,24.0,69.0,101.0,127.0,193.0,263.0
422,47.0,100.0,130.0,326.0,490.0,637.0
423,100.0,192.0,325.0,448.0,1007.0,1588.0
424,88.0,132.0,1266.0,879.0,603.0,1439.0
425,35.0,78.0,105.0,137.0,208.0,275.0
426,68.0,105.0,129.0,251.0,390.0,943.0
427,18.0,89.0,116.0,214.0,1057.0,562.0
428,35.0,92.0,115.0,152.0,243.0,394.0
429,56.0,98.0,129.0,245.0,469.0,512.0
430,93.0,140.0,1543.0,1569.0,1802.0,1556.0
431,25.0,92.0,117.0,190.0,328.0,412.0
432,87.0,124.0,236.0,568.0,1059.0,1088.0
433,82.0,118.0,230.0,1495.0,1767.0,1117.0
434,84.0,120.0,153.0,231.0,312.0,611.0
435,94.0,126.0,212.0,299.0,414.0,518.0
436,23.0,72.0,110.0,145.0,232.0,310.0
437,41.0,103.0,132.0,237.0,372.0,924.0
438,69.0,113.0,192.0,954.0,1050.0,1714.0
439,19.0,47.0,89.0,119.0,179.0,264.0
440,52.0,94.0,125.0,240.0,301.0,518.0
441,20.0,66.0,103.0,124.0,167.0,232.0
442,52.0,96.0,134.0,250.0,449.0,642.0
443,66.0,103.0,158.0,345.0,1604.0,1764.0
444,59.0,100.0,140.0,247.0,417.0,953.0
445,49.0,97.0,121.0,156.0,247.0,318.0
446,27.0,76.0,118.0,186.0,272.0,373.0
447,84.0,120.0,168.0,268.0,380.0,585.0
448,75.0,115.0,188.0,317.0,429.0,525.0
449,62.0,101.0,144.0,274.0,388.0,417.0
450,55.0,101.0,139.0,310.0,644.0,1556.0
451,47.0,74.0,103.0,129.0,198.0,262.0
452,66.0,103.0,211.0,528.0,582.0,637.0
453,60.0,104.0,146.0,264.0,797.0,525.0
454,33.0,83.0,113.0,151.0,240.0,481.0
455,45.0,93.0,131.0,267.0,413.0,1541.0
456,73.0,110.0,223.0,369.0,455.0,1510.0
457,56.0,95.0,125.0,213.0,298.0,556.0
458,43.0,86.0,112.0,150.0,261.0,347.0
459,73.0,112.0,202.0,383.0,1526.0,1537.0
460,83.0,116.0,237.0,423.0,573.0,1611.0
461,57.0,101.0,158.0,534.0,641.0,607.0
462,80.0,121.0,209.0,306.0,410.0,1542.0
463,55.0,99.0,125.0,205.0,275.0,478.0
464,48.0,87.0,117.0,163.0,247.0,317.0
465,18.0,74.0,105.0,133.0,222.0,1493.0
466,92.0,189.0,417.0,538.0,694.0,1839.0
467,81.0,122.0,206.0,303.0,404.0,1597.0
468,67.0,110.0,141.0,230.0,318.0,395.0
469,37.0,83.0,120.0,188.0,269.0,550.0
470,22.0,64.0,93.0,118.0,147.0,229.0
471,96.0,128.0,257.0,358.0,490.0,1537.0
472,26.0,77.0,110.0,176.0,277.0,466.0
473,55.0,99.0,126.0,191.0,251.0,421.0
474,47.0,98.0,127.0,203.0,843.0,846.0
475,44.0,83.0,107.0,181.0,875.0,1044.0
476,96.0,130.0,449.0,612.0,1627.0,1677.0
477,55.0,102.0,131.0,208.0,339.0,399.0
478,72.0,108.0,133.0,231.0,297.0,393.0
479,87.0,124.0,202.0,303.0,446.0,1509.0
480,106.0,190.0,787.0,926.0,912.0,1032.0
481,25.0,83.0,113.0,187.0,298.0,1101.0
482,50.0,105.0,159.0,290.0,511.0,626.0
483,26.0,88.0,117.0,157.0,249.0,453.0
484,91.0,131.0,302.0,420.0,1588.0,1602.0
485,45.0,100.0,124.0,179.0,275.0,318.0
486,37.0,73.0,106.0,186.0,495.0,594.0
487,66.0,109.0,142.0,241.0,299.0,447.0
488,61.0,97.0,122.0,232.0,354.0,573.0
489,85.0,124.0,205.0,508.0,551.0,1529.0
490,59.0,99.0,183.0,332.0,632.0,1569.0
491,68.0,112.0,152.0,251.0,548.0,648.0
492,24.0,92.0,129.0,234.0,319.0,419.0
493,76.0,112.0,155.0,301.0,379.0,435.0
494,23.0,69.0,103.0,139.0,220.0,343.0
495,49.0,88.0,118.0,195.0,1476.0,618.0
496,66.0,108.0,140.0,238.0,328.0,436.0
497,48.0,85.0,111.0,148.0,256.0,389.0
498,62.0,110.0,171.0,291.0,478.0,1525.0
499,42.0,92.0,123.0,239.0,328.0,975.0
500,82.0,118.0,239.0,871.0,589.0,1501.0
501,68.0,109.0,154.0,246.0,326.0,581.0
502,75.0,113.0,173.0,303.0,395.0,689.0
503,53.0,103.0,141.0,245.0,1592.0,596.0
504,64.0,105.0,199.0,375.0,1491.0,1689.0
505,77.0,112.0,138.0,235.0,303.0,925.0
506,78.0,115.0,188.0,299.0,455.0,1518.0
507,66.0,102.0,142.0,236.0,1034.0,538.0
508,64.0,107.0,164.0,294.0,1524.0,1540.0
509,43.0,81.0,108.0,170.0,288.0,460.0
510,29.0,76.0,109.0,131.0,190.0,245.0
511,59.0,100.0,151.0,325.0,409.0,467.0
