,none,E1,E2,E4,E5,I2
0,0.4420158863067627,0.0,0.0,0.0,0.0,0.8720043897628784
1,0.770396888256073,0.0,0.0,0.0,0.21311675012111664,0.9336012005805969
2,0.6264044642448425,0.0,0.0,0.0,0.8256567716598511,0.999167799949646
3,0.9933502078056335,0.0,0.0,0.0,0.11470524966716766,0.9904429316520691
4,0.9616743922233582,0.0,0.0,0.0,0.9997297525405884,0.9876177310943604
5,0.8051190376281738,0.0,0.0,0.0,0.879167377948761,0.9991694688796997
6,0.6867240071296692,0.0,0.0,0.0,0.07476399838924408,0.8421780467033386
7,0.659814715385437,0.0,0.0220828577876091,0.0220828577876091,0.10958325117826462,0.9534236192703247
8,0.8427066206932068,0.0,0.0,0.0,0.2121810019016266,0.8938642740249634
9,0.697864294052124,0.0,0.0,0.0,0.6296507120132446,0.8930861353874207
10,0.6248234510421753,0.0,0.0,0.0,0.015718000009655952,0.9358833432197571
11,0.0,0.0,0.0,0.0,0.1578720062971115,0.9661238789558411
12,0.5429975390434265,0.0,0.0,0.0,0.048876598477363586,0.9247007966041565
13,0.7466680407524109,0.0,0.0,0.0,0.13552549481391907,0.9845002293586731
14,0.6542487144470215,0.0,0.0,0.0,0.0,0.9994316101074219
15,0.5646687746047974,0.0,0.0,0.0,0.08631975203752518,0.8866904377937317
16,0.6202675104141235,0.0,0.0,0.0,0.05290466547012329,0.9994632005691528
17,0.9956676959991455,0.0,0.0,0.0,0.026205001398921013,0.9953901767730713
18,0.6842801570892334,0.0,0.0,0.0,0.12574650347232819,0.9939800500869751
19,0.5610422492027283,0.0,0.0,0.0,0.04463399946689606,0.9384994506835938
20,0.6409290432929993,0.0,0.0,0.0,0.1427687406539917,0.9918596148490906
21,0.8261584043502808,0.0,0.0,0.0,0.11007799953222275,0.9963521361351013
22,0.5302694439888,0.0,0.0,0.0,0.0,0.9307163953781128
23,0.37126290798187256,0.0,0.0,0.0,0.0,0.9376803040504456
24,0.5136138796806335,0.0,0.0,0.0,0.3806324005126953,0.9982784986495972
25,0.5150039196014404,0.0,0.0,0.0,0.9827309846878052,0.994748055934906
26,0.7696822285652161,0.0,0.0,0.0,0.06495325267314911,0.9943783283233643
27,0.6635550260543823,0.0,0.0,0.0,0.10389599949121475,0.9348881244659424
28,0.8505919575691223,0.0,0.0,0.0,0.7385269999504089,0.9801169633865356
29,0.5799190402030945,0.0,0.0,0.0,0.07156750559806824,0.9999385476112366
30,0.5608752369880676,0.0,0.0,0.0,0.2112254947423935,0.9971409440040588
31,0.8717487454414368,0.0,0.0,0.0,0.32321038842201233,0.9878948926925659
32,0.7457988262176514,0.0,0.0,0.0,0.08550849556922913,0.9931944012641907
33,0.5484146475791931,0.0,0.0,0.0,0.0,0.997758150100708
34,0.8872672319412231,0.0,0.0,0.0,0.9982914328575134,0.9962189197540283
35,0.9576144814491272,0.0,0.0,0.0,0.08247533440589905,0.9919480085372925
36,0.37820976972579956,0.0,0.0,0.0,0.0,0.5972468256950378
37,0.5341101884841919,0.0,0.0,0.0,0.053872667253017426,0.8935912251472473
38,0.7613889575004578,0.0,0.0,0.0,0.06139320135116577,0.9916930794715881
39,0.7126914262771606,0.0,0.0,0.0,0.042209748178720474,0.9399306178092957
40,0.8505062460899353,0.0,0.0,0.0,0.21418367326259613,0.9984070062637329
41,0.5836815237998962,0.0,0.0,0.0,0.19758623838424683,0.99478679895401
42,0.40302449464797974,0.0,0.0,0.0,0.577809751033783,0.9424067735671997
43,0.808360755443573,0.0,0.0,0.0,0.1586187481880188,0.8877558708190918
44,0.2869078516960144,0.0,0.0,0.0,0.0,0.9096470475196838
45,0.40068793296813965,0.0,0.0,0.0,0.997054398059845,0.9401700496673584
46,0.6452986598014832,0.0,0.0,0.0,0.7167941927909851,0.9703441858291626
47,0.31128424406051636,0.0,0.0,0.0,0.017253749072551727,0.8871318101882935
48,0.9981421232223511,0.0,0.0,0.0,0.17282381653785706,0.9973383545875549
49,0.9949119687080383,0.0,0.0,0.0,0.08562225103378296,0.9112406373023987
50,0.6358047723770142,0.0,0.0,0.0,0.11462549865245819,0.9358424544334412
51,0.9977447390556335,0.0,0.0,0.0,0.10407539457082748,0.96815025806427
52,0.6508214473724365,0.0,0.0,0.0,0.02034975029528141,0.9749860167503357
53,0.40161561965942383,0.0,0.0,0.0,0.023964334279298782,0.9432130455970764
54,0.866353452205658,0.0,0.0,0.0,0.03074675053358078,0.9831645488739014
55,0.6854465007781982,0.0,0.0,0.0,0.035503000020980835,0.963999330997467
56,0.8414133787155151,0.0,0.0,0.0,0.9996660351753235,0.9841333031654358
57,0.19365334510803223,0.0,0.0,0.0,0.0,0.9371318817138672
58,0.754757821559906,0.0,0.0,0.0,0.042646002024412155,0.9969342947006226
59,0.7897809743881226,0.0,0.027515834197402,0.027515834197402,0.9090193510055542,0.9326176047325134
60,0.34460484981536865,0.0,0.0,0.0,0.07915174961090088,0.9987527132034302
61,0.6535028219223022,0.0,0.0,0.0,0.0,0.9874041080474854
62,0.7359213829040527,0.0,0.0,0.0,0.14501050114631653,0.9461255669593811
63,0.8722796440124512,0.0,0.0,0.0,0.2806724011898041,0.9818046689033508
64,0.7561783790588379,0.0,0.0,0.0,0.08632925152778625,0.9997246861457825
65,0.9966681599617004,0.0,0.0,0.0,0.9998878836631775,0.981793999671936
66,0.8416287899017334,0.0,0.0,0.0,0.0,0.983338475227356
67,0.893612265586853,0.0,0.0,0.0,0.49288883805274963,0.9999472498893738
68,0.7466481328010559,0.0,0.0,0.0,0.1428697556257248,0.9767165780067444
69,0.9956396222114563,0.0,0.0,0.0,0.04613399878144264,0.9869120717048645
70,0.695392370223999,0.0,0.0,0.0,0.07406200468540192,0.9747893810272217
71,0.6480849981307983,0.0,0.0,0.0,0.01463400013744831,0.9399959444999695
72,0.7790337800979614,0.0,0.0,0.0,0.07713325321674347,0.9926677346229553
73,0.7637752294540405,0.0,0.0,0.0,0.11467000097036362,0.8926575183868408
74,0.9931252002716064,0.0,0.0,0.0,0.1405944973230362,0.9760103225708008
75,0.9980074763298035,0.0,0.0,0.0,0.1810312122106552,0.9403112530708313
76,0.7978193163871765,0.0,0.0,0.0,0.1494694948196411,0.9583094120025635
77,0.7528148889541626,0.0,0.0,0.0,0.07670149952173233,0.9991528987884521
78,0.9940656423568726,0.0,0.0,0.0,0.3309575021266937,0.9353516101837158
79,0.9951459169387817,0.0,0.0,0.0,0.141184002161026,0.9990127682685852
80,0.9448515772819519,0.0,0.0,0.0,0.9991940259933472,0.9993748664855957
81,0.752936065196991,0.048648856580257416,0.0,0.0,0.12648500502109528,0.8853039145469666
82,0.7150672078132629,0.0,0.0,0.0,0.8381471633911133,0.986972451210022
83,0.6532780528068542,0.0,0.0,0.0,0.0,0.9964970350265503
84,0.8241767287254333,0.0,0.0,0.0,0.0,0.9397318959236145
85,0.9968731999397278,0.0,0.0,0.0,0.14295201003551483,0.9473626017570496
86,0.7998563647270203,0.0,0.0,0.0,0.02501700073480606,0.999911904335022
87,0.5361161231994629,0.0,0.0,0.0,0.03757140040397644,0.8773690462112427
88,0.5890618562698364,0.0,0.0,0.0,0.1073421984910965,0.9117295145988464
89,0.7146080732345581,0.0,0.0,0.0,0.9530701637268066,0.9998600482940674
90,0.8971554636955261,0.0,0.0,0.0,0.994874894618988,0.9994853734970093
91,0.7947903871536255,0.0,0.0,0.0,0.5373343229293823,0.9701436758041382
92,0.8719220757484436,0.0,0.0,0.0,0.2715204954147339,0.9996023774147034
93,0.600520670413971,0.0,0.0,0.0,0.05045349895954132,0.9923971891403198
94,0.8657362461090088,0.0,0.0,0.0,0.10404100269079208,0.886951744556427
95,0.9955055713653564,0.0,0.0,0.0,0.019704749807715416,0.9779544472694397
96,0.9858078360557556,0.0,0.0,0.0,0.2502189874649048,0.9965985417366028
97,0.5325772762298584,0.016562333330512047,0.0,0.0,0.05323199927806854,0.9339922070503235
98,0.8209008574485779,0.0,0.0,0.0,0.9986945986747742,0.9721363186836243
99,0.27299702167510986,0.0,0.0,0.0,0.0756477490067482,0.9988868236541748
100,0.5793546438217163,0.0,0.0,0.0,0.7856003642082214,0.9375618696212769
101,0.9947697520256042,0.0,0.0,0.0,0.30677902698516846,0.9832574129104614
102,0.4870889186859131,0.0,0.0,0.0,0.021417800337076187,0.9988822340965271
103,0.6517971754074097,0.0,0.0,0.0,0.2527537941932678,0.9961089491844177
104,0.7127594947814941,0.0,0.0,0.0,0.13092024624347687,0.9886398315429688
105,0.7921763062477112,0.0,0.0,0.0,0.9992020726203918,0.9719333052635193
106,0.6982114911079407,0.011618333868682384,0.0,0.0,0.04173233360052109,0.9999544620513916
107,0.996961772441864,0.0,0.0,0.0,0.17676900327205658,0.9745776057243347
108,0.6391985416412354,0.0,0.0,0.0,0.12677325308322906,0.948525071144104
109,0.585211455821991,0.0,0.0,0.0,0.014985499903559685,0.9992086887359619
110,0.6617398262023926,0.0,0.0,0.0,0.6415780186653137,0.9433146715164185
111,0.9993507266044617,0.0,0.0,0.0,0.45148658752441406,0.9991201758384705
112,0.7963308691978455,0.0,0.0,0.0,0.47056981921195984,0.9860846400260925
113,0.9964439272880554,0.0,0.0,0.0,0.2467457354068756,0.9790483117103577
114,0.4280364215373993,0.0,0.0,0.0,0.0,0.8548886179924011
115,0.8731011152267456,0.0,0.0,0.0,0.4870314300060272,0.9931966066360474
116,0.9954513311386108,0.0,0.0,0.0,0.8171976208686829,0.9966517090797424
117,0.7369160056114197,0.0,0.0,0.0,0.06353400647640228,0.9991891384124756
118,0.9963847994804382,0.0,0.0,0.0,0.3981517553329468,0.9995299577713013
119,0.715714156627655,0.0,0.0,0.0,0.789472222328186,0.9995442628860474
120,0.5932371616363525,0.0,0.0,0.0,0.047845400869846344,0.9990772604942322
121,0.9536496996879578,0.0,0.0,0.0,0.12632159888744354,0.8876831531524658
122,0.8059658408164978,0.0,0.0,0.0,0.03330560028553009,0.9719931483268738
123,0.8136532306671143,0.0,0.0,0.0,0.32686999440193176,0.9763961434364319
124,0.7926557064056396,0.0,0.0,0.0,0.936102032661438,0.9999802112579346
125,0.9130470156669617,0.0,0.0,0.0,0.1431303322315216,0.9988795518875122
126,0.2114163488149643,0.0,0.0,0.0,0.0,0.38882380723953247
127,0.4022851884365082,0.0,0.0,0.0,0.1961444914340973,0.9991422295570374
128,0.9955673217773438,0.0,0.0,0.0,0.9993171691894531,0.9989462494850159
129,0.7698519825935364,0.0,0.0,0.0,0.9626872539520264,0.999409019947052
130,0.47149088978767395,0.0,0.0,0.0,0.013985400088131428,0.9863432049751282
131,0.6174678802490234,0.0,0.0,0.0,0.06449349969625473,0.9994394779205322
132,0.7740464806556702,0.0,0.0,0.0,0.1671467423439026,0.9519491791725159
133,0.5336552262306213,0.03755083680152893,0.0,0.0,0.1986050009727478,0.9300930500030518
134,0.8243198394775391,0.0,0.0,0.0,0.15988551080226898,0.9999119639396667
135,0.34243783354759216,0.0,0.0,0.0,0.1680106520652771,0.9984416961669922
136,0.4660407304763794,0.0,0.0,0.0,0.8126644492149353,0.9650381207466125
137,0.5539625883102417,0.0,0.0,0.0,0.1240793988108635,0.9998939633369446
138,0.9951819777488708,0.0,0.0,0.0,0.22861161828041077,0.9404178857803345
139,0.8538641333580017,0.0,0.0,0.0,0.9993687868118286,0.9991907477378845
140,0.6379379630088806,0.0,0.0,0.0,0.0,0.9874557852745056
141,0.7352254390716553,0.0,0.0,0.0,0.5489222407341003,0.9404025673866272
142,0.46437868475914,0.0,0.0,0.0,0.079049251973629,0.9428882598876953
143,0.625349223613739,0.0,0.0,0.0,0.7885124087333679,0.887461245059967
144,0.37394532561302185,0.019463833421468735,0.0,0.0,0.07641539722681046,0.9996259808540344
145,0.6659062504768372,0.0,0.0,0.0,0.1532922089099884,0.9045904278755188
146,0.731189489364624,0.0,0.0,0.0,0.9689769744873047,0.9916728138923645
147,0.48124024271965027,0.0,0.0,0.0,0.042498499155044556,0.9854320883750916
148,0.7654063105583191,0.0,0.0,0.0,0.3411347568035126,0.9959566593170166
149,0.6240726709365845,0.0,0.0,0.0,0.0,0.9393690228462219
150,0.850562572479248,0.0,0.011612500064074993,0.011612500064074993,0.9918319582939148,0.9379910230636597
151,0.5891451835632324,0.0,0.0,0.0,0.0,0.9972991943359375
152,0.6563355326652527,0.0,0.0,0.0,0.03442374989390373,0.93988436460495
153,0.8477240800857544,0.0,0.0,0.0,0.017895499244332314,0.9997501969337463
154,0.6843277215957642,0.0,0.0,0.0,0.9760509729385376,0.9962705969810486
155,0.9395601749420166,0.0,0.0,0.0,0.22414138913154602,0.996201753616333
156,0.6980804204940796,0.0,0.0,0.0,0.9994889497756958,0.9757710695266724
157,0.8826580047607422,0.0,0.0,0.0,0.18546774983406067,0.9853148460388184
158,0.48552146553993225,0.0,0.0,0.0,0.0,0.8473617434501648
159,0.9995756149291992,0.0,0.0,0.0,0.9994509816169739,0.9641989469528198
160,0.9933655261993408,0.0,0.0,0.0,0.12075275182723999,0.9097067713737488
161,0.9833862781524658,0.0,0.0,0.0,0.4674083888530731,0.9867710471153259
162,0.8873690366744995,0.0,0.012133428826928139,0.012133428826928139,0.9985966086387634,0.9856716394424438
163,0.5911178588867188,0.0,0.0,0.0,0.0,0.9991940259933472
164,0.9994670748710632,0.0,0.0,0.0,0.6453008055686951,0.9991734027862549
165,0.9972155690193176,0.019141335040330887,0.0,0.0,0.9998060464859009,0.9996119737625122
166,0.9142731428146362,0.0,0.0,0.0,0.7934628129005432,0.9797154664993286
167,0.9152563214302063,0.0,0.0,0.0,0.040200501680374146,0.9999581575393677
168,0.6722310185432434,0.0,0.0,0.0,0.08860059827566147,0.995276689529419
169,0.8455058932304382,0.0,0.0,0.0,0.09378740191459656,0.9938188195228577
170,0.6519371867179871,0.0,0.0,0.0,0.12281100451946259,0.983176052570343
171,0.3833424150943756,0.0,0.0,0.0,0.09916975349187851,0.9999223351478577
172,0.8151814341545105,0.0,0.0,0.0,0.09209699928760529,0.9395332932472229
173,0.9973908066749573,0.0,0.0,0.0,0.6215006709098816,0.968097984790802
174,0.5404554605484009,0.0,0.0,0.0,0.18893079459667206,0.9996346831321716
175,0.9992157816886902,0.0,0.0,0.0,0.2702538073062897,0.9959997534751892
176,0.9951469898223877,0.0,0.0,0.0,0.014041000045835972,0.9888587594032288
177,0.8211972117424011,0.0,0.0,0.0,0.01790333352982998,0.9992398023605347
178,0.659558117389679,0.0,0.04146786034107208,0.04146786034107208,0.9866615533828735,0.9947241544723511
179,0.6815356612205505,0.0,0.0,0.0,0.11716024577617645,0.9002753496170044
180,0.6518988013267517,0.0,0.0,0.0,0.06146650016307831,0.9987530708312988
181,0.6008131504058838,0.0,0.0,0.0,0.15083520114421844,0.9815599918365479
182,0.7208095788955688,0.0,0.0,0.0,0.8620136380195618,0.9987303614616394
183,0.5650367140769958,0.0,0.0,0.0,0.23623250424861908,0.9786806106567383
184,0.896997332572937,0.0,0.0,0.0,0.2104569971561432,0.9998656511306763
185,0.5571966767311096,0.0,0.0,0.0,0.042068250477313995,0.9986904859542847
186,0.6365460157394409,0.0,0.0,0.0,0.07264424860477448,0.8721716403961182
187,0.9172164797782898,0.0,0.0,0.0,0.1834924966096878,0.9370399713516235
188,0.5773500204086304,0.0,0.0,0.0,0.18633124232292175,0.9766169190406799
189,0.9963233470916748,0.0,0.0,0.0,0.1606694906949997,0.9996302127838135
190,0.9998155236244202,0.0,0.0,0.0,0.9998933672904968,0.9886398315429688
191,0.6789847016334534,0.0,0.0,0.0,0.0,0.9390453100204468
192,0.9055851101875305,0.0,0.0,0.0,0.784573495388031,0.9408830404281616
193,0.6509871482849121,0.0,0.0,0.0,0.0,0.8868702054023743
194,0.9896124601364136,0.0,0.0,0.0,0.24706968665122986,0.9866679906845093
195,0.8837302923202515,0.0,0.0,0.0,0.0,0.9981508255004883
196,0.7520511746406555,0.0,0.0,0.0,0.1319827437400818,0.9948301911354065
197,0.6387655735015869,0.0,0.0,0.0,0.0,0.9996635317802429
198,0.4832938313484192,0.0,0.0,0.0,0.08777575194835663,0.8867002725601196
199,0.9988945722579956,0.0,0.0,0.0,0.6377827525138855,0.9999703168869019
200,0.7237643003463745,0.0,0.0,0.0,0.12135274708271027,0.9444553256034851
201,0.7093202471733093,0.01567080058157444,0.0,0.0,0.06322875618934631,0.990302324295044
202,0.98131263256073,0.0,0.0,0.0,0.42059099674224854,0.9925943613052368
203,0.7859448194503784,0.0,0.0,0.0,0.0,0.9440164566040039
204,0.8575506210327148,0.0,0.0,0.0,0.10583779960870743,0.9922181963920593
205,0.5719397068023682,0.0,0.0,0.0,0.1420699954032898,0.9993808269500732
206,0.7328237891197205,0.0,0.0,0.0,0.34052062034606934,0.999722421169281
207,0.8863175511360168,0.0,0.0,0.0,0.999779999256134,0.9404062628746033
208,0.9975492358207703,0.0,0.0,0.0,0.08623520284891129,0.9756274223327637
209,0.4286233186721802,0.0,0.0,0.0,0.7405076026916504,0.9997696876525879
210,0.34606635570526123,0.0,0.0,0.0,0.0856887474656105,0.9962144494056702
211,0.6623439788818359,0.0,0.0,0.0,0.01540399994701147,0.9771454930305481
212,0.9982905983924866,0.0,0.0,0.0,0.6387988328933716,0.9647355079650879
213,0.6021292805671692,0.0,0.0,0.0,0.06955774873495102,0.9221522808074951
214,0.44237202405929565,0.0,0.0,0.0,0.0,0.827747642993927
215,0.40915587544441223,0.0,0.0,0.0,0.0,0.9998714327812195
216,0.6810901761054993,0.0,0.0,0.0,0.03747750073671341,0.9993400573730469
217,0.4370071291923523,0.0,0.0,0.0,0.06560879945755005,0.9979842305183411
218,0.7079383134841919,0.0,0.0,0.0,0.017140500247478485,0.9168002009391785
219,0.8852071762084961,0.0,0.0,0.0,0.11461575329303741,0.9490371346473694
220,0.8716984987258911,0.0,0.0,0.0,0.3922328054904938,0.9472072124481201
221,0.9952073097229004,0.0,0.0,0.0,0.09262099862098694,0.9770904183387756
222,0.9967260956764221,0.0,0.0,0.0,0.5417792201042175,0.9998358488082886
223,0.6923363208770752,0.0,0.0,0.0,0.07546120136976242,0.9832203984260559
224,0.0,0.0,0.0,0.0,0.21328167617321014,0.9949489235877991
225,0.9878190755844116,0.0,0.0,0.0,0.09760600328445435,0.9967423677444458
226,0.6311465501785278,0.0,0.0,0.0,0.6737840175628662,0.9869967699050903
227,0.5341801643371582,0.0,0.0,0.0,0.999290406703949,0.9132044315338135
228,0.8255466818809509,0.0,0.0,0.0,0.7928694486618042,0.9940184354782104
229,0.9962071180343628,0.0,0.0,0.0,0.05055199936032295,0.90314120054245
230,0.9870479106903076,0.0,0.0,0.0,0.21369749307632446,0.999790608882904
231,0.7787995934486389,0.0,0.0,0.0,0.19420450925827026,0.9909436106681824
232,0.640999972820282,0.0,0.0,0.0,0.08440624922513962,0.9983683228492737
233,0.997878909111023,0.0,0.0,0.0,0.9983412623405457,0.9437437057495117
234,0.6058251857757568,0.0,0.0,0.0,0.7715213894844055,0.9442562460899353
235,0.39758938550949097,0.0,0.0,0.0,0.531844437122345,0.9990136623382568
236,0.607531726360321,0.0,0.0,0.0,0.08742599934339523,0.9901914000511169
237,0.8682836294174194,0.0,0.0,0.0,0.9997097849845886,0.9991755485534668
238,0.9975317120552063,0.0,0.0,0.0,0.3515307307243347,0.9899758100509644
239,0.6331701278686523,0.0,0.0,0.0,0.04893549904227257,0.9248479008674622
240,0.5507125854492188,0.0,0.0,0.0,0.06300675123929977,0.940472424030304
241,0.8917369842529297,0.0,0.0,0.0,0.05141959711909294,0.9851366877555847
242,0.8302842974662781,0.0,0.0,0.0,0.7366673946380615,0.9788916110992432
243,0.8870156407356262,0.0,0.0,0.0,0.9996407628059387,0.9998981356620789
244,0.7308947443962097,0.0,0.0,0.0,0.142644003033638,0.9997411370277405
245,0.5388967394828796,0.0,0.0,0.0,0.11547449231147766,0.9388650059700012
246,0.6687647104263306,0.0,0.0,0.0,0.3953840136528015,0.9957751035690308
247,0.721847653388977,0.0,0.0,0.0,0.12443920224905014,0.9888674020767212
248,0.9383840560913086,0.0,0.0,0.0,0.08329299837350845,0.9200969338417053
249,0.9811123609542847,0.0,0.0,0.0,0.2455970048904419,0.9839638471603394
250,0.7776681780815125,0.0,0.0,0.0,0.15618525445461273,0.9985522031784058
251,0.6982295513153076,0.0,0.0,0.0,1.0,0.9409281015396118
252,0.8617387413978577,0.0,0.0,0.0,0.1217459961771965,0.9997724890708923
253,0.5836308002471924,0.0,0.0,0.0,0.10791199654340744,0.8807650208473206
254,0.9958739876747131,0.0,0.0,0.0,0.9999691843986511,0.9931814074516296
255,0.7231372594833374,0.0,0.0,0.0,0.41312646865844727,0.9311450123786926
256,0.289305180311203,0.0,0.0,0.0,0.08889024704694748,0.9541218876838684
257,0.6516202688217163,0.0,0.0,0.0,0.012854400090873241,0.9961687922477722
258,0.5244271755218506,0.0,0.0,0.0,0.06817849725484848,0.9052821397781372
259,0.7397308945655823,0.0,0.0,0.0,0.07438500225543976,0.9302870035171509
260,0.3070926368236542,0.0,0.0,0.0,0.08755933493375778,0.8715024590492249
261,0.9341838359832764,0.0,0.0,0.0,0.29380619525909424,0.948397696018219
262,0.6246240139007568,0.0,0.0,0.0,0.05873924866318703,0.9901731610298157
263,0.8829181790351868,0.012707286514341831,0.0,0.0,0.24488401412963867,0.9997920989990234
264,0.8474873304367065,0.0,0.0,0.0,0.08129800111055374,0.9986617565155029
265,0.9966909885406494,0.0,0.0,0.0,0.09317725151777267,0.991572916507721
266,0.6233043670654297,0.0,0.0,0.0,0.028587250038981438,0.9399073719978333
267,0.8020848631858826,0.0,0.0,0.0,0.9999501705169678,0.9986619353294373
268,0.785047709941864,0.0,0.0,0.0,0.07271850109100342,0.9993465542793274
269,0.9944082498550415,0.0,0.0,0.0,0.23735174536705017,0.939846396446228
270,0.8505337238311768,0.0,0.0,0.0,0.10476525127887726,0.999334990978241
271,0.9965099692344666,0.0,0.0,0.0,0.05808825045824051,0.9990283250808716
272,0.9823175668716431,0.0,0.0,0.0,0.0400955006480217,0.9976088404655457
273,0.5341722965240479,0.0,0.0,0.0,0.0,0.9333558678627014
274,0.5545700192451477,0.0,0.0,0.0,0.12743674218654633,0.9891325831413269
275,0.6855120658874512,0.0,0.0,0.0,0.034481000155210495,0.9992254972457886
276,0.9242525100708008,0.0,0.0,0.0,0.07176300138235092,0.8878759741783142
277,0.7825480699539185,0.0,0.0,0.0,0.033925000578165054,0.9398157000541687
278,0.368034690618515,0.0,0.0,0.0,0.0,0.9879480600357056
279,0.7652250528335571,0.0,0.0,0.0,0.12849025428295135,0.9969046115875244
280,0.678710401058197,0.0,0.0,0.0,0.8826340436935425,0.9740806221961975
281,0.9947723150253296,0.0,0.0,0.0,0.032506249845027924,0.9998767971992493
282,0.43326058983802795,0.0,0.0,0.0,0.0,0.9431418180465698
283,0.7639074325561523,0.016441000625491142,0.0,0.0,0.9333829879760742,0.9999765157699585
284,0.346211314201355,0.0,0.0,0.0,0.0,0.48122647404670715
285,0.43111222982406616,0.0,0.0,0.0,0.976523756980896,0.39494389295578003
286,0.8561710119247437,0.0,0.0,0.0,0.14474420249462128,0.9997215270996094
287,0.0,0.0,0.0,0.0,0.0,0.9997597336769104
288,0.7016386985778809,0.0,0.0,0.0,0.09345459938049316,0.9828330278396606
289,0.7586942315101624,0.0,0.0,0.0,0.21345776319503784,0.97983318567276
290,0.720737874507904,0.0,0.0,0.0,0.9993886351585388,0.9989799857139587
291,0.8480947613716125,0.0,0.0,0.0,0.16525433957576752,0.9368022680282593
292,0.6494947671890259,0.0,0.0,0.0,0.0,0.8420105576515198
293,0.6494333744049072,0.0,0.0,0.0,0.16435199975967407,0.9998565912246704
294,0.2855435311794281,0.0,0.0,0.0,0.0,0.9415569305419922
295,0.9990736842155457,0.0,0.0,0.0,0.08376549929380417,0.9999216198921204
296,0.6611006259918213,0.0,0.0,0.0,0.2736802399158478,0.9993391633033752
297,0.4957849681377411,0.0,0.0,0.0,0.04772600159049034,0.9665793776512146
298,0.5715265274047852,0.0,0.0,0.0,0.08746075630187988,0.9933024644851685
299,0.6594166159629822,0.0,0.0,0.0,0.14675575494766235,0.8828450441360474
300,0.997253954410553,0.0,0.0,0.0,0.010503199882805347,0.9996997117996216
301,0.5431962013244629,0.0,0.0,0.0,0.0,0.999318540096283
302,0.5189008116722107,0.017562000080943108,0.0,0.0,0.0675785019993782,0.9024521112442017
303,0.4183353781700134,0.0,0.0,0.0,0.017758000642061234,0.9767347574234009
304,0.9965154528617859,0.0,0.0,0.0,0.10828900337219238,0.9997605681419373
305,0.8739479780197144,0.0,0.034545715898275375,0.034545715898275375,0.9988781809806824,0.9978839159011841
306,0.6025100946426392,0.0,0.0,0.0,0.0,0.9127030968666077
307,0.6773729920387268,0.0,0.0,0.0,0.0,0.9992001056671143
308,0.7648903131484985,0.0,0.0,0.0,0.07509224861860275,0.9978653788566589
309,0.010699599981307983,0.0,0.0,0.0,0.0,0.8808640837669373
310,0.9644052386283875,0.0,0.0,0.0,0.11328600347042084,0.9993495941162109
311,0.4567047357559204,0.0,0.0,0.0,0.07231640070676804,0.9964461326599121
312,0.7389745116233826,0.0,0.0,0.0,0.07274900376796722,0.9619734883308411
313,0.6082364916801453,0.0,0.0,0.0,0.7839733958244324,0.8842270970344543
314,0.5709398984909058,0.0,0.0,0.0,0.21253319084644318,0.9996727705001831
315,0.9965938925743103,0.0,0.0,0.0,0.9382028579711914,0.9933493733406067
316,0.22057251632213593,0.016911501064896584,0.0,0.0,0.10194174945354462,0.8799241781234741
317,0.754460334777832,0.0,0.0,0.0,0.5715337991714478,0.9797722697257996
318,0.7254235744476318,0.0,0.04994257166981697,0.04994257166981697,0.9988811016082764,0.9402077198028564
319,0.9993067979812622,0.0,0.0,0.0,0.36957573890686035,0.9986112117767334
320,0.5635339021682739,0.0,0.0,0.0,0.16710034012794495,0.9789974689483643
321,0.6597450375556946,0.0,0.0,0.0,0.06301800161600113,0.9995579123497009
322,0.8365613222122192,0.0,0.0,0.0,0.04467025026679039,0.9744580984115601
323,0.5118801593780518,0.0,0.0,0.0,0.0,0.9430931210517883
324,0.9978436231613159,0.0,0.0,0.0,0.4372831881046295,0.9876695275306702
325,0.579957902431488,0.0,0.0,0.0,0.2221623957157135,0.9366509914398193
326,0.548516035079956,0.0,0.0,0.0,0.6521207690238953,0.9786834716796875
327,0.6322711110115051,0.0,0.0,0.0,0.10040400177240372,0.9996861815452576
328,0.7268958687782288,0.0,0.0,0.0,0.18362125754356384,0.9615674614906311
329,0.7587677240371704,0.0,0.0,0.0,0.0,0.9535565972328186
330,0.6666600108146667,0.0,0.0,0.0,0.1810207962989807,0.9390394687652588
331,0.501133143901825,0.0,0.0,0.0,0.13945674896240234,0.986719012260437
332,0.872725248336792,0.0,0.0,0.0,0.37598150968551636,0.9965254068374634
333,0.6514400243759155,0.0,0.056033432483673096,0.056033432483673096,0.13550899922847748,0.9364892840385437
334,0.8336724042892456,0.0,0.0,0.0,0.10615374892950058,0.9437538981437683
335,0.3375706076622009,0.013064800761640072,0.0,0.0,0.02407824993133545,0.9952652454376221
336,0.7250902056694031,0.0,0.0,0.0,0.10987575352191925,0.9993675947189331
337,0.8003780245780945,0.0,0.0,0.0,0.21477662026882172,0.9424518942832947
338,0.4700138568878174,0.0,0.0,0.0,0.0,0.994464099407196
339,0.27462050318717957,0.0,0.0,0.0,0.021630749106407166,0.98593670129776
340,0.689420759677887,0.01357966661453247,0.0,0.0,0.6833325624465942,0.9392588138580322
341,0.6094784736633301,0.0,0.0,0.0,0.03813700005412102,0.9977753162384033
342,0.8493484854698181,0.0,0.0,0.0,0.7923194169998169,0.9833748936653137
343,0.7587675452232361,0.0,0.0,0.0,0.12120749801397324,0.9403567910194397
344,0.6392008662223816,0.0,0.0,0.0,0.5506428480148315,0.9968719482421875
345,0.48803073167800903,0.0,0.0,0.0,0.9971203804016113,0.9937763214111328
346,0.8040223121643066,0.0,0.0,0.0,0.999701201915741,0.9849364757537842
347,0.4507492780685425,0.0,0.0,0.0,0.11136519908905029,0.8130269050598145
348,0.8500205278396606,0.0,0.0,0.0,0.2024543285369873,0.9687231183052063
349,0.5924868583679199,0.0,0.0,0.0,0.9835425019264221,0.9867031574249268
350,0.37522298097610474,0.0,0.0,0.0,0.03999200090765953,0.9997791051864624
351,0.40947702527046204,0.0,0.0,0.0,0.3804772198200226,0.9984461069107056
352,0.64700847864151,0.0,0.0,0.0,0.0,0.9998393654823303
353,0.9150791764259338,0.0,0.0,0.0,0.5130547881126404,0.9503490328788757
354,0.8664982318878174,0.0,0.0,0.0,0.35465121269226074,0.9999186396598816
355,0.7984014749526978,0.0,0.0,0.0,0.0,0.9984205365180969
356,0.8708093762397766,0.0,0.0,0.0,0.09369149804115295,0.9984103441238403
357,0.7577399015426636,0.0,0.0,0.0,0.181488499045372,0.9996878504753113
358,0.8739920854568481,0.0,0.0,0.0,0.47983381152153015,0.9998942613601685
359,0.43380898237228394,0.0,0.0,0.0,0.08584024757146835,0.9851930141448975
360,0.8362333178520203,0.0,0.0,0.0,0.0465020015835762,0.9999580383300781
361,0.6776401400566101,0.0,0.0,0.0,0.06870974600315094,0.9799622297286987
362,0.549484372138977,0.0,0.0,0.0,0.9999665021896362,0.9235741496086121
363,0.9930916428565979,0.0,0.0,0.0,0.29238900542259216,0.9919546842575073
364,0.46884527802467346,0.0,0.0,0.0,0.15560123324394226,0.9394679665565491
365,0.651073694229126,0.0,0.0,0.0,0.12998700141906738,0.989386260509491
366,0.7793757319450378,0.0,0.0,0.0,0.09940575063228607,0.9406740665435791
367,0.4638504385948181,0.0,0.0,0.0,0.13341720402240753,0.9997057318687439
368,0.0,0.0,0.0,0.0,0.2423209697008133,0.9835687279701233
369,0.887954831123352,0.0,0.0,0.0,0.1894569993019104,0.9930319786071777
370,0.9865468740463257,0.0,0.0,0.0,0.9994692206382751,0.9878391623497009
371,0.5986032485961914,0.0,0.0,0.0,0.9336977005004883,0.9912912845611572
372,0.600750207901001,0.0,0.0,0.0,0.4193885922431946,0.9999518990516663
373,0.7909947633743286,0.0,0.0,0.0,0.11754299700260162,0.988581657409668
374,0.6299737095832825,0.0,0.0,0.0,0.8578557968139648,0.9769776463508606
375,0.48164498805999756,0.009430999867618084,0.0,0.0,0.09566450119018555,0.9987763166427612
376,0.7738083004951477,0.0,0.0,0.0,0.2841401696205139,0.8958054780960083
377,0.5325700044631958,0.0,0.0,0.0,0.018782999366521835,0.9928474426269531
378,0.7331922054290771,0.0,0.0,0.0,0.99891197681427,0.9380583763122559
379,0.9985367655754089,0.0,0.0,0.0,0.9996709823608398,0.9994322657585144
380,0.5973698496818542,0.0,0.0,0.0,0.01944899931550026,0.9996380805969238
381,0.6142046451568604,0.0,0.0,0.0,0.10245774686336517,0.9964160919189453
382,0.9872440099716187,0.0,0.0,0.0,0.16335001587867737,0.9556546807289124
383,0.9977695941925049,0.0,0.0,0.0,0.09774099290370941,0.9879429340362549
384,0.4923807680606842,0.0,0.0,0.0,0.06264117360115051,0.853362500667572
385,0.5028252005577087,0.0,0.0,0.0,0.0,0.9428242444992065
386,0.6910197138786316,0.0,0.0,0.0,0.0301667507737875,0.916416585445404
387,0.9141840934753418,0.0,0.0,0.0,0.06345859915018082,0.9789607524871826
388,0.5866426229476929,0.0,0.0,0.0,0.16114267706871033,0.9993886947631836
389,0.6524989008903503,0.0,0.0,0.0,0.09857019782066345,0.9895456433296204
390,0.994899570941925,0.0,0.0,0.0,0.1768074929714203,0.9258258938789368
391,0.5809193253517151,0.0016744999447837472,0.0,0.0,0.9962696433067322,0.999136209487915
392,0.26023682951927185,0.0,0.0,0.0,0.0,0.9207640886306763
393,0.9893940687179565,0.0,0.0,0.0,0.2375866025686264,0.9959318041801453
394,0.5778670310974121,0.0,0.0,0.0,0.0777462050318718,0.9885475635528564
395,0.7671542167663574,0.0,0.0,0.0,0.5589146614074707,0.9423812031745911
396,0.8842712640762329,0.0,0.0,0.0,0.9024940729141235,0.9991863965988159
397,0.7130396366119385,0.0,0.0,0.0,0.0,0.9983686804771423
398,0.9996252655982971,0.0,0.0,0.0,0.9997238516807556,0.9957166314125061
399,0.598834753036499,0.0,0.0,0.0,0.03609500080347061,0.9816524386405945
400,0.773023247718811,0.0,0.04467799887061119,0.04467799887061119,0.0,0.9995402097702026
401,0.6596765518188477,0.0,0.0,0.0,0.019159499555826187,0.9989441633224487
402,0.9962260127067566,0.0,0.0,0.0,0.8093125224113464,0.9997061491012573
403,0.6914040446281433,0.0,0.0,0.0,0.18037919700145721,0.9979557991027832
404,0.74473637342453,0.0,0.0,0.0,0.0,0.9270974397659302
405,0.9945449233055115,0.0,0.0,0.0,0.9445476531982422,0.9056409001350403
406,0.8720105886459351,0.0,0.0,0.0,0.9974210858345032,0.999591588973999
407,0.997290849685669,0.0,0.0,0.0,0.013364000245928764,0.9988916516304016
408,0.9330372214317322,0.0,0.015095429494976997,0.015095429494976997,0.8491706252098083,0.9660311341285706
409,0.7298420071601868,0.009577499702572823,0.0,0.0,0.0,0.9996268153190613
410,0.6114567518234253,0.0,0.023907285183668137,0.023907285183668137,0.9982606172561646,0.9986503720283508
411,0.8291905522346497,0.0,0.0,0.0,0.18967749178409576,0.9603354334831238
412,0.9968709945678711,0.0,0.0,0.0,0.20019622147083282,0.9997974038124084
413,0.0,0.0,0.0,0.0,0.0716952532529831,0.9898314476013184
414,0.79194176197052,0.0,0.0,0.0,0.0456710010766983,0.9952495098114014
415,0.061363399028778076,0.0,0.0,0.0,0.0,0.839595377445221
416,0.715155303478241,0.0,0.0,0.0,0.11183924973011017,0.9423355460166931
417,0.9206055402755737,0.0,0.0,0.0,0.0,0.999255895614624
418,0.8738236427307129,0.0,0.0,0.0,0.3348660171031952,0.9955804944038391
419,0.6679829955101013,0.0,0.0,0.0,0.702530562877655,0.9487085342407227
420,0.7986242175102234,0.0,0.0,0.0,0.99839848279953,0.9947707056999207
421,0.4956914782524109,0.0,0.0,0.0,0.1834457516670227,0.990740954875946
422,0.7356604933738708,0.0,0.0,0.0,0.06658219546079636,0.9663354754447937
423,0.15222428739070892,0.0,0.0,0.0,0.0,0.8391973972320557
424,0.0,0.0,0.0,0.0,0.07643300294876099,0.9996944069862366
425,0.6172899007797241,0.0,0.0,0.0,0.0,0.9487781524658203
426,0.1809154450893402,0.0,0.0,0.0,0.06351099908351898,0.9263531565666199
427,0.7651845216751099,0.0,0.0,0.0,0.23650074005126953,0.999847948551178
428,0.6881620287895203,0.0,0.0,0.0,0.1449882537126541,0.9845991730690002
429,0.7279362678527832,0.0,0.0,0.0,0.9356064796447754,0.9967508316040039
430,0.20729857683181763,0.0,0.0,0.0,0.0,0.9366985559463501
431,0.7439739108085632,0.0,0.0,0.0,0.999809205532074,0.9999414682388306
432,0.9907412528991699,0.0,0.0,0.0,0.04603699967265129,0.9902763366699219
433,0.816001832485199,0.0,0.0,0.0,0.0,0.9445812106132507
434,0.7348517179489136,0.0,0.0,0.0,0.07356874644756317,0.9428768157958984
435,0.34419476985931396,0.0,0.0,0.0,0.0,0.12781541049480438
436,0.8604180812835693,0.0,0.0,0.0,0.11752700060606003,0.9996708631515503
437,0.6277268528938293,0.0,0.0,0.0,0.03252574801445007,0.9786415100097656
438,0.9094721674919128,0.0,0.0,0.0,0.21211475133895874,0.9982319474220276
439,0.7156792283058167,0.0,0.0,0.0,0.9983682036399841,0.9248092770576477
440,0.5891494154930115,0.0,0.0,0.0,0.06761424988508224,0.968705415725708
441,0.8633527159690857,0.0,0.0,0.0,0.09095939993858337,0.9474303126335144
442,0.7915726900100708,0.0,0.0,0.0,0.24300265312194824,0.9985827207565308
443,0.6039746403694153,0.0,0.0,0.0,0.26997700333595276,0.9862403869628906
444,0.551407516002655,0.0,0.0,0.0,0.050211746245622635,0.9621064066886902
445,0.82081538438797,0.0,0.0,0.0,0.04011499881744385,0.9751152396202087
446,0.7166827917098999,0.0,0.0,0.0,0.0730072483420372,0.9673582911491394
447,0.590395987033844,0.0,0.0,0.0,0.037079669535160065,0.9997132420539856
448,0.5310343503952026,0.0,0.0,0.0,0.16949249804019928,0.9888975620269775
449,0.6816546320915222,0.0,0.0,0.0,0.12309824675321579,0.9986093044281006
450,0.9961146116256714,0.0,0.0,0.0,0.022992750629782677,0.9928714632987976
451,0.8686061501502991,0.0,0.0,0.0,0.8324236869812012,0.9576855897903442
452,0.8164147138595581,0.0,0.0,0.0,0.35973697900772095,0.988571047782898
453,0.5997652411460876,0.0,0.0,0.0,0.0,0.9998839497566223
454,0.60976642370224,0.0,0.0,0.0,0.1924457550048828,0.9093377590179443
455,0.8584969639778137,0.0,0.0,0.0,0.8317865133285522,0.9286290407180786
456,0.320717453956604,0.0,0.0,0.0,0.0,0.8191666603088379
457,0.7117990255355835,0.0,0.0,0.0,0.09780825674533844,0.9999569058418274
458,0.9983516931533813,0.0,0.0,0.0,0.29449722170829773,0.9851945042610168
459,0.9203147888183594,0.0,0.0,0.0,0.9533516764640808,0.980057954788208
460,0.7251633405685425,0.0,0.0,0.0,0.4456793963909149,0.9469696879386902
461,0.7322394847869873,0.0,0.0,0.0,0.0695267990231514,0.9998797178268433
462,0.4610794484615326,0.0,0.01957857236266136,0.01957857236266136,0.07746399939060211,0.8596319556236267
463,0.6668135523796082,0.0,0.0,0.0,0.9214145541191101,0.9888532757759094
464,0.665367841720581,0.0,0.0,0.0,0.289465993642807,0.9859527349472046
465,0.8088535666465759,0.0,0.0,0.0,0.6360482573509216,0.9994116425514221
466,0.6364085674285889,0.0,0.010077333077788353,0.010077333077788353,0.7830718159675598,0.9987511038780212
467,0.7429531216621399,0.0,0.0,0.0,0.2809399962425232,0.9947803616523743
468,0.9925188422203064,0.0,0.0,0.0,0.17302261292934418,0.9933912754058838
469,0.8401924967765808,0.0,0.0,0.0,0.14227350056171417,0.9403324127197266
470,0.6023439168930054,0.0,0.0,0.0,0.09352149814367294,0.996890127658844
471,0.48488718271255493,0.0,0.0,0.0,0.017966249957680702,0.9992595911026001
472,0.9933831691741943,0.0,0.0,0.0,0.41144219040870667,0.9775352478027344
473,0.6121777296066284,0.0,0.0,0.0,0.0812252014875412,0.9396447539329529
474,0.6187933683395386,0.0,0.0,0.0,0.0,0.9163721203804016
475,0.45756664872169495,0.01639850065112114,0.0,0.0,0.012090000323951244,0.9001895189285278
476,0.7494800686836243,0.0,0.0,0.0,0.9999694228172302,0.9680385589599609
477,0.2625604569911957,0.0,0.0,0.0,0.04336249828338623,0.5623074769973755
478,0.45450928807258606,0.0,0.0,0.0,0.0,0.9859453439712524
479,0.9939942359924316,0.0,0.0,0.0,0.025810249149799347,0.8866876363754272
480,0.5696434378623962,0.0,0.0,0.0,0.044784750789403915,0.9684168696403503
481,0.6198701858520508,0.0,0.0,0.0,0.06079450249671936,0.9391716718673706
482,0.9955331683158875,0.0,0.0,0.0,0.11241824924945831,0.9987599849700928
483,0.5151471495628357,0.0,0.0,0.0,0.30175426602363586,0.9953644871711731
484,0.7822725176811218,0.0,0.0,0.0,0.2560354173183441,0.933408796787262
485,0.5843658447265625,0.0,0.0,0.0,0.10443349182605743,0.9849251508712769
486,0.9432715177536011,0.0,0.0,0.0,0.4297892451286316,0.9442709684371948
487,0.99705970287323,0.0,0.0,0.0,0.9999052286148071,0.9994955062866211
488,0.547329843044281,0.0,0.0,0.0,0.17817874252796173,0.9898846745491028
489,0.9966140389442444,0.0,0.0,0.0,0.9995457530021667,0.9757391214370728
490,0.7102047801017761,0.0,0.0,0.0,0.08380775153636932,0.9786525368690491
491,0.6352531909942627,0.0,0.0,0.0,0.05226824805140495,0.9986609220504761
492,0.9958965182304382,0.0,0.0,0.0,0.17119674384593964,0.9470329284667969
493,0.5906993746757507,0.0,0.019883856177330017,0.019883856177330017,0.999932587146759,0.9898286461830139
494,0.6772311925888062,0.0,0.0,0.0,0.16134174168109894,0.9998574256896973
495,0.8100053668022156,0.0,0.0,0.0,0.1531829833984375,0.9991657137870789
496,0.6817061901092529,0.03390583395957947,0.0,0.0,0.01519825030118227,0.9978888034820557
497,0.8256880640983582,0.0,0.0,0.0,0.12616924941539764,0.9399391412734985
498,0.6821194887161255,0.0,0.0,0.0,0.07335600256919861,0.9949789643287659
499,0.6635315418243408,0.0,0.0,0.0,0.9975423812866211,0.999908447265625
500,0.021176600828766823,0.0,0.0,0.0,0.14354625344276428,0.9998006820678711
501,0.6890846490859985,0.0,0.0,0.0,0.13972075283527374,0.9896054863929749
502,0.8034754395484924,0.0,0.0,0.0,0.19501160085201263,0.9443762302398682
503,0.8433231711387634,0.0,0.0,0.0,0.045781999826431274,0.9930142760276794
504,0.9055545926094055,0.0,0.0,0.0,0.033597201108932495,0.9989242553710938
505,0.4138363003730774,0.0,0.0,0.0,0.6609660387039185,0.999207079410553
506,0.558242678642273,0.0,0.0,0.0,0.0,0.9972277283668518
507,0.993266224861145,0.0,0.0,0.0,0.7716845870018005,0.9852170944213867
508,0.878851056098938,0.0,0.0,0.0,0.0642113983631134,0.9996504783630371
509,0.7466935515403748,0.0,0.0,0.0,0.16300499439239502,0.9999253749847412
510,0.7169458866119385,0.0,0.0,0.0,0.19556249678134918,0.935063898563385
511,0.054687000811100006,0.0,0.0,0.0,0.11284200847148895,0.9392248392105103
512,0.5964363813400269,0.011675499379634857,0.0,0.0,0.1493465006351471,0.9995783567428589
513,0.9983206987380981,0.0,0.0,0.0,0.9997641444206238,0.9855691194534302
514,0.8283652067184448,0.0,0.0,0.0,0.17324165999889374,0.9932772517204285
515,0.7238019704818726,0.0,0.0,0.0,0.014422750100493431,0.9887135028839111
516,0.4656941890716553,0.0,0.0,0.0,0.029031334444880486,0.9998841881752014
517,0.4715367555618286,0.0,0.0,0.0,0.1412956714630127,0.9528522491455078
518,0.6797559261322021,0.0,0.0,0.0,0.9952848553657532,0.9997299313545227
519,0.769097089767456,0.0,0.0,0.0,0.013876000419259071,0.9992607831954956
520,0.9459183216094971,0.0,0.0,0.0,0.9994230270385742,0.9397739171981812
521,0.756801426410675,0.0,0.0,0.0,0.04947524890303612,0.9625419974327087
522,0.576008677482605,0.0,0.0,0.0,0.048856496810913086,0.997994601726532
523,0.3588169813156128,0.0,0.0,0.0,0.0,0.9974797964096069
524,0.995663046836853,0.0,0.0,0.0,0.9995519518852234,0.9997656941413879
525,0.7289250493049622,0.0,0.0,0.0,0.0,0.9963911771774292
526,0.9695717096328735,0.0,0.0,0.0,0.672568678855896,0.9820221066474915
527,0.9755978584289551,0.010838832706212997,0.0,0.0,0.3022148311138153,0.9767787456512451
528,0.5085123777389526,0.0,0.01272050105035305,0.01272050105035305,0.07696324586868286,0.8880079388618469
529,0.5101999044418335,0.0,0.0,0.0,0.9508315324783325,0.9845717549324036
530,0.40468284487724304,0.0,0.0,0.0,0.2119792401790619,0.9461942911148071
531,0.8072220683097839,0.0,0.0,0.0,0.14307574927806854,0.9920815229415894
532,0.3074343204498291,0.0,0.0,0.0,0.1082937940955162,0.8308440446853638
533,0.4986564517021179,0.0,0.0,0.0,0.0,0.9983668923377991
534,0.7464672923088074,0.0,0.0,0.0,0.017499249428510666,0.9998881220817566
535,0.9968069195747375,0.0,0.0,0.0,0.7618663907051086,0.9993788003921509
536,0.9961383938789368,0.0,0.0,0.0,0.1386130005121231,0.9897287487983704
537,0.8441975712776184,0.0,0.0,0.0,0.09840600192546844,0.9996176362037659
538,0.8039863109588623,0.0,0.0,0.0,0.7707197666168213,0.986731767654419
539,0.6301695108413696,0.0,0.0,0.0,0.044615499675273895,0.8905866742134094
540,0.46500301361083984,0.0,0.0,0.0,0.25151124596595764,0.9382574558258057
541,0.8892685174942017,0.0,0.0,0.0,0.059592753648757935,0.9968755841255188
542,0.31495800614356995,0.0,0.0,0.0,0.0,0.8878097534179688
543,0.5254372954368591,0.0,0.0,0.0,0.04176250100135803,0.23179343342781067
544,0.9885995388031006,0.0,0.0,0.0,0.08866266906261444,0.980861246585846
545,0.7671667337417603,0.0,0.0,0.0,0.04449699819087982,0.9395398497581482
546,0.4968571662902832,0.0,0.0,0.0,0.32549047470092773,0.9975482225418091
547,0.9947714805603027,0.0,0.0,0.0,0.2780017554759979,0.9862450361251831
548,0.8871403336524963,0.0,0.0,0.0,0.9990894198417664,0.9461875557899475
549,0.9926004409790039,0.0,0.0,0.0,0.12361399829387665,0.9751070737838745
550,0.5206322073936462,0.0,0.0,0.0,0.0820775032043457,0.8933985829353333
551,0.6670628786087036,0.03580750152468681,0.0,0.0,0.9745740294456482,0.9999085664749146
552,0.7492349743843079,0.0,0.0,0.0,0.29110342264175415,0.9815614819526672
553,0.7015823125839233,0.0,0.0,0.0,0.08881674706935883,0.9864027500152588
554,0.6037809252738953,0.0,0.0,0.0,0.8516032099723816,0.9138208627700806
555,0.5913829803466797,0.0,0.0,0.0,0.0852312445640564,0.8843307495117188
556,0.9950406551361084,0.0,0.0,0.0,0.06920699775218964,0.9870067834854126
557,0.9968137741088867,0.0,0.0,0.0,0.10164575278759003,0.9999241232872009
558,0.633109986782074,0.0,0.0,0.0,0.9994549751281738,0.9997040629386902
559,0.5867916345596313,0.0,0.0,0.0,0.2986266314983368,0.9553613066673279
560,0.8657057881355286,0.0,0.0,0.0,0.132168248295784,0.9993976354598999
561,0.8033961653709412,0.0,0.0,0.0,0.053762249648571014,0.9394506216049194
562,0.5326535701751709,0.0,0.0,0.0,0.10637174546718597,0.8910573124885559
563,0.47237157821655273,0.0,0.0,0.0,0.1375216692686081,0.9994817972183228
564,0.8071218729019165,0.0,0.0,0.0,0.5723298192024231,0.9861732721328735
565,0.9920921921730042,0.0,0.0,0.0,0.29718098044395447,0.9966428875923157
566,0.8701502084732056,0.0,0.0,0.0,0.2714570164680481,0.9711397290229797
567,0.7956621050834656,0.0,0.0,0.0,0.1283320039510727,0.9683783650398254
568,0.806182861328125,0.0,0.02150571532547474,0.02150571532547474,0.7452244162559509,0.9390481114387512
569,0.38835999369621277,0.0,0.023555001243948936,0.023555001243948936,0.032371748238801956,0.9397644996643066
570,0.6573595404624939,0.0,0.0,0.0,0.13074460625648499,0.945302426815033
571,0.7240994572639465,0.0,0.0,0.0,0.07874180376529694,0.9942398071289062
572,0.5367840528488159,0.0,0.0,0.0,0.08798420429229736,0.9602755904197693
573,0.7768412232398987,0.0,0.0,0.0,0.0,0.9998798370361328
574,0.9834259748458862,0.0,0.0,0.0,0.01612750068306923,0.9909616112709045
575,0.7736794948577881,0.03177783638238907,0.0,0.0,0.832931637763977,0.9513087868690491
576,0.6859806776046753,0.0,0.0,0.0,0.12463325262069702,0.9993064403533936
577,0.9023746252059937,0.0,0.0,0.0,0.08270224928855896,0.9974474906921387
578,0.9961807131767273,0.0,0.0,0.0,0.7754021883010864,0.9920852184295654
579,0.5310016870498657,0.0,0.0,0.0,0.2401064932346344,0.9767918586730957
580,0.9121567010879517,0.0,0.0,0.0,0.1217666044831276,0.9838686585426331
581,0.4963649809360504,0.0,0.0,0.0,0.02559874951839447,0.9930985569953918
582,0.7732844352722168,0.0,0.0,0.0,0.9906171560287476,0.9999577403068542
583,0.6415290832519531,0.0,0.0,0.0,0.16438798606395721,0.9990048408508301
584,0.3143784999847412,0.0,0.0,0.0,0.18914900720119476,0.9998661279678345
585,0.7094722390174866,0.0,0.0,0.0,0.04033200070261955,0.9997641444206238
586,0.6388329863548279,0.0,0.0,0.0,0.05035319924354553,0.9998918771743774
587,0.4801560342311859,0.0,0.0,0.0,0.13992175459861755,0.9438214898109436
588,0.6077287197113037,0.0,0.0,0.0,0.17233368754386902,0.9587089419364929
589,0.5375648736953735,0.0,0.0,0.0,0.7838996052742004,0.9984425902366638
590,0.296205997467041,0.0,0.0,0.0,0.0,0.9076002836227417
591,0.9983052015304565,0.0,0.0,0.0,0.7324817776679993,0.9982321262359619
592,0.7438481450080872,0.0,0.0,0.0,0.24912159144878387,0.9328344464302063
593,0.9246251583099365,0.0,0.0,0.0,0.4006432592868805,0.9422783255577087
594,0.5918428897857666,0.0,0.0,0.0,0.117296002805233,0.9409705996513367
595,0.7308611869812012,0.0,0.0,0.0,0.18907827138900757,0.978191614151001
596,0.7963590621948242,0.0,0.0,0.0,0.07054100185632706,0.9999178051948547
597,0.47854816913604736,0.0,0.0,0.0,0.12991075217723846,0.8865819573402405
598,0.669528067111969,0.0,0.0,0.0,0.12337350100278854,0.9999333620071411
599,0.8316249847412109,0.0,0.0,0.0,0.08200620114803314,0.9900468587875366
600,0.464229017496109,0.01979842782020569,0.0,0.0,0.10841399431228638,0.9398067593574524
601,0.8084449768066406,0.025469167158007622,0.0,0.0,0.8118217587471008,0.9990787506103516
602,0.9609570503234863,0.0,0.0,0.0,0.32464075088500977,0.9994395971298218
603,0.6883333325386047,0.0,0.0,0.0,0.732122540473938,0.9831047654151917
604,0.24255800247192383,0.0,0.0,0.0,0.02701449953019619,0.7964062094688416
605,0.791667640209198,0.0,0.0,0.0,0.11094874888658524,0.9397239685058594
606,0.7804168462753296,0.0,0.0,0.0,0.3943447470664978,0.9991381168365479
607,0.7653039693832397,0.0,0.00951316673308611,0.00951316673308611,0.7408713102340698,0.9991283416748047
608,0.8738214373588562,0.0,0.0,0.0,0.3069179952144623,0.9995678663253784
609,0.7930439710617065,0.0,0.0,0.0,0.02928125113248825,0.9998540878295898
610,0.5735973715782166,0.0,0.0,0.0,0.1842046082019806,0.9995695948600769
611,0.9272453188896179,0.0,0.0,0.0,0.22025224566459656,0.9943963289260864
612,0.8796230554580688,0.0,0.010854333639144897,0.010854333639144897,0.9993616938591003,0.9941014647483826
613,0.46720728278160095,0.0,0.0,0.0,0.2268935889005661,0.9990227222442627
614,0.7756611704826355,0.0,0.0,0.0,0.14502625167369843,0.9998248219490051
615,0.6934299468994141,0.0,0.0,0.0,0.267318993806839,0.9812458753585815
616,0.991244912147522,0.0,0.0,0.0,0.1790042519569397,0.9925495386123657
617,0.674519419670105,0.0,0.0,0.0,0.0,0.921218752861023
618,0.4940654933452606,0.0,0.0,0.0,0.9943108558654785,0.9734123945236206
619,0.7881962656974792,0.0,0.0,0.0,0.30294349789619446,0.99762362241745
620,0.9982826709747314,0.0,0.0,0.0,0.9990323781967163,0.9996363520622253
621,0.8075429797172546,0.0,0.0,0.0,0.0645425021648407,0.9988817572593689
622,0.486548513174057,0.0,0.0,0.0,0.12271274626255035,0.5460628867149353
623,0.6531205177307129,0.0,0.0,0.0,0.07386480271816254,0.42542800307273865
624,0.5464068651199341,0.0,0.0,0.0,0.013622500002384186,0.902019202709198
625,0.5209077596664429,0.0,0.0,0.0,0.4473414123058319,0.9935818910598755
626,0.9935973286628723,0.0,0.0,0.0,0.9996253252029419,0.9989712238311768
627,0.5078846216201782,0.0,0.0,0.0,0.20577000081539154,0.925939679145813
628,0.6307910084724426,0.0,0.0,0.0,0.05289040133357048,0.5282955765724182
629,0.6956418752670288,0.0,0.0,0.0,0.014539250172674656,0.9846752882003784
630,0.6240314841270447,0.0,0.0,0.0,0.9988727569580078,0.9906913042068481
631,0.8231249451637268,0.0,0.0,0.0,0.9673448801040649,0.9930706024169922
632,0.6269793510437012,0.0,0.0,0.0,0.16892901062965393,0.9433432817459106
633,0.7576645016670227,0.0,0.0,0.0,0.9977009892463684,0.9803230166435242
634,0.5293951034545898,0.0,0.0,0.0,0.21430349349975586,0.9036353230476379
635,0.9970447421073914,0.0,0.0,0.0,0.09106260538101196,0.9398074746131897
636,0.7082517147064209,0.0,0.0,0.0,0.9990953803062439,0.99134361743927
637,0.7669156193733215,0.014798000454902649,0.0,0.0,0.0,0.9259027242660522
638,0.4471316337585449,0.0,0.0,0.0,0.0,0.8815345168113708
639,0.7943431735038757,0.0,0.0,0.0,0.12246567010879517,0.9903046488761902
640,0.549828290939331,0.0,0.0,0.0,0.38491302728652954,0.921673595905304
641,0.9953409433364868,0.0,0.0,0.0,0.23957525193691254,0.9639968872070312
642,0.8611189126968384,0.0,0.0,0.0,0.7944874167442322,0.9994091987609863
643,0.9713438153266907,0.0,0.0,0.0,0.1775680035352707,0.9929330945014954
644,0.5593755841255188,0.0,0.0,0.0,0.17029625177383423,0.8317263722419739
645,0.6561146974563599,0.0,0.0,0.0,0.23917199671268463,0.985306978225708
646,0.7642956376075745,0.0,0.0,0.0,0.19230574369430542,0.9784096479415894
647,0.9970048666000366,0.0,0.0,0.0,0.1494414061307907,0.9786035418510437
648,0.5642949938774109,0.0,0.0,0.0,0.14412280917167664,0.9194080829620361
649,0.46041202545166016,0.0,0.0,0.0,0.013441749848425388,0.9337339401245117
650,0.7302025556564331,0.0,0.0,0.0,0.2080267369747162,0.9953472018241882
651,0.5896484851837158,0.0,0.0,0.0,0.0,0.8874040246009827
652,0.8004953265190125,0.0,0.0,0.0,0.15795224905014038,0.9971498250961304
653,0.8130618333816528,0.0,0.0,0.0,0.13462534546852112,0.9593371152877808
654,0.8484917879104614,0.0,0.0,0.0,0.011782600544393063,0.9992005825042725
655,0.5787649750709534,0.0,0.0,0.0,0.10765619575977325,0.9186139702796936
656,0.0,0.0,0.0,0.0,0.0614004023373127,0.976932942867279
657,0.9901031851768494,0.0,0.0,0.0,0.06095467135310173,0.9996775388717651
658,0.7587644457817078,0.023892167955636978,0.0,0.0,0.19942060112953186,0.9290907979011536
659,0.9917405247688293,0.0,0.0,0.0,0.2509474456310272,0.9313095808029175
660,0.507266640663147,0.0,0.0,0.0,0.047589000314474106,0.9997457265853882
661,0.8834573030471802,0.0,0.013240714557468891,0.013240714557468891,0.931844174861908,0.9661678671836853
662,0.7599529027938843,0.0,0.0,0.0,0.9999725222587585,0.9965287446975708
663,0.9980795383453369,0.0,0.0,0.0,0.05329979583621025,0.9831089377403259
664,0.9947063326835632,0.0,0.0,0.0,0.19094175100326538,0.9901038408279419
665,0.9991782307624817,0.0,0.0,0.0,0.9460541605949402,0.9938011169433594
666,0.8699237704277039,0.0,0.0,0.0,0.9922136664390564,0.9780794382095337
667,0.9943753480911255,0.0,0.0,0.0,0.1888815015554428,0.9984713792800903
668,0.7999780178070068,0.0,0.0,0.0,0.6195835471153259,0.9997397065162659
669,0.5164842009544373,0.0,0.0,0.0,0.19164080917835236,0.9396016001701355
670,0.9820085167884827,0.0,0.0,0.0,0.9994199872016907,0.9937201738357544
671,0.7266126871109009,0.0,0.0,0.0,0.0,0.9192411303520203
672,0.07034983485937119,0.0,0.0,0.0,0.0,0.6452397108078003
673,0.7000201940536499,0.0,0.0,0.0,0.014073249883949757,0.9985030889511108
674,0.8016409873962402,0.0,0.0,0.0,0.16439799964427948,0.9360309839248657
675,0.725717306137085,0.0,0.0,0.0,0.10868000239133835,0.9071429371833801
676,0.8709886074066162,0.0,0.0,0.0,0.9997608065605164,0.999491274356842
677,0.781071662902832,0.0,0.0,0.0,0.24209150671958923,0.9990352988243103
678,0.43508967757225037,0.0,0.0,0.0,0.12314733117818832,0.6622658967971802
679,0.5433877110481262,0.0,0.0,0.0,0.3164620101451874,0.9622963666915894
680,0.6172612905502319,0.0,0.0,0.0,0.1857805997133255,0.9545941352844238
681,0.9988420009613037,0.0,0.0,0.0,0.2587786018848419,0.9834553003311157
682,0.8728452920913696,0.0,0.0,0.0,0.20237140357494354,0.9656863212585449
683,0.994644820690155,0.0,0.0,0.0,0.09946300089359283,0.9950416088104248
684,0.9959993362426758,0.0,0.0,0.0,0.018791668117046356,0.9894571304321289
685,0.9976509809494019,0.0,0.0,0.0,0.049716003239154816,0.9958325624465942
686,0.7501788139343262,0.0,0.0,0.0,0.08469600230455399,0.9865509271621704
687,0.6402920484542847,0.0,0.0,0.0,0.06978850066661835,0.9933390021324158
688,0.7172619700431824,0.0,0.0,0.0,0.9980332255363464,0.9755738973617554
689,0.7248554825782776,0.0,0.0,0.0,0.11868474632501602,0.9748963713645935
690,0.5627769827842712,0.0,0.0,0.0,0.11135949939489365,0.9291802644729614
691,0.6539806723594666,0.0,0.0,0.0,0.9994272589683533,0.9512876868247986
692,0.9934898018836975,0.0,0.0,0.0,0.07393624633550644,0.9998366236686707
693,0.6987981200218201,0.0,0.0,0.0,0.16868025064468384,0.9989376664161682
694,0.4111282527446747,0.0,0.0,0.0,0.15014567971229553,0.9655587077140808
695,0.7463973760604858,0.0,0.0,0.0,0.9924312829971313,0.9551985263824463
696,0.617355227470398,0.0,0.0,0.0,0.09626000374555588,0.9904211759567261
697,0.8498498797416687,0.0,0.0,0.0,0.9904068112373352,0.9997349977493286
698,0.8724122047424316,0.0,0.0,0.0,0.44783076643943787,0.9966297149658203
699,0.5112887620925903,0.0,0.0,0.0,0.05032400041818619,0.8233579993247986
700,0.7315124869346619,0.0,0.0,0.0,0.2589973211288452,0.8868749141693115
701,0.8711916208267212,0.0,0.0,0.0,0.9992920160293579,0.9392772316932678
702,0.7213722467422485,0.0,0.0,0.0,0.9562175273895264,0.9998243451118469
703,0.30883270502090454,0.0,0.0,0.0,0.10664549469947815,0.9873170256614685
704,0.8736494779586792,0.0,0.0,0.0,0.0,0.9375167489051819
705,0.5327399969100952,0.05183720216155052,0.0,0.0,0.05298525094985962,0.9807775020599365
706,0.777575671672821,0.0,0.0,0.0,0.7535726428031921,0.9322584867477417
707,0.717714786529541,0.0,0.0,0.0,0.1475529968738556,0.9815081357955933
708,0.9896919131278992,0.0,0.0,0.0,0.21429049968719482,0.9841981530189514
709,0.8714190721511841,0.0,0.0,0.0,0.06795849651098251,0.93940669298172
710,0.6921863555908203,0.0,0.0,0.0,0.2443252056837082,0.9732115268707275
711,0.4218975901603699,0.0,0.0,0.0,0.0,0.9302598237991333
712,0.6111131906509399,0.0,0.0,0.0,0.2785417437553406,0.8876864910125732
713,0.7087187170982361,0.0,0.03083014488220215,0.03083014488220215,0.0787077471613884,0.9787949323654175
714,0.7873947024345398,0.0,0.0,0.0,0.08119550347328186,0.9984685182571411
715,0.9993618726730347,0.0,0.0,0.0,0.3577864170074463,0.9989815354347229
716,0.5961436629295349,0.0,0.0,0.0,0.04271774739027023,0.9352587461471558
717,0.9770646095275879,0.0,0.0,0.0,0.9992225766181946,0.9950124025344849
718,0.7612765431404114,0.0,0.0,0.0,0.2931344211101532,0.8875641226768494
719,0.9413846731185913,0.0,0.0,0.0,0.23119650781154633,0.9870050549507141
720,0.5761237144470215,0.0,0.0,0.0,0.3517753779888153,0.9982937574386597
721,0.865273118019104,0.0,0.0,0.0,0.1492597907781601,0.999255895614624
722,0.7982750535011292,0.0,0.0,0.0,0.0740009993314743,0.9703541994094849
723,0.6268149614334106,0.0,0.0,0.0,0.6177629828453064,0.997930109500885
724,0.9883674383163452,0.0,0.0,0.0,0.01385239977389574,0.9997634887695312
725,0.7267262935638428,0.0,0.0,0.0,0.9991075396537781,0.9839079976081848
726,0.8528720140457153,0.0,0.0,0.0,0.1622697412967682,0.999951183795929
727,0.1423657238483429,0.0,0.0,0.0,0.1600392460823059,0.9988131523132324
728,0.708495020866394,0.0,0.0,0.0,0.1017088070511818,0.9017176628112793
729,0.9958602786064148,0.0,0.030975501984357834,0.030975501984357834,0.026476800441741943,0.9970877170562744
730,0.9353148341178894,0.0,0.0,0.0,0.046214401721954346,0.9840316772460938
731,0.4714963436126709,0.0,0.0,0.0,0.017110200598835945,0.9999021887779236
732,0.6981129050254822,0.0,0.0,0.0,0.09131299704313278,0.995212972164154
733,0.40650200843811035,0.0,0.0,0.0,0.11760149896144867,0.9533778429031372
734,0.7769372463226318,0.0,0.0,0.0,0.0,0.9941473603248596
735,0.9979259967803955,0.0,0.0,0.0,0.08648650348186493,0.9912034869194031
736,0.6674788594245911,0.0,0.0,0.0,0.026759250089526176,0.8898310661315918
737,0.5174499750137329,0.0,0.0,0.0,0.0,0.9943742752075195
738,0.6416528820991516,0.0,0.0,0.0,0.015017000027000904,0.9894282817840576
739,0.6973594427108765,0.0,0.0,0.0,0.17580120265483856,0.9996122121810913
740,0.8705822229385376,0.0,0.036089666187763214,0.036089666187763214,0.9900731444358826,0.9988531470298767
741,0.8746156692504883,0.0,0.0,0.0,0.017128000035881996,0.9350362420082092
742,0.6853495240211487,0.0,0.0,0.0,0.0730772465467453,0.9993218183517456
743,0.7422746419906616,0.0,0.0,0.0,0.9989679455757141,0.9376620650291443
744,0.6322404742240906,0.0,0.0,0.0,0.10258549451828003,0.9904598593711853
745,0.9968215227127075,0.0,0.0,0.0,0.4976259768009186,0.996544361114502
746,0.721490740776062,0.0,0.0,0.0,0.16247649490833282,0.9997121095657349
747,0.7959316372871399,0.0,0.0,0.0,0.9992374181747437,0.9893321990966797
748,0.5160880088806152,0.0,0.0,0.0,0.1780959963798523,0.9085729718208313
749,0.7337292432785034,0.0,0.0,0.0,0.06875400245189667,0.996405303478241
750,0.9925183057785034,0.0,0.0,0.0,0.03742460161447525,0.9402220845222473
751,0.996971845626831,0.0,0.0,0.0,0.35128918290138245,0.9740329384803772
752,0.6728008985519409,0.0,0.0,0.0,0.4821680188179016,0.9413641691207886
753,0.9985471963882446,0.0,0.0,0.0,0.47640925645828247,0.9994382262229919
754,0.8244608044624329,0.0,0.0,0.0,0.08206924796104431,0.9952707290649414
755,0.5841829776763916,0.0,0.0,0.0,0.3877994120121002,0.9264109134674072
756,0.5736579895019531,0.0,0.010450857691466808,0.010450857691466808,0.9939891695976257,0.9995499849319458
757,0.6816597580909729,0.0,0.0,0.0,0.0691836029291153,0.9996333718299866
758,0.7616723775863647,0.0,0.0,0.0,0.15373066067695618,0.9629782438278198
759,0.8191301822662354,0.0,0.0,0.0,0.13402600586414337,0.983185350894928
760,0.9924628138542175,0.0,0.0,0.0,0.14232349395751953,0.9783324599266052
761,0.540407121181488,0.0,0.0,0.0,0.04240325093269348,0.9393311142921448
762,0.1864745020866394,0.0,0.0,0.0,0.056481748819351196,0.9992170333862305
763,0.609771728515625,0.0,0.0,0.0,0.07360974699258804,0.886204183101654
764,0.17982473969459534,0.0,0.0,0.0,0.0,0.9157318472862244
765,0.4854130148887634,0.0,0.0,0.0,0.8000932931900024,0.9988633394241333
766,0.05557739734649658,0.0,0.0,0.0,0.0,0.5869410634040833
767,0.4451039135456085,0.0,0.0,0.0,0.7268900275230408,0.9818406701087952
768,0.9960553646087646,0.0,0.0,0.0,0.0,0.99777752161026
769,0.8416522145271301,0.0,0.0,0.0,0.1729857474565506,0.9984860420227051
770,0.7074244618415833,0.0,0.0,0.0,0.05245925113558769,0.9391345381736755
771,0.8538488149642944,0.0,0.0,0.0,0.1589222550392151,0.9996263980865479
772,0.9143006205558777,0.0,0.0,0.0,0.1181957945227623,0.9997047185897827
773,0.869129478931427,0.0,0.0,0.0,0.34443140029907227,0.9754033088684082
774,0.39050886034965515,0.0,0.0,0.0,0.09977175295352936,0.992120623588562
775,0.4258356988430023,0.0,0.0,0.0,0.06981624662876129,0.9337485432624817
776,0.7554362416267395,0.0,0.0,0.0,0.15367625653743744,0.997232973575592
777,0.8320893049240112,0.0,0.0,0.0,0.32228341698646545,0.9991990923881531
778,0.5371204614639282,0.0,0.0,0.0,0.31732580065727234,0.9993407726287842
779,0.7086604833602905,0.0,0.0,0.0,0.0,0.9974526166915894
780,0.6616562604904175,0.0,0.0,0.0,0.03791949898004532,0.9992372393608093
781,0.9964815378189087,0.0,0.0,0.0,0.2798452079296112,0.9881860017776489
782,0.956339418888092,0.0,0.0,0.0,0.1132040023803711,0.9987056255340576
783,0.9066804647445679,0.0,0.0,0.0,0.11284775286912918,0.9394434690475464
784,0.8700453639030457,0.0,0.0,0.0,0.07049079984426498,0.9975566864013672
785,0.0,0.0,0.0,0.0,0.10833533853292465,0.9921983480453491
786,0.4491541385650635,0.0,0.0,0.0,0.15341374278068542,0.9386090636253357
787,0.8852069973945618,0.0,0.0,0.0,0.9991990327835083,0.9869707822799683
788,0.6624083518981934,0.0,0.0,0.0,0.07444566488265991,0.9403849244117737
789,0.9263801574707031,0.0,0.0,0.0,0.31138747930526733,0.9358639717102051
790,0.8598662614822388,0.0,0.0,0.0,0.10220175236463547,0.9844384789466858
791,0.7472631335258484,0.0,0.0,0.0,0.12123099714517593,0.9392285943031311
792,0.7896389961242676,0.0,0.0,0.0,0.10495950281620026,0.8840206861495972
793,0.6956613063812256,0.0,0.0,0.0,0.1535642445087433,0.9993499517440796
794,0.9921152591705322,0.0,0.03562737628817558,0.03562737628817558,0.05846275016665459,0.9266511797904968
795,0.6241812109947205,0.0,0.0,0.0,0.04906975105404854,0.9989607334136963
796,0.5847557187080383,0.0,0.0,0.0,0.5943021774291992,0.935412585735321
797,0.43752366304397583,0.0,0.0,0.0,0.016315249726176262,0.9996306896209717
798,0.43392401933670044,0.0,0.0,0.0,0.7952036261558533,0.8637021780014038
799,0.5748217701911926,0.0,0.0,0.0,0.24869850277900696,0.9569864869117737
800,0.6765288710594177,0.0,0.0,0.0,0.7853342294692993,0.9394329786300659
801,0.8090535402297974,0.0,0.0,0.0,0.6142463684082031,0.9857211709022522
802,0.9956205487251282,0.0,0.0,0.0,0.10615875571966171,0.9987055659294128
803,0.18157625198364258,0.0,0.0,0.0,0.07366859912872314,0.5366464853286743
804,0.8735606074333191,0.0,0.0,0.0,0.5363532900810242,0.9699199795722961
805,0.401582807302475,0.0,0.0,0.0,0.04660174995660782,0.9909589886665344
806,0.629483163356781,0.0,0.0,0.0,0.0,0.9883955717086792
807,0.8626537322998047,0.0,0.0,0.0,0.41492247581481934,0.9616745114326477
808,0.7813044786453247,0.0,0.0,0.0,0.3176942467689514,0.9706181287765503
809,0.9144565463066101,0.0,0.0,0.0,0.17728224396705627,0.9994115829467773
810,0.6287503242492676,0.0,0.0,0.0,0.14399775862693787,0.9742743968963623
811,0.5056753158569336,0.0,0.0,0.0,0.05851399898529053,0.9391282200813293
812,0.5578420162200928,0.0,0.0,0.0,0.1178940087556839,0.9999204277992249
813,0.715416669845581,0.0,0.0,0.0,0.28285375237464905,0.9995250701904297
814,0.7114836573600769,0.0,0.0,0.0,0.9992768168449402,0.9625625610351562
815,0.5815367102622986,0.0,0.0,0.0,0.08973675221204758,0.9822413921356201
816,0.4408738613128662,0.0,0.0,0.0,0.05377475172281265,0.9335240721702576
817,0.8504089713096619,0.0,0.0,0.0,0.04814475029706955,0.990468442440033
818,0.7391760349273682,0.0,0.0,0.0,0.07477474957704544,0.9830124378204346
819,0.28745710849761963,0.0,0.0,0.0,0.0,0.8199673891067505
820,0.5323790311813354,0.0,0.0,0.0,0.0,0.9993270635604858
821,0.9967420101165771,0.0,0.0,0.0,0.9996072053909302,0.9920989274978638
822,0.5430270433425903,0.0,0.0,0.0,0.5280705094337463,0.9990226626396179
823,0.500126302242279,0.0,0.0,0.0,0.9298210144042969,0.978959321975708
824,0.25403568148612976,0.0,0.0,0.0,0.0,0.9044391512870789
825,0.8039995431900024,0.0,0.0,0.0,0.28977900743484497,0.9402156472206116
826,0.6490881443023682,0.0,0.0,0.0,0.09628524631261826,0.9396400451660156
827,0.9982762336730957,0.0,0.0,0.0,0.23602350056171417,0.9999977946281433
828,0.67261803150177,0.0,0.0,0.0,0.15842260420322418,0.9024970531463623
829,0.691794753074646,0.0,0.0,0.0,0.9994996190071106,0.9849690794944763
830,0.5985226035118103,0.0,0.0,0.0,0.0,0.9391050338745117
831,0.7254015207290649,0.0,0.0,0.0,0.19672700762748718,0.8063375949859619
832,0.9851396083831787,0.0,0.0,0.0,0.1386944055557251,0.9406397342681885
833,0.7347248792648315,0.0,0.0,0.0,0.9993085265159607,0.9983430504798889
834,0.9949900507926941,0.0,0.0,0.0,0.03585425019264221,0.989339292049408
835,0.26325544714927673,0.0,0.0,0.0,0.0,0.9825923442840576
836,0.6678714156150818,0.0,0.0,0.0,0.2002132534980774,0.9215306639671326
837,0.539928138256073,0.0,0.0,0.0,0.07476899772882462,0.9999078512191772
838,0.7047291994094849,0.0,0.0,0.0,0.08734600245952606,0.9872113466262817
839,0.8899581432342529,0.0,0.0,0.0,0.036781251430511475,0.9993672966957092
840,0.5962258577346802,0.0,0.0,0.0,0.10378299653530121,0.9384550452232361
841,0.5511128902435303,0.0,0.0,0.0,0.7951481938362122,0.8883019685745239
842,0.0,0.0,0.0,0.0,0.04786033555865288,0.9439952969551086
843,0.6466166377067566,0.0,0.0,0.0,0.070659339427948,0.935212254524231
844,0.733734667301178,0.0,0.0,0.0,0.10778799653053284,0.999330997467041
845,0.9963375329971313,0.0,0.0,0.0,0.04267974942922592,0.9950726628303528
846,0.9025422930717468,0.0,0.0,0.0,0.048705801367759705,0.936352550983429
847,0.9666970372200012,0.0,0.0,0.0,0.9999819993972778,0.9992811679840088
848,0.5441847443580627,0.0,0.0,0.0,0.15313367545604706,0.9998562335968018
849,0.5241317749023438,0.0,0.0,0.0,0.14786499738693237,0.985302209854126
850,0.9601016044616699,0.0,0.0,0.0,0.07528074830770493,0.9998133778572083
851,0.8729948997497559,0.0,0.0,0.0,0.999869167804718,0.9999616742134094
852,0.6512437462806702,0.0,0.0,0.0,0.944500744342804,0.9449333548545837
853,0.6674969792366028,0.02563433349132538,0.0,0.0,0.14585760235786438,0.9874641299247742
854,0.996749222278595,0.0,0.0,0.0,0.08143220096826553,0.9999452233314514
855,0.8435479998588562,0.0,0.0,0.0,0.05542780086398125,0.9929600954055786
856,0.8159567713737488,0.0,0.0,0.0,0.07833174616098404,0.9405619502067566
857,0.7063133120536804,0.0,0.0,0.0,0.0,0.9293950200080872
858,0.6200011372566223,0.0,0.0,0.0,0.02121325023472309,0.9063217043876648
859,0.5855743288993835,0.0,0.0,0.0,0.0,0.9394625425338745
860,0.6222767233848572,0.0,0.0,0.0,0.0,0.4545125663280487
861,0.6298401355743408,0.0,0.0,0.0,0.19043239951133728,0.9402809143066406
862,0.6180199384689331,0.0,0.0,0.0,0.10405725240707397,0.9352510571479797
863,0.24089550971984863,0.0,0.0,0.0,0.9960322380065918,0.9994865655899048
864,0.7526347041130066,0.0,0.0,0.0,0.10363874584436417,0.9899579286575317
865,0.7982672452926636,0.0,0.0,0.0,0.07505574822425842,0.9996951818466187
866,0.5293833613395691,0.0,0.0,0.0,0.1204490065574646,0.949911892414093
867,0.9980040192604065,0.0,0.0,0.0,0.9792991876602173,0.999944806098938
868,0.3658605217933655,0.0,0.0,0.0,0.049303751438856125,0.8861913084983826
869,0.47127172350883484,0.0,0.0,0.0,0.040627334266901016,0.9295366406440735
870,0.6478488445281982,0.022190000861883163,0.0,0.0,0.049518197774887085,0.9678258895874023
871,0.8187118768692017,0.0,0.0,0.0,0.5598471760749817,0.9389345645904541
872,0.40650811791419983,0.0,0.0,0.0,0.0563604012131691,0.8275007009506226
873,0.6273136138916016,0.0,0.0,0.0,0.3291580080986023,0.9992663264274597
874,0.6752355098724365,0.0,0.0,0.0,0.21760524809360504,0.9405130743980408
875,0.4249393343925476,0.0,0.0,0.0,0.03002299927175045,0.8061085343360901
876,0.7974209785461426,0.0,0.0,0.0,0.9995052218437195,0.9946991801261902
877,0.6271502375602722,0.0,0.0,0.0,0.04964175075292587,0.9995456337928772
878,0.8011722564697266,0.0,0.01781580038368702,0.01781580038368702,0.046891000121831894,0.9989947080612183
879,0.32658013701438904,0.0,0.0,0.0,0.03576900064945221,0.9399669766426086
880,0.9113870859146118,0.0,0.0,0.0,0.04985174909234047,0.9627513885498047
881,0.7753152251243591,0.01241083350032568,0.0,0.0,0.16534224152565002,0.9993218779563904
882,0.8165611624717712,0.0,0.0,0.0,0.8613214492797852,0.997290849685669
883,0.21933215856552124,0.0,0.0,0.0,0.15062999725341797,0.9986634850502014
884,0.9957333207130432,0.0,0.0,0.0,0.6510593891143799,0.9400308728218079
885,0.962769091129303,0.0,0.0,0.0,0.2569334805011749,0.9913390278816223
886,0.8574570417404175,0.0,0.0,0.0,0.11293549835681915,0.969753086566925
887,0.497541606426239,0.0,0.0,0.0,0.09251680225133896,0.8941119909286499
888,0.6962801814079285,0.0,0.0,0.0,0.1898140013217926,0.9239472150802612
889,0.5405735373497009,0.0,0.0,0.0,0.9721947908401489,0.9394093155860901
890,0.5211259722709656,0.0,0.0,0.0,0.9737540483474731,0.9993029236793518
891,0.7191606760025024,0.0,0.02154242806136608,0.02154242806136608,0.2347957342863083,0.9995244741439819
892,0.6140791773796082,0.0,0.0,0.0,0.26676398515701294,0.9994503855705261
893,0.6923402547836304,0.0,0.027045145630836487,0.027045145630836487,0.7770064473152161,0.8461306691169739
894,0.9082072973251343,0.0,0.0,0.0,0.9657480120658875,0.9684325456619263
895,0.879781186580658,0.0,0.0,0.0,0.09785424917936325,0.9997934103012085
896,0.528538167476654,0.0,0.0,0.0,0.2100607454776764,0.950822651386261
897,0.7008775472640991,0.0,0.0,0.0,0.1653185933828354,0.9490544199943542
898,0.17405450344085693,0.0,0.0,0.0,0.0,0.4698045551776886
899,0.6709423661231995,0.0,0.0,0.0,0.2911275029182434,0.9544616341590881
900,0.6062062978744507,0.0,0.0,0.0,0.06008024886250496,0.9927974939346313
901,0.5816521644592285,0.0,0.0,0.0,0.17960920929908752,0.8995149731636047
902,0.9022849202156067,0.0,0.0,0.0,0.060275498777627945,0.9993704557418823
903,0.673952043056488,0.0,0.0,0.0,0.0,0.9998226165771484
904,0.43504899740219116,0.0,0.0,0.0,0.0,0.927328884601593
905,0.3046815097332001,0.0,0.0,0.0,0.7330967783927917,0.998877227306366
906,0.46398118138313293,0.0,0.0,0.0,0.1312897503376007,0.9942525029182434
907,0.8225228190422058,0.0,0.0,0.0,0.07399260252714157,0.9820789694786072
908,0.33172786235809326,0.0,0.0,0.0,0.4959009885787964,0.7014549970626831
909,0.5200966000556946,0.0,0.0,0.0,0.0356689989566803,0.9255865812301636
910,0.39037203788757324,0.0,0.0,0.0,0.998730480670929,0.9989920854568481
911,0.477536141872406,0.0,0.0,0.0,0.031352750957012177,0.9805558323860168
912,0.6233822107315063,0.0,0.0,0.0,0.9987697005271912,0.9469372630119324
913,0.38074952363967896,0.0,0.0,0.0,0.3847399950027466,0.9192898273468018
914,0.8254510164260864,0.0,0.0,0.0,0.09413524717092514,0.9003197550773621
915,0.742841899394989,0.0,0.0,0.0,0.42510199546813965,0.9806554913520813
916,0.989197850227356,0.0,0.0,0.0,0.8412806987762451,0.9990665912628174
917,0.5855310559272766,0.0,0.0,0.0,0.15922574698925018,0.9773163199424744
918,0.9928013682365417,0.0,0.0,0.0,0.962127685546875,0.9898222088813782
919,0.9993751645088196,0.0,0.0,0.0,0.9992768168449402,0.9895862340927124
920,0.6715919971466064,0.0,0.0,0.0,0.10763224959373474,0.9617989659309387
921,0.5624942779541016,0.0,0.0,0.0,0.0684686005115509,0.998458743095398
922,0.8897875547409058,0.0,0.0,0.0,0.2846947908401489,0.9898034930229187
923,0.46072301268577576,0.0,0.0,0.0,0.0,0.9157368540763855
924,0.7025800347328186,0.0,0.0,0.0,0.0,0.7316262125968933
925,0.8862606883049011,0.0,0.0,0.0,0.7165705561637878,0.9856147766113281
926,0.8732113838195801,0.0,0.03380671516060829,0.03380671516060829,0.9998864531517029,0.9995163083076477
927,0.9981929063796997,0.0,0.0,0.0,0.08960219472646713,0.9901442527770996
928,0.9971098899841309,0.0,0.0,0.0,0.999724805355072,0.9994695782661438
929,0.9979879260063171,0.0,0.0,0.0,0.3872182071208954,0.9931386113166809
930,0.8525785803794861,0.0,0.0,0.0,0.3430784046649933,0.9384949207305908
931,0.8717142343521118,0.0,0.0,0.0,0.44564300775527954,0.9814845323562622
932,0.46067890524864197,0.0,0.0,0.0,0.9975288510322571,0.9952679872512817
933,0.6210178732872009,0.0,0.0,0.0,0.09271600097417831,0.8892528414726257
934,0.7927156686782837,0.0,0.0,0.0,0.31660062074661255,0.9388490915298462
935,0.6325219869613647,0.0,0.0,0.0,0.04984999820590019,0.9987345337867737
936,0.7626981735229492,0.0,0.0,0.0,0.16964450478553772,0.9934236407279968
937,0.7193039059638977,0.0,0.0,0.0,0.9971300363540649,0.9548130035400391
938,0.666942298412323,0.0,0.0,0.0,0.0,0.9830288290977478
939,0.7193306684494019,0.0,0.0,0.0,0.9473321437835693,0.9981558322906494
940,0.5964977145195007,0.0,0.0,0.0,0.060208000242710114,0.8852480053901672
941,0.414297878742218,0.0,0.0,0.0,0.14693699777126312,0.8958462476730347
942,0.3712862730026245,0.0,0.0,0.0,0.14568600058555603,0.9901180267333984
943,0.9961127042770386,0.0,0.0,0.0,0.33128201961517334,0.9396426677703857
944,0.6946591138839722,0.0,0.0,0.0,0.10789100080728531,0.9806967973709106
945,0.14126920700073242,0.0,0.0,0.0,0.0,0.8913388848304749
946,0.8111469745635986,0.0,0.0,0.0,0.3052462041378021,0.9892914891242981
947,0.8710601329803467,0.0,0.0,0.0,0.9997121691703796,0.9931532144546509
948,0.6733945608139038,0.0,0.0,0.0,0.024820499122142792,0.9991180896759033
949,0.6199092864990234,0.0,0.0,0.0,0.08129049837589264,0.9661245346069336
950,0.6792984008789062,0.0,0.0,0.0,0.031697750091552734,0.9853326678276062
951,0.9940211176872253,0.0,0.0,0.0,0.24689100682735443,0.999957263469696
952,0.6231483221054077,0.0,0.0,0.0,0.6516212224960327,0.9941385388374329
953,0.8737061023712158,0.0,0.0,0.0,0.0844322070479393,0.9998298287391663
954,0.3612624406814575,0.0,0.0,0.0,0.18294325470924377,0.8856468796730042
955,0.8437008857727051,0.0,0.01628912426531315,0.01628912426531315,0.9995919466018677,0.8939026594161987
956,0.6922478079795837,0.0,0.0,0.0,0.04775499925017357,0.9589453339576721
957,0.43372949957847595,0.0,0.0,0.0,0.04612874984741211,0.9996057152748108
958,0.47302183508872986,0.0,0.0,0.0,0.0,0.9348482489585876
959,0.8103201985359192,0.0,0.0,0.0,0.11517825722694397,0.9794672727584839
960,0.7925441861152649,0.0,0.0,0.0,0.4455246031284332,0.98769211769104
961,0.9954597353935242,0.0,0.0,0.0,0.06415774673223495,0.9957782030105591
962,0.15978720784187317,0.030367199331521988,0.0,0.0,0.1515139937400818,0.9846566319465637
963,0.5093095302581787,0.0,0.0,0.0,0.052539002150297165,0.9998287558555603
964,0.9947422742843628,0.0,0.0,0.0,0.3014407455921173,0.9803277254104614
965,0.8046205043792725,0.0,0.0,0.0,0.5078870058059692,0.9855862855911255
966,0.9914717078208923,0.0,0.0,0.0,0.19978250563144684,0.9971106052398682
967,0.8850814700126648,0.0,0.022486573085188866,0.022486573085188866,1.0,0.9974967837333679
968,0.7946963310241699,0.0,0.0,0.0,0.29280775785446167,0.9985721707344055
969,0.38701337575912476,0.0,0.0,0.0,0.09649399667978287,0.8663103580474854
970,0.8900601267814636,0.0,0.0,0.0,0.9173766374588013,0.9780024886131287
971,0.87187659740448,0.009492000564932823,0.028917834162712097,0.028917834162712097,0.48230600357055664,0.9393812417984009
972,0.9980430006980896,0.0,0.0,0.0,0.36837998032569885,0.9857537746429443
973,0.753089189529419,0.0,0.0,0.0,0.9975022673606873,0.9998922348022461
974,0.4646729826927185,0.0,0.0,0.0,0.0,0.9382376074790955
975,0.6604868769645691,0.0,0.02342616766691208,0.02342616766691208,0.0,0.9289341568946838
976,0.9727757573127747,0.0,0.0,0.0,0.9994063377380371,0.9968666434288025
977,0.8358876705169678,0.0,0.0,0.0,0.26930323243141174,0.9999808073043823
978,0.6996623277664185,0.0,0.0,0.0,0.05311499908566475,0.9269838929176331
979,0.8372399806976318,0.0,0.0,0.0,0.0521012507379055,0.9972538948059082
980,0.5319720506668091,0.0,0.0,0.0,0.03867200016975403,0.9997772574424744
981,0.9231331944465637,0.0,0.0,0.0,0.042052000761032104,0.9467798471450806
982,0.7905566096305847,0.0,0.0,0.0,0.04042050242424011,0.9856675267219543
983,0.9932985305786133,0.0,0.0,0.0,0.1184762492775917,0.9847792387008667
984,0.8048022389411926,0.0,0.0,0.0,0.01799900084733963,0.999914288520813
985,0.8548382520675659,0.0,0.0,0.0,0.35006940364837646,0.98965984582901
986,0.7066478133201599,0.0,0.0,0.0,0.03650999814271927,0.9291553497314453
987,0.9016701579093933,0.0,0.0,0.0,0.1127622053027153,0.9634763598442078
988,0.9917854070663452,0.0,0.0,0.0,0.13944950699806213,0.9880115985870361
989,0.32469773292541504,0.0,0.0,0.0,0.09038500487804413,0.9374896883964539
990,0.32922884821891785,0.0,0.0,0.0,0.14864540100097656,0.9816890358924866
991,0.998832106590271,0.0,0.0,0.0,0.999196469783783,0.9996463060379028
992,0.6873943209648132,0.0,0.0,0.0,0.10122225433588028,0.8398404121398926
993,0.7284531593322754,0.0,0.0,0.0,0.0,0.9997145533561707
994,0.7507781386375427,0.0,0.0,0.0,0.3132070004940033,0.998099684715271
995,0.0,0.0,0.0,0.0,0.05050867050886154,0.9995921850204468
996,0.7314310073852539,0.0,0.0,0.0,0.9894623756408691,0.9665365815162659
997,0.9419161677360535,0.0,0.0,0.0,0.5231651663780212,0.9846265912055969
998,0.9928696155548096,0.0,0.0,0.0,0.1307774931192398,0.9408185482025146
999,0.20043286681175232,0.0,0.0,0.0,0.09051419794559479,0.8864186406135559
1000,0.9731409549713135,0.0,0.0,0.0,0.0843457505106926,0.9861690402030945
1001,0.5812050104141235,0.0,0.0,0.0,0.08662450313568115,0.999691903591156
1002,0.9952783584594727,0.0,0.0,0.0,0.0995275005698204,0.9398502111434937
1003,0.48690712451934814,0.0,0.0,0.0,0.20480762422084808,0.888129711151123
1004,0.5118183493614197,0.0,0.0,0.0,0.026165999472141266,0.37126442790031433
1005,0.6523718237876892,0.0,0.0,0.0,0.0995306670665741,0.9899547100067139
1006,0.49809888005256653,0.0,0.0,0.0,0.011245200410485268,0.9987159371376038
1007,0.6458239555358887,0.0,0.0,0.0,0.10363323986530304,0.9984821081161499
1008,0.8970286250114441,0.0,0.028481144458055496,0.028481144458055496,0.9561170339584351,0.9850462079048157
1009,0.9976480007171631,0.0,0.0,0.0,0.09617280215024948,0.9921215176582336
1010,0.9974843263626099,0.015961166471242905,0.0,0.0,0.9991999864578247,0.9903126955032349
1011,0.9935548305511475,0.0,0.0,0.0,0.06398449838161469,0.9741321206092834
1012,0.5547692775726318,0.0,0.0,0.0,0.14299719035625458,0.9987648725509644
1013,0.6235570311546326,0.0,0.0,0.0,0.32745620608329773,0.9922590255737305
1014,0.4037533700466156,0.0,0.0,0.0,0.1858532428741455,0.9996263980865479
1015,0.4629037082195282,0.0,0.0,0.0,0.0,0.9396805167198181
1016,0.9742109179496765,0.0,0.0,0.0,0.0,0.979529082775116
1017,0.0,0.0,0.0,0.0,0.15957999229431152,0.9980740547180176
1018,0.693378210067749,0.0,0.0,0.0,0.9999152421951294,0.9996472597122192
1019,0.5987837910652161,0.0,0.0,0.0,0.1460091918706894,0.9193305969238281
1020,0.5161647200584412,0.0,0.0,0.0,0.9975658655166626,0.9991020560264587
1021,0.9295697808265686,0.0,0.0,0.0,0.6834996938705444,0.9974505305290222
1022,0.4316468834877014,0.0,0.0,0.0,0.999420166015625,0.8584603071212769
1023,0.9942395091056824,0.0,0.0,0.0,0.16816824674606323,0.9703442454338074
