achB,0.01333,0.01333,0.01333,0.01333,0.01333,0.01333,0.01333,0.01333,0.01333,0.01333,0.01333,0.01333,0.01333,0.01333,0.01333,0.01333,0.01333,0.01333,0.01333,0.01333,0.01333,0.01333,0.01333,0.01333,0.01333,0.02,0.02,0.02,0.02,0.02,0.02,0.02,0.02,0.02,0.02,0.02,0.02,0.02,0.02,0.02,0.02,0.02,0.02,0.02,0.02,0.02,0.02,0.02,0.02,0.02,0.03,0.03,0.03,0.03,0.03,0.03,0.03,0.03,0.03,0.03,0.03,0.03,0.03,0.03,0.03,0.03,0.03,0.03,0.03,0.03,0.03,0.03,0.03,0.03,0.03,0.045,0.045,0.045,0.045,0.045,0.045,0.045,0.045,0.045,0.045,0.045,0.045,0.045,0.045,0.045,0.045,0.045,0.045,0.045,0.045,0.045,0.045,0.045,0.045,0.045,0.0675,0.0675,0.0675,0.0675,0.0675,0.0675,0.0675,0.0675,0.0675,0.0675,0.0675,0.0675,0.0675,0.0675,0.0675,0.0675,0.0675,0.0675,0.0675,0.0675,0.0675,0.0675,0.0675,0.0675,0.0675
gabaB,0.01333,0.01333,0.01333,0.01333,0.01333,0.02,0.02,0.02,0.02,0.02,0.03,0.03,0.03,0.03,0.03,0.045,0.045,0.045,0.045,0.045,0.0675,0.0675,0.0675,0.0675,0.0675,0.01333,0.01333,0.01333,0.01333,0.01333,0.02,0.02,0.02,0.02,0.02,0.03,0.03,0.03,0.03,0.03,0.045,0.045,0.045,0.045,0.045,0.0675,0.0675,0.0675,0.0675,0.0675,0.01333,0.01333,0.01333,0.01333,0.01333,0.02,0.02,0.02,0.02,0.02,0.03,0.03,0.03,0.03,0.03,0.045,0.045,0.045,0.045,0.045,0.0675,0.0675,0.0675,0.0675,0.0675,0.01333,0.01333,0.01333,0.01333,0.01333,0.02,0.02,0.02,0.02,0.02,0.03,0.03,0.03,0.03,0.03,0.045,0.045,0.045,0.045,0.045,0.0675,0.0675,0.0675,0.0675,0.0675,0.01333,0.01333,0.01333,0.01333,0.01333,0.02,0.02,0.02,0.02,0.02,0.03,0.03,0.03,0.03,0.03,0.045,0.045,0.045,0.045,0.045,0.0675,0.0675,0.0675,0.0675,0.0675
gluB,0.01333,0.02,0.03,0.045,0.0675,0.01333,0.02,0.03,0.045,0.0675,0.01333,0.02,0.03,0.045,0.0675,0.01333,0.02,0.03,0.045,0.0675,0.01333,0.02,0.03,0.045,0.0675,0.01333,0.02,0.03,0.045,0.0675,0.01333,0.02,0.03,0.045,0.0675,0.01333,0.02,0.03,0.045,0.0675,0.01333,0.02,0.03,0.045,0.0675,0.01333,0.02,0.03,0.045,0.0675,0.01333,0.02,0.03,0.045,0.0675,0.01333,0.02,0.03,0.045,0.0675,0.01333,0.02,0.03,0.045,0.0675,0.01333,0.02,0.03,0.045,0.0675,0.01333,0.02,0.03,0.045,0.0675,0.01333,0.02,0.03,0.045,0.0675,0.01333,0.02,0.03,0.045,0.0675,0.01333,0.02,0.03,0.045,0.0675,0.01333,0.02,0.03,0.045,0.0675,0.01333,0.02,0.03,0.045,0.0675,0.01333,0.02,0.03,0.045,0.0675,0.01333,0.02,0.03,0.045,0.0675,0.01333,0.02,0.03,0.045,0.0675,0.01333,0.02,0.03,0.045,0.0675,0.01333,0.02,0.03,0.045,0.0675
0,0,0,0,0,0,0,0,0,0,0,0,0,0,0,0,0,0,0,0,0,0,0,0,0,0,0,0,0,0,0,0,0,0,0,0,0,0,0,0,0,0,0,0,0,0,0,0,0,0,0,8,4,3,2,2,3,3,2,2,2,2,2,2,2,2,2,2,2,2,2,2,2,2,2,0,133,123,116,108,7,120,118,33,8,4,107,14,9,7,4,9,6,5,5,3,8,5,6,5,3,136,136,132,122,111,136,134,125,117,108,129,123,117,107,105,124,120.0,111.0,103.0,25.0,101.0,106.0,117.0,17.0,15.0
1,0,0,0,0,0,0,0,0,0,0,0,0,0,0,0,0,0,0,0,0,0,0,0,0,0,0,0,0,0,0,0,0,0,0,0,0,0,0,0,0,0,0,0,0,0,0,0,0,0,0,10,6,5,4,3,4,3,4,4,3,3,3,2,3,3,2,2,2,3,3,2,2,2,3,3,132,122,114,108,9,122,113,50,10,8,96,112,11,9,7,18,9,9,7,7,18,9,9,7,4,136,133,129,119,109,135,132,124,117,106,130,123,118,105,115,112,110.0,102.0,107.0,107.0,106.0,108.0,117.0,97.0,108.0
2,0,0,0,0,0,0,0,0,0,0,0,0,0,0,0,0,0,0,0,0,0,0,0,0,0,0,0,0,0,0,0,0,0,0,0,0,0,0,0,0,0,0,0,0,0,0,0,0,0,0,16,8,3,3,2,5,3,3,2,2,2,2,2,2,2,2,2,2,2,2,2,2,2,2,2,132,120,114,112,12,122,117,108,15,6,111,105,15,7,6,15,9,8,6,5,11,8,7,5,3,136,134,130,120,109,135,132,123,117,106,130,125,115,108,101,126,122.0,107.0,100.0,96.0,113.0,111.0,97.0,90.0,108.0
3,0,0,0,0,0,0,0,0,0,0,0,0,0,0,0,0,0,0,0,0,0,0,0,0,0,0,0,0,0,0,0,0,0,0,0,0,0,0,0,0,0,0,0,0,0,0,0,0,0,0,8,3,3,2,2,3,2,2,3,2,2,2,2,2,2,2,2,2,2,2,2,2,2,2,2,131,123,114,32,8,121,116,118,16,6,100,31,15,8,6,106,17,8,6,4,18,19,10,7,4,136,134,128,118,111,135,135,125,117,108,131,124,117,107,104,119,111.0,100.0,105.0,94.0,97.0,109.0,112.0,91.0,94.0
4,0,0,0,0,0,0,0,0,0,0,0,0,0,0,0,0,0,0,0,0,0,0,0,0,0,0,0,0,0,0,0,0,0,0,0,0,0,0,0,0,0,0,0,0,0,0,0,0,0,0,7,6,4,3,3,5,5,3,3,3,4,3,3,3,3,2,3,3,3,3,2,4,3,3,3,131,120,110,13,6,119,108,20,9,5,117,11,10,7,6,11,10,9,8,4,17,10,8,6,4,136,134,129,117,114,135,133,124,116,107,129,123,117,103,98,114,111.0,107.0,108.0,94.0,113.0,107.0,116.0,111.0,100.0
5,0,0,0,0,0,0,0,0,0,0,0,0,0,0,0,0,0,0,0,0,0,0,0,0,0,1,0,0,0,0,0,0,0,0,0,0,0,0,0,0,0,0,0,0,0,0,0,0,0,0,7,7,4,4,2,4,4,4,3,3,2,3,3,3,3,2,2,3,3,3,2,2,3,3,2,132,125,113,112,16,123,117,107,18,13,112,105,19,9,8,111,18,10,8,8,37,19,9,7,5,136,135,131,119,109,135,133,126,116,111,131,125,117,112,107,113,111.0,100.0,110.0,111.0,100.0,108.0,104.0,104.0,93.0
6,0,0,0,0,0,0,0,0,0,0,0,0,0,0,0,0,0,0,0,0,0,0,0,0,0,0,0,0,0,0,0,0,0,0,0,0,0,0,0,0,0,0,0,0,0,0,0,0,0,0,9,6,3,4,3,4,3,3,3,2,2,2,2,3,2,2,2,2,2,2,2,2,2,2,2,129,122,117,14,6,120,116,110,10,5,99,103,11,7,5,16,10,10,7,4,14,11,8,6,4,136,135,129,120,109,135,134,125,116,105,129,125,116,107,102,117,118.0,116.0,112.0,91.0,91.0,113.0,108.0,97.0,93.0
7,0,0,0,0,0,0,0,0,0,0,0,0,0,0,0,0,0,0,0,0,0,0,0,0,0,0,1,1,1,0,0,0,0,0,0,0,0,0,0,0,0,0,0,0,0,0,0,0,0,0,7,5,3,2,2,3,3,2,3,2,2,2,2,3,2,2,2,2,3,2,2,2,2,3,2,131,122,116,109,11,122,121,103,13,5,108,116,13,8,6,10,10,9,7,5,16,9,8,5,5,136,134,128,120,108,136,132,125,121,107,131,124,117,110,97,118,116.0,102.0,107.0,101.0,97.0,108.0,111.0,89.0,97.0
8,0,0,0,0,0,0,0,0,0,0,0,0,0,0,0,0,0,0,0,0,0,0,0,0,0,1,1,1,0,0,0,0,0,0,0,0,0,0,0,0,0,0,0,0,0,0,0,0,0,0,11,7,7,5,3,7,6,5,5,3,2,3,4,4,3,2,3,4,3,2,3,3,3,2,2,132,122,117,110,10,121,117,107,11,8,101,31,13,9,6,109,17,9,7,6,19,17,9,5,4,136,134,130,121,109,136,132,123,118,103,130,126,119,106,104,123,116.0,109.0,109.0,108.0,89.0,107.0,109.0,95.0,92.0
9,0,0,0,0,0,0,0,0,0,0,0,0,0,0,0,0,0,0,0,0,0,0,0,0,0,0,0,0,0,0,0,0,0,0,0,0,0,0,0,0,0,0,0,0,0,0,0,0,0,0,5,3,2,3,2,2,2,2,2,2,2,2,2,2,1,2,2,2,1,1,1,1,1,1,0,132,123,114,14,6,123,111,23,9,4,107,20,9,6,3,9,8,6,4,3,11,6,6,3,3,136,135,130,120,112,135,133,126,119,101,131,126,119,108,97,119,111.0,108.0,112.0,89.0,96.0,110.0,93.0,96.0,91.0
10,0,0,0,0,0,0,0,0,0,0,0,0,0,0,0,0,0,0,0,0,0,0,0,0,0,0,0,0,0,0,0,0,0,0,0,0,0,0,0,0,0,0,0,0,0,0,0,0,0,0,10,7,6,3,2,6,6,3,3,3,2,3,3,3,3,2,4,4,3,3,2,3,4,3,3,133,124,117,102,9,122,116,114,12,7,110,96,14,8,7,18,11,8,6,5,16,10,7,6,4,136,134,129,119,108,135,134,125,115,105,132,125,116,110,121,128,122.0,108.0,111.0,94.0,104.0,104.0,106.0,111.0,94.0
11,0,0,0,0,0,0,0,0,0,0,0,0,0,0,0,0,0,0,0,0,0,0,0,0,0,1,1,1,1,0,0,0,0,0,0,0,0,0,0,0,0,0,0,0,0,0,0,0,0,0,6,6,5,4,4,5,5,4,4,3,3,4,4,3,3,2,4,3,3,2,3,3,3,2,2,133,120,108,13,8,122,109,23,10,7,104,19,11,8,4,20,12,9,6,3,19,11,10,3,3,136,134,131,122,112,135,133,126,118,108,130,123,115,110,103,108,108.0,113.0,111.0,106.0,94.0,110.0,102.0,100.0,94.0
12,0,0,0,0,0,0,0,0,0,0,0,0,0,0,0,0,0,0,0,0,0,0,0,0,0,2,2,2,2,2,2,2,2,2,2,1,1,1,1,1,1,1,1,0,0,0,0,0,0,0,12,7,5,3,3,5,6,3,3,3,3,3,3,3,3,3,3,3,3,3,3,3,3,3,3,130,124,117,29,8,120,115,35,16,6,106,36,16,10,5,94,18,9,8,4,16,17,10,7,4,136,134,129,120,111,135,133,126,114,109,129,124,117,106,112,118,114.0,101.0,101.0,102.0,114.0,119.0,110.0,109.0,105.0
13,0,0,0,0,0,0,0,0,0,0,0,0,0,0,0,0,0,0,0,0,0,0,0,0,0,0,0,0,0,0,0,0,0,0,0,0,0,0,0,0,0,0,0,0,0,0,0,0,0,0,7,7,3,2,2,6,2,2,2,2,2,2,2,2,2,2,2,2,2,2,2,2,2,2,1,132,124,114,22,14,121,108,21,13,9,113,17,12,10,8,19,12,10,8,5,19,11,9,6,4,136,134,130,120,109,136,132,125,118,107,131,125,117,102,97,124,113.0,118.0,114.0,90.0,114.0,95.0,109.0,104.0,84.0
14,0,0,0,0,0,0,0,0,0,0,0,0,0,0,0,0,0,0,0,0,0,0,0,0,0,0,0,0,0,0,0,0,0,0,0,0,0,0,0,0,0,0,0,0,0,0,0,0,0,0,11,7,5,4,3,5,4,4,3,3,2,3,4,3,3,2,4,3,3,3,2,3,3,3,3,132,123,118,109,8,122,118,104,10,7,108,110,11,8,6,20,9,9,6,4,18,16,9,4,3,136,135,129,121,109,136,134,124,114,102,131,127,119,114,103,122,122.0,111.0,104.0,96.0,111.0,108.0,113.0,98.0,108.0
15,0,0,0,0,0,0,0,0,0,0,0,0,0,0,0,0,0,0,0,0,0,0,0,0,0,0,0,0,0,0,0,0,0,0,0,0,0,0,0,0,0,0,0,0,0,0,0,0,0,0,6,5,3,2,2,3,3,2,2,2,2,2,2,2,2,2,2,2,2,2,2,2,2,2,2,128,120,117,17,7,122,113,21,8,5,107,105,6,7,5,13,6,7,6,5,12,6,5,5,3,136,134,129,121,104,134,132,125,118,103,129,124,115,106,93,123,114.0,105.0,113.0,96.0,109.0,105.0,25.0,22.0,120.0
16,0,0,0,0,0,0,0,0,0,0,0,0,0,0,0,0,0,0,0,0,0,0,0,0,0,0,0,0,0,0,0,0,0,0,0,0,0,0,0,0,0,0,0,0,0,0,0,0,0,0,7,7,4,3,2,5,3,3,3,3,2,2,3,3,3,2,3,2,3,2,3,3,2,2,2,128,123,115,16,7,120,117,23,8,6,99,101,10,6,6,105,20,8,6,5,21,19,9,5,4,136,133,129,119,112,136,131,125,119,105,129,123,118,105,101,108,109.0,107.0,104.0,102.0,99.0,100.0,93.0,106.0,81.0
17,0,0,0,0,0,0,0,0,0,0,0,0,0,0,0,0,0,0,0,0,0,0,0,0,0,1,1,0,0,0,1,0,0,0,0,0,0,0,0,0,0,0,0,0,0,0,0,0,0,0,7,6,4,4,3,5,3,4,3,3,3,2,2,3,3,2,2,2,2,2,2,2,2,2,2,131,123,115,119,13,122,115,117,22,7,103,109,22,11,7,31,10,11,9,6,19,15,9,9,5,136,134,130,121,103,136,133,125,114,103,130,123,119,102,94,115,114.0,108.0,110.0,94.0,98.0,90.0,114.0,110.0,95.0
18,0,0,0,0,0,0,0,0,0,0,0,0,0,0,0,0,0,0,0,0,0,0,0,0,0,2,2,2,2,1,2,2,0,0,0,0,0,0,0,0,0,0,0,0,0,0,0,0,0,0,8,8,5,4,3,5,5,4,3,3,2,3,3,3,3,2,3,4,3,3,2,3,4,3,3,134,124,115,35,12,122,116,118,15,6,112,110,18,10,7,17,10,10,8,7,19,11,9,7,6,136,136,131,121,107,134,135,125,118,106,130,126,118,107,97,120,113.0,115.0,104.0,95.0,94.0,105.0,92.0,95.0,100.0
19,0,0,0,0,0,0,0,0,0,0,0,0,0,0,0,0,0,0,0,0,0,0,0,0,0,3,2,2,2,2,2,2,2,2,2,2,2,2,2,1,1,1,1,1,1,1,1,1,1,1,34,16,8,4,4,8,7,5,4,4,7,6,4,3,3,5,5,3,4,3,6,6,4,3,3,132,124,114,112,94,122,115,106,106,21,109,106,98,20,15,87,104,15,17,11,85,25,21,12,8,136,135,130,117,109,135,134,126,115,104,131,125,114,104,102,121,112.0,109.0,106.0,95.0,109.0,118.0,109.0,112.0,84.0
20,0,0,0,0,0,0,0,0,0,0,0,0,0,0,0,0,0,0,0,0,0,0,0,0,0,1,1,0,0,0,1,0,0,0,0,0,0,0,0,0,0,0,0,0,0,0,0,0,0,0,9,7,4,4,3,5,4,4,3,3,3,2,3,3,3,3,2,3,3,3,2,2,2,3,3,130,123,117,107,10,122,119,110,15,9,107,30,17,10,8,90,17,10,9,5,20,18,11,7,3,136,136,130,118,109,135,133,126,113,103,131,126,119,109,99,117,116.0,110.0,109.0,116.0,92.0,98.0,108.0,97.0,101.0
21,0,0,0,0,0,0,0,0,0,0,0,0,0,0,0,0,0,0,0,0,0,0,0,0,0,1,0,0,0,0,0,0,0,0,0,0,0,0,0,0,0,0,0,0,0,0,0,0,0,0,9,7,5,3,3,4,5,4,3,3,3,2,3,3,3,2,2,3,3,3,2,2,2,3,3,131,123,114,106,13,122,118,107,19,7,108,103,20,10,9,94,11,11,8,7,21,11,11,4,3,136,134,129,119,112,136,132,124,113,107,132,123,118,103,102,120,110.0,108.0,103.0,104.0,100.0,91.0,103.0,111.0,100.0
22,0,0,0,0,0,0,0,0,0,0,0,0,0,0,0,0,0,0,0,0,0,0,0,0,0,0,0,0,0,0,0,0,0,0,0,0,0,0,0,0,0,0,0,0,0,0,0,0,0,0,10,6,5,3,2,4,4,3,3,2,2,2,3,3,2,2,2,2,2,2,2,2,2,2,2,132,123,115,106,10,121,119,103,10,8,113,39,10,8,6,17,9,8,6,4,15,10,8,3,3,136,135,130,117,109,135,134,125,116,106,130,124,116,105,104,123,121.0,110.0,109.0,94.0,116.0,102.0,90.0,101.0,92.0
23,0,0,0,0,0,0,0,0,0,0,0,0,0,0,0,0,0,0,0,0,0,0,0,0,0,0,0,0,0,0,0,0,0,0,0,0,0,0,0,0,0,0,0,0,0,0,0,0,0,0,8,4,4,3,3,3,3,4,3,2,3,3,2,3,2,2,2,2,2,2,2,2,2,2,1,133,123,114,14,6,123,115,23,10,5,109,26,9,8,3,22,16,7,7,3,20,16,8,4,3,136,134,131,117,116,135,135,125,119,111,130,125,120,108,112,124,119.0,112.0,122.0,105.0,101.0,116.0,102.0,106.0,95.0
24,0,0,0,0,0,0,0,0,0,0,0,0,0,0,0,0,0,0,0,0,0,0,0,0,0,0,0,0,0,0,0,0,0,0,0,0,0,0,0,0,0,0,0,0,0,0,0,0,0,0,8,6,4,3,2,3,3,3,3,3,2,3,3,3,3,2,2,3,3,3,2,2,3,3,3,133,124,119,103,11,125,121,26,12,6,112,19,12,7,4,16,7,7,5,3,18,8,7,4,3,136,135,129,124,106,134,134,126,122,105,130,126,121,109,99,121,112.0,107.0,107.0,108.0,88.0,99.0,95.0,115.0,99.0
25,0,0,0,0,0,0,0,0,0,0,0,0,0,0,0,0,0,0,0,0,0,0,0,0,0,0,0,0,0,0,0,0,0,0,0,0,0,0,0,0,0,0,0,0,0,0,0,0,0,0,6,6,4,4,3,5,3,4,3,3,2,2,3,3,3,2,2,3,3,2,1,2,2,3,2,132,124,113,19,8,122,114,29,10,7,107,22,12,8,3,10,9,7,6,3,12,10,7,5,3,137,135,129,120,103,135,133,125,118,99,131,125,116,114,124,116,107.0,106.0,91.0,92.0,112.0,108.0,98.0,82.0,100.0
26,0,0,0,0,0,0,0,0,0,0,0,0,0,0,0,0,0,0,0,0,0,0,0,0,0,0,0,0,0,0,0,0,0,0,0,0,0,0,0,0,0,0,0,0,0,0,0,0,0,0,9,6,4,3,2,5,3,3,2,2,3,2,2,2,2,2,2,2,2,2,2,2,2,2,2,133,124,116,114,10,122,118,109,13,8,114,104,15,8,6,9,9,9,6,5,11,8,6,4,3,136,133,129,120,110,136,132,124,116,94,130,124,118,104,111,124,117.0,100.0,99.0,93.0,107.0,107.0,99.0,109.0,95.0
27,0,0,0,0,0,0,0,0,0,0,0,0,0,0,0,0,0,0,0,0,0,0,0,0,0,0,0,0,0,0,0,0,0,0,0,0,0,0,0,0,0,0,0,0,0,0,0,0,0,0,4,4,2,2,2,3,3,2,2,2,2,2,2,2,2,2,2,2,2,2,2,2,2,2,1,131,124,106,7,4,122,124,8,6,4,24,8,7,5,3,13,6,5,3,3,12,5,5,3,3,136,135,131,122,112,135,134,124,118,105,132,124,120,109,106,117,110.0,97.0,96.0,100.0,96.0,112.0,109.0,108.0,84.0
28,0,0,0,0,0,0,0,0,0,0,0,0,0,0,0,0,0,0,0,0,0,0,0,0,0,0,0,0,0,0,0,0,0,0,0,0,0,0,0,0,0,0,0,0,0,0,0,0,0,0,3,2,2,2,2,2,2,2,2,2,2,2,2,2,2,2,2,2,2,1,1,2,0,0,0,133,124,11,7,4,122,106,7,4,4,7,7,5,4,3,5,4,4,4,3,4,5,4,3,3,137,133,129,119,106,136,133,125,115,104,130,124,115,112,109,121,118.0,102.0,108.0,16.0,104.0,102.0,99.0,14.0,9.0
29,0,0,0,0,0,0,0,0,0,0,0,0,0,0,0,0,0,0,0,0,0,0,0,0,0,2,2,2,2,0,1,1,0,0,0,1,0,0,0,0,0,0,0,0,0,0,0,0,0,0,7,6,4,4,3,3,4,3,3,3,2,2,3,3,3,2,2,3,3,3,2,2,3,3,3,131,124,114,21,9,122,109,30,9,6,103,40,10,7,6,19,8,7,5,4,19,15,6,5,3,136,134,130,118,111,136,134,126,117,105,130,125,121,106,102,121,116.0,103.0,113.0,105.0,101.0,101.0,105.0,104.0,100.0
30,0,0,0,0,0,0,0,0,0,0,0,0,0,0,0,0,0,0,0,0,0,0,0,0,0,1,1,1,1,0,1,1,1,0,0,0,0,0,0,0,0,0,0,0,0,0,0,0,0,0,13,8,3,2,2,6,3,2,2,2,2,2,2,3,2,2,2,2,2,2,2,2,2,2,2,134,125,115,109,13,121,116,98,17,12,102,36,17,10,8,118,22,11,9,9,22,23,11,9,6,136,136,131,120,105,135,133,125,117,106,131,124,116,106,104,119,110.0,104.0,113.0,107.0,100.0,95.0,110.0,98.0,98.0
31,0,0,0,0,0,0,0,0,0,0,0,0,0,0,0,0,0,0,0,0,0,0,0,0,0,0,0,0,0,0,0,0,0,0,0,0,0,0,0,0,0,0,0,0,0,0,0,0,0,0,11,7,6,3,3,5,5,5,3,3,2,3,4,3,2,2,3,4,3,2,3,3,4,2,2,129,120,117,112,10,120,118,104,12,7,109,25,13,8,5,14,9,8,7,3,7,9,8,6,3,136,134,129,117,111,135,132,124,116,113,129,124,120,110,101,126,119.0,108.0,99.0,90.0,112.0,109.0,95.0,110.0,95.0
32,0,0,0,0,0,0,0,0,0,0,0,0,0,0,0,0,0,0,0,0,0,0,0,0,0,1,1,1,1,0,1,1,1,0,0,1,0,0,0,0,0,0,0,0,0,0,0,0,0,0,12,9,5,4,3,8,7,4,3,3,4,5,4,3,3,3,4,3,3,3,3,3,2,3,2,129,121,114,34,9,118,114,34,12,7,95,22,13,11,5,103,23,12,8,4,21,20,11,7,4,136,133,129,118,107,135,130,124,116,112,128,122,113,110,99,118,106.0,98.0,107.0,115.0,112.0,88.0,85.0,92.0,101.0
33,0,0,0,0,0,0,0,0,0,0,0,0,0,0,0,0,0,0,0,0,0,0,0,0,0,2,2,2,2,2,2,2,2,2,2,2,1,2,2,2,1,1,1,1,1,1,1,1,1,1,110,13,6,4,4,8,8,5,4,3,6,5,5,4,3,6,5,4,4,3,10,7,3,3,3,131,123,108,107,106,121,115,107,29,17,101,97,95,17,14,103,99,14,12,10,84,24,21,11,11,136,136,130,119,113,135,132,126,116,104,131,125,115,109,95,119,111.0,99.0,105.0,118.0,103.0,108.0,117.0,104.0,93.0
34,0,0,0,0,0,0,0,0,0,0,0,0,0,0,0,0,0,0,0,0,0,0,0,0,0,1,0,0,0,0,0,0,0,0,0,0,0,0,0,0,0,0,0,0,0,0,0,0,0,0,7,6,5,3,3,4,4,4,3,3,3,4,3,3,3,2,3,3,2,1,3,3,1,1,1,132,122,117,15,7,121,115,23,8,5,101,16,8,7,4,10,9,7,5,3,9,8,7,5,3,136,136,132,117,112,135,135,127,115,110,128,124,117,108,107,120,113.0,105.0,106.0,101.0,114.0,104.0,111.0,102.0,91.0
35,0,0,0,0,0,0,0,0,0,0,0,0,0,0,0,0,0,0,0,0,0,0,0,0,0,0,0,0,0,0,0,0,0,0,0,0,0,0,0,0,0,0,0,0,0,0,0,0,0,0,14,10,6,4,4,7,5,5,4,3,5,3,4,3,3,2,2,3,3,2,2,2,2,2,2,132,123,117,108,17,121,116,107,24,10,108,99,31,12,8,89,16,10,9,6,19,17,10,8,6,136,134,130,121,112,136,132,125,115,107,132,126,117,106,102,122,112.0,107.0,98.0,99.0,97.0,98.0,99.0,99.0,95.0
36,0,0,0,0,0,0,0,0,0,0,0,0,0,0,0,0,0,0,0,0,0,0,0,0,0,0,0,0,0,0,0,0,0,0,0,0,0,0,0,0,0,0,0,0,0,0,0,0,0,0,7,7,3,2,2,4,3,2,2,2,2,2,2,2,2,2,2,2,2,2,2,2,2,2,2,132,124,112,20,8,122,109,23,9,5,95,16,10,7,5,14,9,9,5,4,11,7,7,5,3,136,134,129,121,112,136,132,125,120,112,131,122,118,109,108,119,115.0,104.0,108.0,106.0,102.0,116.0,96.0,79.0,101.0
37,0,0,0,0,0,0,0,0,0,0,0,0,0,0,0,0,0,0,0,0,0,0,0,0,0,0,0,0,0,0,0,0,0,0,0,0,0,0,0,0,0,0,0,0,0,0,0,0,0,0,9,5,3,3,2,3,3,3,2,2,2,2,2,2,2,2,2,2,2,2,2,2,2,2,2,131,123,116,21,9,123,120,24,9,7,103,17,10,7,7,9,9,8,7,7,12,8,8,6,5,137,136,129,121,112,135,133,126,118,108,132,127,119,112,95,125,117.0,104.0,108.0,107.0,103.0,92.0,99.0,116.0,98.0
38,0,0,0,0,0,0,0,0,0,0,0,0,0,0,0,0,0,0,0,0,0,0,0,0,0,0,0,0,0,0,0,0,0,0,0,0,0,0,0,0,0,0,0,0,0,0,0,0,0,0,5,4,3,2,2,4,2,2,2,2,2,2,2,2,2,2,2,2,2,1,2,2,1,0,0,130,121,111,13,5,120,114,11,6,4,111,11,7,5,4,7,7,7,5,3,7,9,5,3,3,136,134,130,117,110,136,130,124,117,110,128,121,116,109,103,125,117.0,103.0,102.0,103.0,110.0,118.0,86.0,106.0,88.0
39,0,0,0,0,0,0,0,0,0,0,0,0,0,0,0,0,0,0,0,0,0,0,0,0,0,0,0,0,0,0,0,0,0,0,0,0,0,0,0,0,0,0,0,0,0,0,0,0,0,0,6,6,5,5,3,5,5,4,3,3,3,3,3,3,3,2,2,3,3,3,2,2,3,3,3,134,124,117,15,7,125,118,26,10,7,108,15,11,8,6,17,9,8,5,3,11,6,7,5,3,136,134,129,122,108,136,134,123,120,109,131,125,120,110,111,122,116.0,111.0,108.0,113.0,110.0,101.0,110.0,102.0,102.0
40,0,0,0,0,0,0,0,0,0,0,0,0,0,0,0,0,0,0,0,0,0,0,0,0,0,2,2,2,2,1,2,2,1,0,0,1,0,0,0,0,0,0,0,0,0,0,0,0,0,0,21,9,6,4,3,7,5,4,3,3,5,3,3,3,3,3,2,3,3,2,3,2,2,3,2,133,121,112,112,86,119,116,108,97,84,109,115,102,101,94,98,18,22,18,10,22,19,18,10,7,137,136,130,117,108,135,133,123,115,106,131,126,119,113,104,127,117.0,114.0,101.0,103.0,98.0,98.0,106.0,94.0,86.0
41,0,0,0,0,0,0,0,0,0,0,0,0,0,0,0,0,0,0,0,0,0,0,0,0,0,2,2,2,2,0,1,1,1,0,0,1,1,0,0,0,0,0,0,0,0,0,0,0,0,0,10,6,6,4,3,7,6,4,3,3,2,2,3,3,3,2,2,3,3,3,2,2,3,3,3,134,124,114,33,11,121,120,35,11,9,104,35,13,8,5,16,9,9,8,4,18,13,9,9,4,136,135,130,121,110,137,133,126,116,104,131,127,118,107,100,122,117.0,105.0,119.0,108.0,100.0,107.0,112.0,98.0,92.0
42,0,0,0,0,0,0,0,0,0,0,0,0,0,0,0,0,0,0,0,0,0,0,0,0,0,2,1,1,1,1,1,1,1,1,0,1,1,1,0,0,0,0,0,0,0,0,0,0,0,0,109,9,5,3,2,6,5,3,3,2,4,2,2,3,2,2,2,2,3,2,2,2,2,2,2,133,122,116,103,9,120,117,102,17,6,112,95,18,11,8,92,22,11,8,5,21,21,10,7,4,136,135,130,119,113,135,134,126,116,107,132,126,113,108,98,120,115.0,101.0,99.0,101.0,97.0,97.0,114.0,111.0,95.0
43,0,0,0,0,0,0,0,0,0,0,0,0,0,0,0,0,0,0,0,0,0,0,0,0,0,0,0,0,0,0,0,0,0,0,0,0,0,0,0,0,0,0,0,0,0,0,0,0,0,0,11,7,7,4,4,5,4,4,4,3,2,2,3,3,3,2,2,3,3,3,2,2,3,3,2,131,122,114,107,12,127,118,109,11,8,105,109,14,9,7,11,11,9,8,6,16,9,8,6,4,136,136,131,122,111,136,132,123,115,110,130,126,121,112,99,126,123.0,107.0,109.0,100.0,117.0,112.0,115.0,108.0,90.0
44,0,0,0,0,0,0,0,0,0,0,0,0,0,0,0,0,0,0,0,0,0,0,0,0,0,1,1,1,1,1,0,0,0,0,0,0,0,0,0,0,0,0,0,0,0,0,0,0,0,0,7,6,5,4,4,5,4,4,4,4,4,4,4,3,3,2,3,3,3,3,3,3,3,3,3,132,122,116,14,6,123,112,17,9,5,111,19,7,7,4,10,9,6,5,4,10,10,6,3,3,137,136,129,122,105,136,133,123,119,102,131,125,118,108,100,123,115.0,98.0,116.0,109.0,99.0,103.0,87.0,103.0,109.0
45,0,0,0,0,0,0,0,0,0,0,0,0,0,0,0,0,0,0,0,0,0,0,0,0,0,2,2,2,1,1,1,1,1,1,1,0,0,1,0,0,0,0,0,0,0,0,0,0,0,0,9,6,3,2,2,5,3,2,3,2,2,2,2,2,2,2,2,2,2,2,3,2,2,2,2,133,124,118,110,11,120,116,102,17,8,112,113,22,10,6,110,19,10,9,8,17,16,10,9,7,136,135,130,121,111,135,135,126,119,108,132,126,117,107,117,122,116.0,108.0,109.0,99.0,95.0,116.0,98.0,104.0,95.0
46,0,0,0,0,0,0,0,0,0,0,0,0,0,0,0,0,0,0,0,0,0,0,0,0,0,0,0,0,0,0,0,0,0,0,0,0,0,0,0,0,0,0,0,0,0,0,0,0,0,0,6,4,4,3,2,3,2,3,3,3,2,2,3,3,3,2,2,3,3,2,2,2,2,3,2,132,125,116,102,10,122,118,112,17,6,107,111,113,8,5,19,10,10,7,5,18,15,8,6,4,136,135,130,121,108,136,135,127,119,109,132,125,116,109,105,119,110.0,106.0,107.0,111.0,115.0,104.0,113.0,103.0,116.0
47,0,0,0,0,0,0,0,0,0,0,0,0,0,0,0,0,0,0,0,0,0,0,0,0,0,1,1,1,1,1,0,0,0,0,0,0,0,0,0,0,0,0,0,0,0,0,0,0,0,0,6,4,3,3,2,3,3,3,2,2,2,2,2,2,2,2,2,2,2,2,2,2,2,2,1,130,121,112,17,6,121,111,17,8,4,115,16,9,5,5,19,10,7,6,4,19,14,7,5,3,136,134,129,119,112,134,133,123,115,110,130,123,118,106,107,115,107.0,103.0,109.0,106.0,116.0,112.0,110.0,91.0,20.0
48,0,0,0,0,0,0,0,0,0,0,0,0,0,0,0,0,0,0,0,0,0,0,0,0,0,0,0,0,0,0,0,0,0,0,0,0,0,0,0,0,0,0,0,0,0,0,0,0,0,0,9,6,5,3,3,4,4,4,3,3,4,4,4,3,3,2,3,3,3,3,2,3,3,3,2,129,122,114,17,8,121,120,19,8,6,99,10,8,7,4,9,7,7,6,3,7,7,7,4,3,137,135,128,119,103,135,132,125,117,106,129,122,117,113,109,123,114.0,98.0,100.0,107.0,120.0,108.0,90.0,87.0,107.0
49,0,0,0,0,0,0,0,0,0,0,0,0,0,0,0,0,0,0,0,0,0,0,0,0,0,0,0,0,0,0,0,0,0,0,0,0,0,0,0,0,0,0,0,0,0,0,0,0,0,0,7,3,3,2,2,3,3,2,2,2,2,2,2,2,2,2,2,2,2,1,2,2,1,1,1,132,124,116,12,6,123,113,11,7,4,22,11,8,7,5,16,8,7,5,4,14,11,8,4,3,137,136,130,120,106,136,134,125,118,100,131,126,120,105,110,116,110.0,109.0,96.0,102.0,95.0,114.0,118.0,92.0,108.0
50,0,0,0,0,0,0,0,0,0,0,0,0,0,0,0,0,0,0,0,0,0,0,0,0,0,2,2,2,2,2,2,2,2,2,2,1,1,1,1,0,0,0,0,0,0,0,0,0,0,0,17,7,7,4,4,8,6,5,4,4,4,3,5,3,3,2,2,4,3,3,2,3,3,3,3,129,122,115,107,86,124,117,106,101,14,111,115,31,17,10,88,17,15,12,9,20,14,13,9,7,137,133,130,119,110,136,130,123,117,104,132,125,121,108,105,126,116.0,109.0,110.0,113.0,99.0,114.0,117.0,107.0,101.0
51,0,0,0,0,0,0,0,0,0,0,0,0,0,0,0,0,0,0,0,0,0,0,0,0,0,2,1,1,1,1,1,1,1,1,1,1,1,1,1,1,1,1,1,0,0,0,0,0,0,0,10,5,4,2,2,6,3,2,2,2,4,2,2,2,2,3,2,2,2,2,3,2,2,2,2,131,124,116,110,17,121,113,111,17,13,114,28,19,13,14,98,19,10,7,10,20,18,17,7,7,136,135,129,119,103,136,134,126,116,102,130,123,116,104,111,115,109.0,112.0,110.0,96.0,97.0,92.0,89.0,100.0,84.0
52,0,0,0,0,0,0,0,0,0,0,0,0,0,0,0,0,0,0,0,0,0,0,0,0,0,0,0,0,0,0,0,0,0,0,0,0,0,0,0,0,0,0,0,0,0,0,0,0,0,0,7,7,4,2,2,3,2,2,2,2,2,2,2,2,2,2,2,2,2,2,2,2,2,2,1,132,121,118,15,7,124,121,24,9,6,110,16,11,7,6,9,9,8,6,4,9,7,7,5,3,136,136,129,122,109,135,135,125,117,101,130,125,118,112,108,124,120.0,109.0,113.0,104.0,103.0,104.0,110.0,107.0,28.0
53,0,0,0,0,0,0,0,0,0,0,0,0,0,0,0,0,0,0,0,0,0,0,0,0,0,0,0,0,0,0,0,0,0,0,0,0,0,0,0,0,0,0,0,0,0,0,0,0,0,0,11,9,5,4,4,5,5,4,4,3,4,4,4,3,3,3,3,3,3,3,3,3,3,3,2,131,120,116,24,9,121,115,104,11,7,112,29,14,7,7,14,13,11,7,5,13,9,9,5,3,136,134,129,118,112,136,132,123,118,104,131,124,119,110,98,126,118.0,110.0,113.0,100.0,114.0,95.0,108.0,99.0,110.0
54,0,0,0,0,0,0,0,0,0,0,0,0,0,0,0,0,0,0,0,0,0,0,0,0,0,0,0,0,0,0,0,0,0,0,0,0,0,0,0,0,0,0,0,0,0,0,0,0,0,0,7,4,4,3,2,4,2,3,3,2,2,2,3,3,2,2,2,2,2,2,2,2,2,2,2,132,122,115,19,6,123,114,24,9,5,103,22,10,5,4,10,8,7,4,3,13,7,6,3,3,136,135,131,120,111,135,134,125,119,107,132,124,120,107,99,123,117.0,109.0,108.0,106.0,100.0,113.0,89.0,112.0,93.0
55,0,0,0,0,0,0,0,0,0,0,0,0,0,0,0,0,0,0,0,0,0,0,0,0,0,0,0,0,0,0,0,0,0,0,0,0,0,0,0,0,0,0,0,0,0,0,0,0,0,0,4,4,4,2,2,3,3,3,2,2,2,2,3,2,2,2,2,3,2,2,2,2,3,1,0,132,123,112,9,7,121,110,11,9,6,17,10,10,7,5,9,9,7,6,4,9,7,6,5,3,137,135,130,118,115,135,134,125,116,107,130,126,120,110,107,124,114.0,103.0,107.0,25.0,110.0,110.0,102.0,106.0,102.0
56,0,0,0,0,0,0,0,0,0,0,0,0,0,0,0,0,0,0,0,0,0,0,0,0,0,3,2,1,1,1,2,1,1,1,1,1,1,1,1,1,1,1,1,1,1,1,1,1,1,1,17,10,9,5,4,8,9,7,5,4,9,8,7,4,3,7,7,6,4,3,6,7,6,3,3,132,119,114,110,16,123,120,115,22,9,109,106,24,12,8,114,25,15,11,9,23,24,13,11,101,136,133,131,119,105,135,133,125,119,108,128,123,114,105,106,123,118.0,108.0,105.0,106.0,101.0,101.0,110.0,115.0,96.0
57,0,0,0,0,0,0,0,0,0,0,0,0,0,0,0,0,0,0,0,0,0,0,0,0,0,0,0,0,0,0,0,0,0,0,0,0,0,0,0,0,0,0,0,0,0,0,0,0,0,0,6,5,4,3,3,4,3,3,3,3,2,3,3,3,3,2,3,3,3,2,2,3,3,2,1,134,126,111,11,4,123,113,12,6,4,100,14,7,6,3,15,7,6,4,3,11,10,5,3,3,137,135,131,120,103,135,135,125,120,97,130,123,118,106,106,118,111.0,96.0,115.0,100.0,91.0,99.0,109.0,83.0,116.0
58,0,0,0,0,0,0,0,0,0,0,0,0,0,0,0,0,0,0,0,0,0,0,0,0,0,1,1,1,1,0,1,1,1,0,0,0,0,0,0,0,0,0,0,0,0,0,0,0,0,0,9,7,5,3,3,5,4,3,3,3,3,2,3,3,3,2,2,2,3,3,2,2,2,2,3,132,123,115,109,18,123,113,111,31,12,114,105,99,19,10,108,15,15,13,10,17,17,8,9,5,136,136,129,120,114,136,134,122,119,102,132,125,119,110,100,123,122.0,107.0,103.0,103.0,101.0,114.0,103.0,104.0,94.0
59,0,0,0,0,0,0,0,0,0,0,0,0,0,0,0,0,0,0,0,0,0,0,0,0,0,2,2,1,1,1,2,1,1,1,1,1,1,1,1,1,1,1,1,1,0,0,0,0,0,0,14,8,5,3,3,5,5,4,3,2,5,5,3,2,2,5,4,2,2,2,4,3,2,2,2,131,122,114,108,16,122,118,102,19,12,111,103,24,16,14,102,21,13,10,15,19,16,11,8,7,137,135,129,122,111,135,132,125,114,105,130,126,119,113,101,126,122.0,111.0,103.0,93.0,102.0,105.0,100.0,92.0,96.0
60,0,0,0,0,0,0,0,0,0,0,0,0,0,0,0,0,0,0,0,0,0,0,0,0,0,1,1,0,0,0,0,0,0,0,0,0,0,0,0,0,0,0,0,0,0,0,0,0,0,0,12,7,7,5,4,8,6,5,4,4,5,4,4,4,3,2,2,3,3,2,3,2,2,2,2,129,123,115,102,10,120,118,106,14,9,109,102,16,10,7,18,11,11,8,5,17,11,9,8,4,136,134,129,119,110,136,131,125,113,106,130,125,116,112,93,121,115.0,105.0,99.0,103.0,109.0,104.0,99.0,92.0,108.0
61,0,0,0,0,0,0,0,0,0,0,0,0,0,0,0,0,0,0,0,0,0,0,0,0,0,0,0,0,0,0,0,0,0,0,0,0,0,0,0,0,0,0,0,0,0,0,0,0,0,0,11,7,5,4,3,6,3,3,3,3,2,2,2,3,3,2,2,2,3,2,2,2,2,2,2,131,125,119,110,13,120,119,105,17,9,115,109,20,9,7,85,15,8,6,5,18,14,7,5,3,136,133,129,118,112,135,134,124,115,103,128,122,118,109,103,125,117.0,108.0,104.0,111.0,103.0,93.0,97.0,102.0,82.0
62,0,0,0,0,0,0,0,0,0,0,0,0,0,0,0,0,0,0,0,0,0,0,0,0,0,1,1,1,1,1,1,1,1,0,0,0,0,0,0,0,0,0,0,0,0,0,0,0,0,0,6,4,4,3,2,4,4,3,3,3,2,3,3,3,3,2,2,3,3,3,2,2,2,3,3,131,123,115,118,11,123,116,108,16,11,105,100,106,9,9,94,16,12,8,7,20,15,9,7,9,136,135,129,120,114,136,134,124,118,110,131,124,116,111,108,119,114.0,105.0,114.0,88.0,99.0,95.0,97.0,107.0,92.0
63,0,0,0,0,0,0,0,0,0,0,0,0,0,0,0,0,0,0,0,0,0,0,0,0,0,0,0,0,0,0,0,0,0,0,0,0,0,0,0,0,0,0,0,0,0,0,0,0,0,0,14,9,7,5,4,8,7,5,4,3,3,3,3,3,3,2,2,4,4,3,2,2,4,3,3,134,122,113,111,17,124,115,106,24,12,110,108,26,16,9,16,13,12,10,8,12,8,9,7,3,136,134,129,119,113,136,134,124,118,105,130,127,116,111,103,125,122.0,112.0,103.0,101.0,107.0,111.0,108.0,106.0,90.0
64,0,0,0,0,0,0,0,0,0,0,0,0,0,0,0,0,0,0,0,0,0,0,0,0,0,2,1,1,1,1,1,1,1,1,1,1,1,1,1,1,0,0,0,0,0,0,0,0,0,0,8,6,4,4,3,5,4,3,3,3,2,2,3,3,3,2,2,3,3,3,2,2,3,3,3,130,121,111,22,9,122,115,28,11,6,103,20,11,7,6,18,9,9,6,4,17,8,8,6,4,136,135,130,118,108,136,133,125,118,106,132,128,122,107,98,121,113.0,104.0,94.0,111.0,109.0,109.0,103.0,101.0,105.0
65,0,0,0,0,0,0,0,0,0,0,0,0,0,0,0,0,0,0,0,0,0,0,0,0,0,2,2,2,1,1,1,1,1,1,1,1,1,0,0,0,0,0,0,0,0,0,0,0,0,0,18,10,6,4,3,10,8,5,3,3,6,4,4,3,3,3,4,4,3,3,3,4,4,3,3,132,121,112,106,18,124,119,110,25,9,107,41,24,11,8,43,22,11,9,7,24,19,11,7,6,136,134,131,118,113,135,133,123,115,102,130,125,115,112,106,125,120.0,112.0,114.0,100.0,103.0,104.0,90.0,101.0,101.0
66,0,0,0,0,0,0,0,0,0,0,0,0,0,0,0,0,0,0,0,0,0,0,0,0,0,0,0,0,0,0,0,0,0,0,0,0,0,0,0,0,0,0,0,0,0,0,0,0,0,0,11,7,5,5,3,4,5,5,3,3,4,3,3,3,3,2,2,3,3,3,2,2,3,3,2,131,123,114,16,8,121,119,103,8,7,101,104,11,7,4,23,9,8,6,4,19,15,10,5,3,136,133,130,118,109,135,131,122,115,110,129,125,117,109,98,120,115.0,106.0,105.0,95.0,101.0,101.0,97.0,112.0,113.0
67,0,0,0,0,0,0,0,0,0,0,0,0,0,0,0,0,0,0,0,0,0,0,0,0,0,0,0,0,0,0,0,0,0,0,0,0,0,0,0,0,0,0,0,0,0,0,0,0,0,0,10,7,5,4,3,7,4,4,3,3,2,2,3,3,3,2,2,4,3,3,2,3,3,3,3,133,124,117,104,13,122,114,108,17,7,104,96,18,9,6,82,18,10,7,6,20,16,8,6,4,136,134,130,119,110,136,134,126,117,108,131,123,116,106,99,116,112.0,102.0,95.0,108.0,97.0,102.0,109.0,100.0,96.0
68,0,0,0,0,0,0,0,0,0,0,0,0,0,0,0,0,0,0,0,0,0,0,0,0,0,0,0,0,0,0,0,0,0,0,0,0,0,0,0,0,0,0,0,0,0,0,0,0,0,0,8,4,3,3,2,3,3,3,2,2,2,2,2,2,2,2,2,2,2,2,2,2,2,1,1,130,122,115,106,12,123,120,108,13,7,108,116,12,7,6,16,8,7,7,5,17,16,7,6,4,136,134,130,121,111,134,133,123,118,104,129,128,119,106,112,121,117.0,107.0,107.0,104.0,102.0,103.0,106.0,99.0,110.0
69,0,0,0,0,0,0,0,0,0,0,0,0,0,0,0,0,0,0,0,0,0,0,0,0,0,2,2,2,2,1,2,2,2,1,1,1,1,1,1,0,1,1,1,0,0,0,0,0,0,0,20,9,4,4,3,8,6,4,3,3,5,3,4,3,3,8,5,4,3,3,10,5,3,3,3,132,122,116,107,16,121,117,109,111,19,99,108,105,23,16,107,97,18,21,86,79,87,20,86,88,136,133,129,117,111,135,133,124,117,104,130,125,117,112,108,124,109.0,98.0,104.0,99.0,91.0,97.0,109.0,105.0,97.0
70,0,0,0,0,0,0,0,0,0,0,0,0,0,0,0,0,0,0,0,0,0,0,0,0,0,0,0,0,0,0,0,0,0,0,0,0,0,0,0,0,0,0,0,0,0,0,0,0,0,0,6,5,3,3,3,4,3,3,3,2,2,2,2,2,2,2,2,2,2,2,2,2,2,2,2,133,123,116,106,9,122,117,103,14,5,114,100,13,8,5,17,8,8,6,5,13,7,7,5,3,137,134,129,119,110,135,133,126,115,103,131,124,117,111,96,119,115.0,101.0,110.0,110.0,113.0,100.0,110.0,111.0,90.0
71,0,0,0,0,0,0,0,0,0,0,0,0,0,0,0,0,0,0,0,0,0,0,0,0,0,2,1,1,1,0,1,1,1,0,0,1,0,0,0,0,0,0,0,0,0,0,0,0,0,0,15,8,6,3,3,9,7,5,3,3,7,5,4,3,3,6,4,3,3,3,4,4,3,3,2,132,121,120,108,13,126,120,117,20,9,109,100,21,12,11,99,23,14,10,9,26,24,13,12,8,136,135,129,118,108,135,134,125,118,94,130,127,116,112,96,123,114.0,117.0,97.0,102.0,109.0,88.0,111.0,82.0,102.0
72,0,0,0,0,0,0,0,0,0,0,0,0,0,0,0,0,0,0,0,0,0,0,0,0,0,1,1,0,0,0,1,0,0,0,0,0,0,0,0,0,0,0,0,0,0,0,0,0,0,0,9,6,6,4,3,5,5,4,3,3,5,4,3,3,3,4,2,3,3,2,3,2,2,2,2,134,124,116,106,13,122,120,99,15,9,96,101,15,10,9,93,17,12,9,7,18,15,14,8,6,136,134,130,121,111,136,134,126,118,100,129,126,121,105,114,116,106.0,102.0,104.0,104.0,113.0,86.0,112.0,96.0,86.0
73,0,0,0,0,0,0,0,0,0,0,0,0,0,0,0,0,0,0,0,0,0,0,0,0,0,1,1,1,0,0,1,1,1,0,0,1,0,0,0,0,0,0,0,0,0,0,0,0,0,0,13,8,6,4,4,7,7,4,4,4,6,4,4,3,3,4,2,4,3,3,5,3,3,3,3,132,123,118,111,16,120,117,109,20,13,110,99,19,11,9,98,20,13,11,9,21,17,14,12,8,136,134,130,118,106,135,134,126,116,106,129,124,117,104,104,119,106.0,105.0,107.0,99.0,91.0,94.0,106.0,106.0,85.0
74,0,0,0,0,0,0,0,0,0,0,0,0,0,0,0,0,0,0,0,0,0,0,0,0,0,0,0,0,0,0,0,0,0,0,0,0,0,0,0,0,0,0,0,0,0,0,0,0,0,0,7,6,3,2,2,6,2,2,2,2,2,2,2,2,2,2,2,2,2,2,2,2,2,2,2,132,123,116,106,8,121,116,105,12,7,105,28,13,9,5,21,10,10,7,5,19,13,8,6,4,137,136,129,122,110,137,133,125,119,106,132,125,120,106,101,124,114.0,104.0,107.0,97.0,113.0,116.0,110.0,111.0,103.0
75,0,0,0,0,0,0,0,0,0,0,0,0,0,0,0,0,0,0,0,0,0,0,0,0,0,0,0,0,0,0,0,0,0,0,0,0,0,0,0,0,0,0,0,0,0,0,0,0,0,0,111,8,7,3,2,6,6,3,2,2,5,4,2,2,2,3,2,2,2,2,2,2,2,2,0,132,124,113,107,17,120,116,97,27,13,107,101,99,15,7,105,20,15,9,4,20,12,12,8,3,136,135,130,121,112,136,133,125,117,106,130,124,117,104,105,121,111.0,109.0,113.0,105.0,104.0,108.0,99.0,99.0,102.0
76,0,0,0,0,0,0,0,0,0,0,0,0,0,0,0,0,0,0,0,0,0,0,0,0,0,2,2,2,2,2,1,1,1,1,1,1,0,1,0,0,0,0,0,0,0,0,0,0,0,0,9,6,6,3,3,6,4,4,3,2,2,2,3,2,2,2,2,3,2,2,2,2,2,2,2,133,123,114,115,15,123,116,102,18,10,120,97,21,9,7,19,10,10,9,6,18,16,9,6,4,136,134,130,119,112,136,134,126,115,109,130,127,117,108,115,123,117.0,110.0,101.0,94.0,98.0,91.0,101.0,94.0,85.0
77,0,0,0,0,0,0,0,0,0,0,0,0,0,0,0,0,0,0,0,0,0,0,0,0,0,2,2,0,0,0,2,2,0,0,0,0,0,0,0,0,0,0,0,0,0,0,0,0,0,0,7,4,3,3,2,4,3,3,3,2,3,2,2,2,2,2,2,2,2,2,2,2,2,2,2,132,123,118,119,13,121,119,111,23,12,102,110,22,11,10,107,18,11,8,6,18,15,12,6,3,136,135,130,118,105,136,134,125,118,97,130,125,120,105,107,119,111.0,111.0,112.0,92.0,92.0,96.0,94.0,103.0,89.0
78,0,0,0,0,0,0,0,0,0,0,0,0,0,0,0,0,0,0,0,0,0,0,0,0,0,0,0,0,0,0,0,0,0,0,0,0,0,0,0,0,0,0,0,0,0,0,0,0,0,0,10,7,5,3,3,4,4,4,3,3,3,2,3,3,3,2,2,3,3,2,2,2,2,3,2,131,120,110,36,9,122,115,104,15,8,111,32,14,9,7,24,12,9,7,4,24,19,9,5,3,137,134,129,119,108,135,130,124,114,103,131,124,119,109,90,121,114.0,102.0,104.0,96.0,107.0,113.0,89.0,85.0,96.0
79,0,0,0,0,0,0,0,0,0,0,0,0,0,0,0,0,0,0,0,0,0,0,0,0,0,0,0,0,0,0,0,0,0,0,0,0,0,0,0,0,0,0,0,0,0,0,0,0,0,0,4,4,2,2,2,2,2,2,2,2,2,2,2,2,2,2,2,2,2,2,2,2,2,1,1,132,124,113,10,5,121,116,10,7,5,9,7,7,5,4,5,6,5,4,3,5,5,5,3,3,136,134,132,121,113,136,134,125,117,110,130,124,118,114,108,120,107.0,109.0,96.0,10.0,117.0,109.0,107.0,13.0,8.0
80,0,0,0,0,0,0,0,0,0,0,0,0,0,0,0,0,0,0,0,0,0,0,0,0,0,1,1,0,0,0,1,0,0,0,0,0,0,0,0,0,0,0,0,0,0,0,0,0,0,0,14,8,6,4,4,8,5,4,4,3,4,3,4,3,3,3,2,2,3,2,2,2,2,2,2,131,123,114,109,12,124,116,109,17,7,114,101,21,10,7,24,15,12,7,5,20,12,10,7,4,137,134,131,119,114,135,133,125,117,112,131,125,116,109,112,126,125.0,112.0,106.0,94.0,115.0,106.0,95.0,100.0,90.0
81,0,0,0,0,0,0,0,0,0,0,0,0,0,0,0,0,0,0,0,0,0,0,0,0,0,0,0,0,0,0,0,0,0,0,0,0,0,0,0,0,0,0,0,0,0,0,0,0,0,0,8,7,5,3,2,7,6,2,2,2,5,2,2,2,2,3,2,2,2,2,3,2,2,2,1,133,125,117,32,9,122,117,104,17,7,115,105,18,11,7,20,10,11,8,4,20,8,10,8,3,137,135,131,122,114,135,133,125,120,96,132,125,120,115,99,121,118.0,112.0,102.0,109.0,101.0,115.0,108.0,111.0,102.0
82,0,0,0,0,0,0,0,0,0,0,0,0,0,0,0,0,0,0,0,0,0,0,0,0,0,0,0,0,0,0,0,0,0,0,0,0,0,0,0,0,0,0,0,0,0,0,0,0,0,0,5,3,2,2,2,2,2,2,2,2,2,2,2,2,2,2,2,2,2,2,2,2,2,2,2,132,125,108,108,11,121,110,102,15,9,105,112,16,8,8,14,11,10,8,7,15,8,8,7,5,137,135,129,121,112,135,132,126,120,106,131,124,112,107,97,113,112.0,108.0,104.0,104.0,107.0,106.0,108.0,110.0,104.0
83,0,0,0,0,0,0,0,0,0,0,0,0,0,0,0,0,0,0,0,0,0,0,0,0,0,0,0,0,0,0,0,0,0,0,0,0,0,0,0,0,0,0,0,0,0,0,0,0,0,0,9,6,4,4,3,4,4,4,3,3,2,2,3,3,3,2,2,3,3,2,2,2,2,2,2,130,123,113,14,6,122,112,21,8,5,102,25,9,6,4,11,10,7,6,4,10,11,6,4,3,137,135,130,118,109,136,134,124,117,109,130,124,115,105,99,125,119.0,103.0,106.0,97.0,102.0,105.0,113.0,105.0,95.0
84,0,0,0,0,0,0,0,0,0,0,0,0,0,0,0,0,0,0,0,0,0,0,0,0,0,1,1,1,0,0,1,1,0,0,0,0,0,0,0,0,0,0,0,0,0,0,0,0,0,0,10,8,5,3,3,6,5,3,3,3,2,3,3,3,3,2,4,3,3,3,3,3,3,3,2,132,123,116,108,16,121,117,99,17,10,103,106,18,10,8,26,21,12,8,4,21,19,11,6,3,136,134,129,123,107,135,133,124,119,102,132,125,116,102,114,122,118.0,114.0,97.0,110.0,99.0,98.0,90.0,112.0,101.0
85,0,0,0,0,0,0,0,0,0,0,0,0,0,0,0,0,0,0,0,0,0,0,0,0,0,0,0,0,0,0,0,0,0,0,0,0,0,0,0,0,0,0,0,0,0,0,0,0,0,0,4,3,2,2,2,2,2,2,2,2,2,2,2,2,2,2,2,2,1,1,1,1,1,1,1,134,124,116,10,5,123,116,13,7,5,18,10,8,5,3,17,7,7,4,3,14,13,7,3,3,136,136,132,120,113,136,135,126,120,106,134,126,120,108,106,114,113.0,100.0,97.0,18.0,103.0,93.0,106.0,85.0,18.0
86,0,0,0,0,0,0,0,0,0,0,0,0,0,0,0,0,0,0,0,0,0,0,0,0,0,0,0,0,0,0,0,0,0,0,0,0,0,0,0,0,0,0,0,0,0,0,0,0,0,0,10,7,4,3,2,4,3,3,2,2,2,2,2,2,2,2,2,2,2,2,2,3,2,2,2,130,123,117,105,9,122,119,104,12,6,116,111,12,6,5,10,10,6,6,3,8,6,5,4,3,136,133,130,119,110,136,132,126,117,106,131,125,116,107,106,126,122.0,107.0,101.0,95.0,110.0,99.0,100.0,110.0,107.0
87,0,0,0,0,0,0,0,0,0,0,0,0,0,0,0,0,0,0,0,0,0,0,0,0,0,1,1,1,0,0,1,1,0,0,0,0,0,0,0,0,0,0,0,0,0,0,0,0,0,0,10,7,5,4,3,5,5,4,3,3,3,3,3,3,3,2,2,3,3,3,2,3,3,3,2,132,121,116,102,14,121,119,107,19,10,110,40,23,10,7,102,20,11,9,5,22,20,13,6,5,136,134,131,120,111,136,133,124,115,104,129,124,118,107,94,127,122.0,110.0,94.0,109.0,103.0,110.0,111.0,98.0,102.0
88,0,0,0,0,0,0,0,0,0,0,0,0,0,0,0,0,0,0,0,0,0,0,0,0,0,0,0,0,0,0,0,0,0,0,0,0,0,0,0,0,0,0,0,0,0,0,0,0,0,0,9,4,3,4,2,4,3,3,2,2,2,2,2,2,2,2,2,2,2,2,2,2,2,2,1,132,124,116,17,6,123,114,27,10,4,99,18,9,6,4,20,7,7,6,4,17,9,7,4,3,136,134,130,119,111,134,134,123,117,106,132,124,119,108,100,125,115.0,106.0,119.0,92.0,98.0,103.0,115.0,105.0,108.0
89,0,0,0,0,0,0,0,0,0,0,0,0,0,0,0,0,0,0,0,0,0,0,0,0,0,0,0,0,0,0,0,0,0,0,0,0,0,0,0,0,0,0,0,0,0,0,0,0,0,0,7,3,3,3,2,3,3,2,2,2,2,2,2,2,2,2,2,2,2,2,2,2,2,2,2,131,121,117,107,8,122,120,105,15,7,104,108,15,9,7,20,11,10,8,5,17,16,9,7,4,137,134,129,119,115,135,132,124,119,104,132,125,120,114,100,124,114.0,100.0,109.0,99.0,107.0,114.0,122.0,112.0,101.0
90,0,0,0,0,0,0,0,0,0,0,0,0,0,0,0,0,0,0,0,0,0,0,0,0,0,1,1,1,1,1,0,0,0,0,0,0,0,0,0,0,0,0,0,0,0,0,0,0,0,0,7,6,5,4,4,4,4,4,3,3,3,3,3,3,3,2,2,2,2,2,2,2,2,1,0,131,122,117,14,8,119,117,16,8,7,27,9,10,8,6,14,9,9,7,5,14,7,7,5,3,136,135,132,118,107,136,133,125,114,104,128,123,117,105,113,125,118.0,98.0,100.0,104.0,115.0,89.0,96.0,87.0,115.0
91,0,0,0,0,0,0,0,0,0,0,0,0,0,0,0,0,0,0,0,0,0,0,0,0,0,0,0,0,0,0,0,0,0,0,0,0,0,0,0,0,0,0,0,0,0,0,0,0,0,0,9,6,4,3,2,5,4,3,2,2,3,3,2,2,2,2,2,2,2,2,2,2,2,2,2,134,123,116,24,8,121,119,34,10,6,101,41,10,8,5,11,10,9,6,3,15,9,7,6,3,136,136,130,119,110,137,134,126,118,105,131,123,117,108,102,118,111.0,105.0,110.0,94.0,94.0,88.0,91.0,112.0,109.0
92,0,0,0,0,0,0,0,0,0,0,0,0,0,0,0,0,0,0,0,0,0,0,0,0,0,0,0,0,0,0,0,0,0,0,0,0,0,0,0,0,0,0,0,0,0,0,0,0,0,0,7,5,4,2,2,4,3,2,2,2,3,2,2,2,2,2,2,2,2,2,2,3,2,2,2,131,124,109,11,5,121,113,26,9,5,101,19,13,7,3,10,10,7,5,3,12,6,6,4,3,136,135,129,119,109,135,134,125,119,104,130,125,119,109,108,124,113.0,98.0,107.0,91.0,91.0,101.0,100.0,110.0,92.0
93,0,0,0,0,0,0,0,0,0,0,0,0,0,0,0,0,0,0,0,0,0,0,0,0,0,0,0,0,0,0,0,0,0,0,0,0,0,0,0,0,0,0,0,0,0,0,0,0,0,0,13,8,7,4,3,8,6,4,4,3,4,3,4,3,3,2,2,3,3,3,2,2,2,3,2,131,125,114,105,10,120,117,110,15,8,111,35,14,11,6,24,15,11,9,4,21,15,12,7,4,136,135,130,119,110,135,134,124,115,96,131,126,116,106,109,121,114.0,109.0,103.0,96.0,106.0,113.0,101.0,93.0,87.0
94,0,0,0,0,0,0,0,0,0,0,0,0,0,0,0,0,0,0,0,0,0,0,0,0,0,1,1,1,1,1,1,1,1,1,0,1,0,0,0,0,0,0,0,0,0,0,0,0,0,0,104,6,3,2,2,5,3,3,3,2,4,2,2,3,2,2,2,2,2,2,5,3,2,2,3,133,124,113,117,13,119,115,116,20,13,98,104,25,15,14,105,25,15,10,7,24,20,14,10,6,136,134,131,118,111,136,133,125,114,111,129,122,115,103,102,118,105.0,92.0,104.0,95.0,98.0,116.0,109.0,100.0,97.0
95,0,0,0,0,0,0,0,0,0,0,0,0,0,0,0,0,0,0,0,0,0,0,0,0,0,0,0,0,0,0,0,0,0,0,0,0,0,0,0,0,0,0,0,0,0,0,0,0,0,0,7,4,4,3,2,4,3,3,2,2,3,3,2,2,2,2,2,2,2,2,2,2,2,0,0,131,122,119,10,8,123,121,14,8,5,115,10,8,8,4,9,9,8,6,3,9,8,6,3,3,136,136,130,119,111,135,133,125,118,104,131,124,120,107,112,123,117.0,95.0,25.0,104.0,109.0,107.0,92.0,93.0,93.0
96,0,0,0,0,0,0,0,0,0,0,0,0,0,0,0,0,0,0,0,0,0,0,0,0,0,0,0,0,0,0,0,0,0,0,0,0,0,0,0,0,0,0,0,0,0,0,0,0,0,0,4,3,3,2,2,2,2,2,2,2,2,2,2,2,2,2,2,2,2,1,1,1,1,1,1,132,123,112,11,5,123,111,13,8,5,113,9,8,5,5,13,7,7,4,3,13,5,6,3,3,137,135,130,121,112,135,134,125,120,102,131,125,120,109,103,123,118.0,100.0,92.0,102.0,95.0,97.0,102.0,106.0,92.0
97,0,0,0,0,0,0,0,0,0,0,0,0,0,0,0,0,0,0,0,0,0,0,0,0,0,1,1,1,0,0,1,1,0,0,0,1,0,0,0,0,0,0,0,0,0,0,0,0,0,0,10,6,6,4,2,5,4,4,4,3,3,3,2,3,2,2,2,2,2,2,2,2,2,2,2,132,122,114,110,21,121,117,114,22,14,105,106,18,14,9,97,10,11,7,5,17,14,10,6,3,136,136,131,120,112,135,133,124,119,105,131,126,118,105,98,119,111.0,113.0,113.0,92.0,102.0,96.0,91.0,94.0,106.0
98,0,0,0,0,0,0,0,0,0,0,0,0,0,0,0,0,0,0,0,0,0,0,0,0,0,0,0,0,0,0,0,0,0,0,0,0,0,0,0,0,0,0,0,0,0,0,0,0,0,0,8,7,4,3,2,5,3,3,2,2,2,2,2,2,2,2,2,2,2,2,2,2,2,2,2,133,122,115,103,14,120,118,106,15,8,110,97,12,9,7,20,8,8,7,6,16,16,9,5,3,136,134,131,123,113,135,134,126,118,103,131,125,116,112,96,124,122.0,107.0,104.0,102.0,101.0,95.0,110.0,110.0,107.0
99,0,0,0,0,0,0,0,0,0,0,0,0,0,0,0,0,0,0,0,0,0,0,0,0,0,1,1,1,1,1,1,1,1,1,1,0,0,1,1,1,0,0,0,0,0,0,0,0,0,0,11,8,6,4,4,7,6,5,4,4,5,5,5,4,4,3,5,4,4,3,2,2,3,3,3,132,122,117,31,10,124,121,35,10,9,116,21,14,7,6,39,21,10,6,4,21,20,9,5,4,136,135,130,118,113,136,133,125,116,108,130,125,116,108,104,125,121.0,111.0,100.0,110.0,106.0,104.0,118.0,98.0,100.0
100,0,0,0,0,0,0,0,0,0,0,0,0,0,0,0,0,0,0,0,0,0,0,0,0,0,0,0,0,0,0,0,0,0,0,0,0,0,0,0,0,0,0,0,0,0,0,0,0,0,0,6,6,3,2,2,5,3,2,2,2,2,2,2,2,2,2,2,2,2,2,2,2,2,2,1,130,123,117,104,14,122,115,104,16,8,108,107,17,9,8,21,10,10,8,4,21,15,10,6,3,137,134,131,118,104,135,131,125,115,107,131,124,116,108,101,118,111.0,91.0,116.0,100.0,113.0,108.0,104.0,106.0,126.0
101,0,0,0,0,0,0,0,0,0,0,0,0,0,0,0,0,0,0,0,0,0,0,0,0,0,1,1,0,0,0,0,0,0,0,0,0,0,0,0,0,0,0,0,0,0,0,0,0,0,0,10,7,3,3,2,4,3,2,2,2,2,2,2,2,2,2,2,2,2,2,2,2,2,2,2,133,121,116,105,9,123,117,105,15,7,106,110,15,8,5,16,10,6,6,3,17,15,6,5,3,137,134,129,119,110,135,133,124,120,105,131,124,118,113,106,118,112.0,112.0,107.0,103.0,94.0,107.0,96.0,105.0,122.0
102,0,0,0,0,0,0,0,0,0,0,0,0,0,0,0,0,0,0,0,0,0,0,0,0,0,0,0,0,1,1,0,0,0,0,0,0,0,0,0,0,0,0,0,0,0,0,0,0,0,0,4,4,3,3,3,3,3,3,3,3,3,3,3,3,3,3,3,3,3,2,2,2,2,0,0,132,125,118,11,5,127,115,13,8,5,22,11,9,6,4,11,7,7,4,4,8,8,6,4,4,137,134,130,121,116,135,132,126,119,107,133,128,121,110,98,126,121.0,119.0,101.0,100.0,108.0,94.0,95.0,94.0,88.0
103,0,0,0,0,0,0,0,0,0,0,0,0,0,0,0,0,0,0,0,0,0,0,0,0,0,0,0,0,0,0,0,0,0,0,0,0,0,0,0,0,0,0,0,0,0,0,0,0,0,0,4,3,3,3,1,3,3,2,2,1,2,2,2,1,1,1,1,1,1,1,1,1,1,1,1,131,125,117,10,5,122,113,17,7,4,111,11,8,6,4,6,8,8,5,4,7,8,6,3,3,136,134,130,119,110,135,133,126,115,106,129,126,120,112,105,126,114.0,106.0,93.0,101.0,106.0,101.0,94.0,113.0,87.0
104,0,0,0,0,0,0,0,0,0,0,0,0,0,0,0,0,0,0,0,0,0,0,0,0,0,0,0,0,0,0,0,0,0,0,0,0,0,0,0,0,0,0,0,0,0,0,0,0,0,0,9,8,5,5,4,6,6,5,5,3,3,4,3,3,3,2,2,3,3,3,2,2,4,3,3,132,123,118,26,10,123,120,117,16,10,102,110,14,10,7,22,11,10,9,5,19,19,12,7,3,137,134,130,121,113,136,135,124,118,104,130,124,120,108,119,127,121.0,109.0,93.0,96.0,103.0,111.0,115.0,93.0,90.0
105,0,0,0,0,0,0,0,0,0,0,0,0,0,0,0,0,0,0,0,0,0,0,0,0,0,0,0,0,0,0,0,0,0,0,0,0,0,0,0,0,0,0,0,0,0,0,0,0,0,0,11,7,5,4,3,7,6,3,3,3,5,4,3,3,3,4,4,3,3,3,4,4,3,3,3,131,124,117,113,7,121,116,28,11,7,102,21,11,9,5,21,11,9,7,4,21,12,9,6,3,136,132,129,119,111,135,131,126,115,108,131,125,116,106,97,124,116.0,106.0,107.0,106.0,97.0,97.0,92.0,89.0,103.0
106,0,0,0,0,0,0,0,0,0,0,0,0,0,0,0,0,0,0,0,0,0,0,0,0,0,0,0,0,0,0,0,0,0,0,0,0,0,0,0,0,0,0,0,0,0,0,0,0,0,0,8,7,4,4,2,4,3,2,3,2,2,2,2,3,2,2,2,2,2,2,2,2,2,2,2,131,122,116,100,8,120,117,106,11,6,105,25,12,8,6,19,9,9,6,5,18,8,8,5,3,136,134,130,122,110,135,133,126,116,104,130,125,117,109,93,122,115.0,102.0,88.0,98.0,98.0,112.0,114.0,98.0,88.0
107,0,0,0,0,0,0,0,0,0,0,0,0,0,0,0,0,0,0,0,0,0,0,0,0,0,2,2,2,2,1,2,2,2,2,1,1,1,1,1,0,1,1,0,0,0,0,0,0,0,0,12,8,6,4,2,7,6,5,3,2,5,3,3,3,2,3,3,3,3,2,3,3,2,2,2,133,125,116,108,16,120,115,106,18,12,103,33,19,10,11,105,22,11,10,7,24,23,13,10,6,136,133,131,119,103,135,133,125,116,108,131,123,117,105,100,114,106.0,99.0,111.0,96.0,93.0,103.0,113.0,96.0,101.0
108,0,0,0,0,0,0,0,0,0,0,0,0,0,0,0,0,0,0,0,0,0,0,0,0,0,0,0,0,0,0,0,0,0,0,0,0,0,0,0,0,0,0,0,0,0,0,0,0,0,0,9,4,3,3,2,3,3,2,2,2,2,2,2,2,2,2,2,2,2,2,1,2,2,1,1,130,122,117,31,10,123,118,105,12,6,113,107,15,6,6,6,7,7,6,5,13,7,6,5,4,136,135,130,121,110,136,133,125,115,110,131,123,118,109,101,128,118.0,110.0,104.0,101.0,110.0,107.0,105.0,74.0,108.0
109,0,0,0,0,0,0,0,0,0,0,0,0,0,0,0,0,0,0,0,0,0,0,0,0,0,0,0,0,0,0,0,0,0,0,0,0,0,0,0,0,0,0,0,0,0,0,0,0,0,0,9,7,5,4,3,5,4,4,3,3,2,3,4,3,3,2,4,4,3,3,2,4,3,3,3,131,120,117,102,13,124,123,106,14,6,115,31,14,7,6,21,11,10,7,7,19,10,9,7,4,137,135,130,119,108,135,133,122,118,108,130,126,118,110,98,124,117.0,104.0,118.0,98.0,99.0,101.0,104.0,89.0,100.0
110,0,0,0,0,0,0,0,0,0,0,0,0,0,0,0,0,0,0,0,0,0,0,0,0,0,0,0,0,0,0,0,0,0,0,0,0,0,0,0,0,0,0,0,0,0,0,0,0,0,0,8,7,6,4,3,6,5,4,4,3,5,5,4,3,3,3,4,3,3,3,4,3,3,3,2,133,123,111,12,8,121,109,18,9,6,23,16,9,8,4,12,10,8,7,3,10,10,10,7,5,137,134,129,118,106,136,132,124,115,105,133,125,118,103,107,121,121.0,109.0,104.0,93.0,88.0,92.0,105.0,75.0,95.0
111,0,0,0,0,0,0,0,0,0,0,0,0,0,0,0,0,0,0,0,0,0,0,0,0,0,0,0,0,0,0,0,0,0,0,0,0,0,0,0,0,0,0,0,0,0,0,0,0,0,0,9,8,5,5,3,4,5,5,4,3,3,4,4,3,3,2,3,3,3,3,2,2,2,3,1,133,122,116,25,9,123,119,112,10,7,106,23,14,8,7,23,20,11,8,8,22,18,10,6,4,136,134,130,122,113,135,134,124,117,105,132,127,117,118,108,125,124.0,115.0,118.0,106.0,106.0,101.0,92.0,97.0,87.0
112,0,0,0,0,0,0,0,0,0,0,0,0,0,0,0,0,0,0,0,0,0,0,0,0,0,1,1,1,1,1,1,1,1,1,1,1,1,0,0,0,0,0,0,0,0,0,0,0,0,0,6,5,3,2,2,3,3,2,2,2,2,2,2,2,2,1,2,2,2,2,1,1,1,1,1,133,123,117,105,5,123,118,104,9,5,102,19,10,7,5,20,13,8,5,4,16,15,8,5,4,136,134,129,121,112,135,134,125,119,110,131,124,118,110,111,117,116.0,102.0,101.0,102.0,105.0,113.0,88.0,99.0,87.0
113,0,0,0,0,0,0,0,0,0,0,0,0,0,0,0,0,0,0,0,0,0,0,0,0,0,1,1,2,1,1,1,1,1,1,0,1,1,0,0,0,0,0,0,0,0,0,0,0,0,0,5,5,3,2,2,4,3,2,2,2,2,2,2,2,2,4,2,2,2,2,4,2,2,2,2,133,122,107,21,10,118,117,29,13,6,98,112,13,9,7,103,20,10,8,6,37,18,21,9,6,136,136,132,118,113,136,135,125,116,103,131,121,114,113,88,107,112.0,116.0,101.0,98.0,104.0,107.0,90.0,95.0,87.0
114,0,0,0,0,0,0,0,0,0,0,0,0,0,0,0,0,0,0,0,0,0,0,0,0,0,0,0,0,0,0,0,0,0,0,0,0,0,0,0,0,0,0,0,0,0,0,0,0,0,0,9,6,4,2,2,4,4,2,2,2,3,2,2,2,2,2,2,2,2,2,2,2,2,2,2,132,123,111,108,9,121,110,32,12,6,110,19,13,9,5,99,18,10,8,4,19,17,9,6,4,136,133,129,121,106,135,134,124,116,102,129,127,114,104,94,118,112.0,104.0,112.0,106.0,117.0,100.0,87.0,111.0,84.0
115,0,0,0,0,0,0,0,0,0,0,0,0,0,0,0,0,0,0,0,0,0,0,0,0,0,0,0,0,0,0,0,0,0,0,0,0,0,0,0,0,0,0,0,0,0,0,0,0,0,0,9,8,7,4,4,7,7,4,3,3,3,3,3,3,3,2,3,3,3,3,2,3,3,3,3,133,123,116,15,7,123,118,17,8,7,23,12,9,7,7,9,8,8,8,5,7,8,8,6,4,136,134,129,119,107,136,134,125,115,96,131,127,117,108,102,126,122.0,112.0,109.0,102.0,90.0,95.0,118.0,74.0,95.0
116,0,0,0,0,0,0,0,0,0,0,0,0,0,0,0,0,0,0,0,0,0,0,0,0,0,2,2,2,2,0,1,1,1,0,0,1,0,0,0,0,0,0,0,0,0,0,0,0,0,0,10,6,4,3,2,7,5,4,3,2,6,4,2,2,2,5,4,2,2,2,4,2,2,2,2,131,124,116,100,18,120,116,32,16,11,111,30,21,12,8,108,20,11,10,8,21,20,18,9,7,136,135,131,121,104,135,132,125,119,107,131,125,117,106,108,114,107.0,107.0,106.0,117.0,111.0,97.0,112.0,97.0,96.0
117,0,0,0,0,0,0,0,0,0,0,0,0,0,0,0,0,0,0,0,0,0,0,0,0,0,0,0,0,0,0,0,0,0,0,0,0,0,0,0,0,0,0,0,0,0,0,0,0,0,0,3,2,2,2,2,2,2,2,2,2,2,2,2,2,1,2,2,1,1,1,1,1,1,1,1,132,126,105,17,6,120,112,25,7,4,112,22,10,6,4,16,9,7,5,4,12,12,6,3,3,137,135,130,118,109,135,134,126,114,110,130,124,115,113,108,114,108.0,101.0,103.0,105.0,97.0,107.0,107.0,103.0,98.0
118,0,0,0,0,0,0,0,0,0,0,0,0,0,0,0,0,0,0,0,0,0,0,0,0,0,0,0,0,0,0,0,0,0,0,0,0,0,0,0,0,0,0,0,0,0,0,0,0,0,0,3,3,3,2,2,2,2,2,2,2,2,2,2,2,2,2,2,2,1,0,0,0,0,0,0,130,121,116,14,5,122,117,17,7,5,22,12,7,5,4,7,6,7,5,3,6,5,4,3,3,136,134,129,118,110,136,133,125,116,102,128,123,115,111,102,128,121.0,108.0,106.0,105.0,111.0,109.0,108.0,17.0,8.0
119,0,0,0,0,0,0,0,0,0,0,0,0,0,0,0,0,0,0,0,0,0,0,0,0,0,2,2,1,1,1,2,1,1,1,1,1,1,1,1,1,1,1,1,0,0,0,0,0,0,0,20,8,6,5,4,7,7,6,4,3,5,6,5,4,3,4,4,4,4,3,5,4,4,3,3,132,122,115,115,30,121,114,109,98,23,106,109,99,23,16,97,19,20,12,10,24,18,14,11,7,136,135,130,121,108,136,134,123,117,106,131,127,118,108,103,123,122.0,111.0,99.0,107.0,99.0,99.0,95.0,105.0,84.0
120,0,0,0,0,0,0,0,0,0,0,0,0,0,0,0,0,0,0,0,0,0,0,0,0,0,1,1,0,0,0,0,0,0,0,0,0,0,0,0,0,0,0,0,0,0,0,0,0,0,0,9,8,6,4,3,6,5,4,3,3,3,3,3,3,3,3,3,3,3,3,2,4,3,3,3,133,123,111,22,8,122,109,27,10,7,108,16,11,9,5,20,9,10,10,4,19,12,9,7,3,136,134,130,120,105,135,134,125,116,91,131,124,118,104,100,122,116.0,115.0,97.0,99.0,97.0,110.0,101.0,103.0,108.0
121,0,0,0,0,0,0,0,0,0,0,0,0,0,0,0,0,0,0,0,0,0,0,0,0,0,1,1,1,1,1,1,1,1,0,0,0,0,0,0,0,0,0,0,0,0,0,0,0,0,0,12,8,6,5,4,8,6,6,4,4,4,5,5,4,2,3,5,3,3,2,3,2,3,2,2,131,123,115,20,9,120,116,28,10,7,109,93,15,9,7,22,15,12,8,4,22,14,11,4,4,136,134,129,120,113,135,132,124,120,102,131,125,119,107,98,122,115.0,107.0,110.0,102.0,109.0,100.0,99.0,95.0,106.0
122,0,0,0,0,0,0,0,0,0,0,0,0,0,0,0,0,0,0,0,0,0,0,0,0,0,0,0,0,0,0,0,0,0,0,0,0,0,0,0,0,0,0,0,0,0,0,0,0,0,0,11,8,5,3,2,7,5,3,3,2,3,2,2,2,2,2,2,2,2,2,2,2,2,2,2,133,120,119,108,11,122,118,106,12,7,111,107,14,8,6,14,9,8,6,5,12,8,6,6,3,136,134,130,119,111,136,133,124,119,108,131,124,115,114,104,126,123.0,109.0,95.0,110.0,103.0,108.0,109.0,120.0,124.0
123,0,0,0,0,0,0,0,0,0,0,0,0,0,0,0,0,0,0,0,0,0,0,0,0,0,2,2,2,2,2,2,2,2,2,2,1,1,1,1,1,1,1,1,0,0,0,0,0,0,0,11,7,6,5,3,6,6,6,4,3,5,2,3,3,3,3,2,3,3,2,5,2,2,2,2,131,122,116,103,14,121,124,102,16,9,107,20,13,11,10,107,18,10,10,6,71,62,10,10,6,137,135,130,119,108,135,132,123,116,98,131,128,116,109,95,122,121.0,116.0,111.0,103.0,109.0,104.0,99.0,113.0,91.0
124,0,0,0,0,0,0,0,0,0,0,0,0,0,0,0,0,0,0,0,0,0,0,0,0,0,0,0,0,0,0,0,0,0,0,0,0,0,0,0,0,0,0,0,0,0,0,0,0,0,0,8,3,3,3,2,3,3,3,2,2,2,2,2,2,2,2,2,2,2,1,2,2,2,1,1,131,124,116,15,5,122,117,20,7,5,112,19,7,6,4,19,8,6,6,4,19,8,6,5,3,136,134,129,119,108,136,133,123,117,105,130,124,115,107,95,119,110.0,102.0,93.0,99.0,104.0,100.0,104.0,104.0,91.0
125,0,0,0,0,0,0,0,0,0,0,0,0,0,0,0,0,0,0,0,0,0,0,0,0,0,1,0,0,0,0,0,0,0,0,0,0,0,0,0,0,0,0,0,0,0,0,0,0,0,0,7,4,3,2,2,3,2,2,3,2,2,2,2,2,2,2,2,2,2,2,2,2,2,2,2,131,121,114,109,15,122,120,104,15,7,115,110,16,10,8,8,8,11,8,5,18,9,11,9,5,137,136,130,120,112,135,133,123,117,100,131,122,120,104,105,121,115.0,113.0,116.0,107.0,101.0,112.0,111.0,106.0,91.0
126,0,0,0,0,0,0,0,0,0,0,0,0,0,0,0,0,0,0,0,0,0,0,0,0,0,0,0,0,0,0,0,0,0,0,0,0,0,0,0,0,0,0,0,0,0,0,0,0,0,0,8,6,4,4,3,4,4,3,3,3,2,2,3,3,3,2,2,3,3,3,2,2,3,3,2,131,122,117,110,12,123,115,117,11,6,105,106,18,8,5,17,8,8,6,4,15,13,7,5,3,136,136,130,120,113,135,133,124,117,105,132,126,116,110,109,126,123.0,103.0,102.0,101.0,106.0,92.0,105.0,92.0,91.0
127,0,0,0,0,0,0,0,0,0,0,0,0,0,0,0,0,0,0,0,0,0,0,0,0,0,0,0,0,0,0,0,0,0,0,0,0,0,0,0,0,0,0,0,0,0,0,0,0,0,0,6,3,3,3,2,3,3,2,2,2,2,2,2,2,2,2,2,2,2,2,2,2,2,0,0,130,121,116,12,6,121,118,13,7,5,99,12,5,6,5,6,4,6,6,3,6,5,5,5,3,136,135,130,117,115,136,131,124,116,112,129,122,117,106,97,122,107.0,106.0,105.0,104.0,98.0,104.0,119.0,22.0,14.0
