,none,E1,E2,I1
0,0.9299570918083191,0.0,0.0,0.998975396156311
1,0.8976241946220398,0.0,0.0,0.829761266708374
2,0.9997186660766602,0.0,0.0,1.0001771450042725
3,0.9989375472068787,0.0,0.0,0.911648154258728
4,0.999327540397644,0.0,0.0,0.9983857870101929
5,0.9993172287940979,0.0,0.0,0.9997439384460449
6,0.9998592734336853,0.0,0.0,0.807451605796814
7,0.9994212985038757,0.0,0.0,0.9989711046218872
8,0.8912962675094604,0.0,0.0,0.8849070072174072
9,0.9991005063056946,0.0,0.0,0.9996033906936646
10,0.909477710723877,0.0,0.0,0.9992727041244507
11,0.9992207288742065,0.0,0.0,0.776354968547821
12,0.9995548725128174,0.0,0.0,0.9002801775932312
13,0.9995666742324829,0.0,0.0,0.9996510148048401
14,0.9992119669914246,0.0,0.0,0.994941234588623
15,0.9593068361282349,0.0,0.0,0.8013315200805664
16,0.9792810678482056,0.0,0.0,0.9998053312301636
17,0.9991676211357117,0.0,0.0,0.8872072696685791
18,0.9988157749176025,0.0,0.0,0.9993811845779419
19,0.9977418184280396,0.0,0.0,0.9284694790840149
20,1.0002448558807373,0.0,0.0,0.9985839128494263
21,0.9999626874923706,0.0,0.0,0.8946957588195801
22,0.942288875579834,0.0,0.0,1.0004897117614746
23,0.9200710654258728,0.0,0.0,0.7530071139335632
24,0.999908447265625,0.0,0.0,0.9685773849487305
25,0.9996588230133057,0.0,0.0,0.9996552467346191
26,0.9994100332260132,0.0,0.0,0.9999642372131348
27,0.9510944485664368,0.0,0.0,0.9993410110473633
28,0.9986822009086609,0.0,0.0,0.999609649181366
29,0.9992772340774536,0.0,0.11168450862169266,0.9989786744117737
30,0.9534788131713867,0.0,0.0,0.9706346988677979
31,0.9996578097343445,0.0,0.0,0.9998430013656616
32,0.9488155245780945,0.0,0.0,0.9651197791099548
33,0.9987404346466064,0.0,0.0,0.9992669820785522
34,1.0003916025161743,0.0,0.0,0.9991411566734314
35,0.9996068477630615,0.0,0.0,0.999282717704773
36,0.998956561088562,0.0,0.0,0.9982776045799255
37,0.9860695600509644,0.0,0.0,1.0004851818084717
38,0.999530553817749,0.0,0.0,0.9991015195846558
39,0.999508261680603,0.0,0.0,0.9993326663970947
40,0.9325718879699707,0.0,0.0,0.9997233748435974
41,0.9985613822937012,0.0,0.0,0.9226144552230835
42,0.9997440576553345,0.0,0.0,0.8680211305618286
43,0.83966064453125,0.0,0.0,0.8458276987075806
44,0.9767233729362488,0.0,0.0,0.9996682405471802
45,0.9994375109672546,0.0,0.0,0.986771285533905
46,0.9996366500854492,0.0,0.0,0.9991490840911865
47,0.9225804209709167,0.0,0.0,0.9977694749832153
48,0.9239484071731567,0.0,0.0,0.9383348226547241
49,0.9998897314071655,0.0,0.0,0.9192723035812378
50,0.8376148343086243,0.0,0.0,0.9055543541908264
51,0.9726877808570862,0.0,0.0,0.9998377561569214
52,0.9990003108978271,0.0,0.0,0.999112606048584
53,0.9999781250953674,0.0,0.0,1.0006468296051025
54,0.999223530292511,0.0,0.0,0.8564492464065552
55,0.9765503406524658,0.0,0.0,0.9534942507743835
56,0.9982657432556152,0.0,0.0,1.0004100799560547
57,0.9992953538894653,0.0,0.0,0.9996463060379028
58,0.8978020548820496,0.0,0.0,0.7757639288902283
59,0.9996161460876465,0.0,0.0,0.9749917984008789
60,1.0000110864639282,0.0,0.0,0.7438568472862244
61,1.0000338554382324,0.0,0.0,1.0005565881729126
62,0.9990163445472717,0.0,0.0,0.845178484916687
63,0.8961995840072632,0.0,0.0,0.8285502195358276
64,0.9716598391532898,0.0,0.0,0.831440806388855
65,0.9531943202018738,0.0,0.0,0.9994319677352905
66,0.9985670447349548,0.0,0.0,0.8984497785568237
67,0.9996205568313599,0.0,0.0,0.9999056458473206
68,0.9989848136901855,0.0,0.0,1.000282883644104
69,0.7927523851394653,0.0,0.0,0.7812451124191284
70,0.9447473287582397,0.0,0.0,0.999662458896637
71,0.9999648332595825,0.0,0.0,0.9999202489852905
72,0.9989447593688965,0.0,0.0,0.9992460012435913
73,0.9989114999771118,0.0,0.0,0.9613314867019653
74,1.000165581703186,0.0,0.0,0.7080799341201782
75,0.9988558292388916,0.0,0.0,1.000104308128357
76,0.9994521141052246,0.0,0.0,0.895736575126648
77,0.7735271453857422,0.0,0.0,0.9029109477996826
78,0.9840719103813171,0.0,0.0,0.9996765851974487
79,0.9993370771408081,0.0,0.0,1.0005542039871216
80,0.9999747276306152,0.0,0.0,0.8031083345413208
81,0.9513757228851318,0.0,0.0,0.999821126461029
82,0.9690686464309692,0.0,0.0,0.8097345232963562
83,0.9993626475334167,0.0,0.0,0.919427752494812
84,0.9998272061347961,0.0,0.0,0.8573319911956787
85,0.999134361743927,0.0,0.0,0.9988952875137329
86,0.9991323351860046,0.0,0.0,0.9995163679122925
87,0.999864399433136,0.0,0.0,1.0004476308822632
88,0.9996111392974854,0.0,0.0,0.9997804164886475
89,0.9990295171737671,0.0,0.0,0.8527314066886902
90,1.0016083717346191,0.0,0.0,0.9990447759628296
91,0.9994214773178101,0.0,0.0,0.9988431930541992
92,0.9995112419128418,0.0,0.0,0.8541969656944275
93,0.9556872844696045,0.0,0.0,0.9992079734802246
94,0.9787994623184204,0.0,0.0,0.9536446332931519
95,0.9988349676132202,0.0,0.0,0.8738579154014587
96,0.9992152452468872,0.0,0.0,1.0008859634399414
97,0.9814653992652893,0.0,0.0,0.8859748244285583
98,0.9992524981498718,0.0,0.0,1.0002862215042114
99,0.9998481273651123,0.0,0.0,1.0001684427261353
100,0.9173548817634583,0.0,0.0,0.8704409003257751
101,0.9988381862640381,0.0,0.0,0.999541699886322
102,0.9995789527893066,0.0,0.0,0.9993283748626709
103,0.9333474636077881,0.0,0.0,0.9997338056564331
104,0.9989657402038574,0.0,0.0,0.999769926071167
105,0.9996498823165894,0.0,0.0,0.9995037317276001
106,0.9990801215171814,0.0,0.0,0.8900653719902039
107,0.9990803599357605,0.0,0.0,0.9997764825820923
108,0.9990858435630798,0.0,0.6930971741676331,0.8956541419029236
109,0.9991621375083923,0.0,0.0,0.9999589920043945
110,0.9121142625808716,0.0,0.0,0.8476441502571106
111,0.9992362856864929,0.0,0.0,0.9111213684082031
112,0.9686020612716675,0.0,0.0,0.9987362623214722
113,0.9830882549285889,0.0,0.0,0.8243018984794617
114,0.9995862245559692,0.0,0.0,0.8682724833488464
115,0.9995843768119812,0.0,0.0,0.9624706506729126
116,0.9982115626335144,0.0,0.0,0.8594409823417664
117,0.9987061023712158,0.0,0.0,0.9999415874481201
118,0.9274756908416748,0.0,0.0,0.8883110284805298
119,0.9998553991317749,0.0,0.0,0.9992092251777649
120,0.9993316531181335,0.0,0.0,0.9613001346588135
121,0.6044001579284668,0.0,0.0,0.6605580449104309
122,0.999504566192627,0.0,0.0,0.9993883967399597
123,0.9880027770996094,0.0,0.0,0.8149510622024536
124,0.9993640184402466,0.0,0.0,0.8826743364334106
125,0.9998778104782104,0.0,0.0,0.9990841150283813
126,0.9993075132369995,0.0,0.0,0.8524209260940552
127,0.9991044998168945,0.0,0.0,0.9991137981414795
128,0.8185405731201172,0.0,0.0,0.8369187116622925
129,1.000474214553833,0.0,0.0,0.9992165565490723
130,0.9848593473434448,0.0,0.0,1.0001800060272217
131,0.9703316688537598,0.0,0.0,0.999852180480957
132,0.9998344779014587,0.0,0.0,0.9996455907821655
133,0.9995176196098328,0.0,0.0,0.9997916221618652
134,0.9987068176269531,0.0,0.0,0.9993798732757568
135,0.881285548210144,0.0,0.0,0.844205379486084
136,0.9103264808654785,0.0,0.0,0.815208911895752
137,0.9222568273544312,0.0,0.0,0.9994735717773438
138,0.9995434284210205,0.0,0.0,0.999187707901001
139,0.9984580874443054,0.0,0.0,0.9994999766349792
140,0.9994421005249023,0.0,0.0,0.9163812398910522
141,0.9067122936248779,0.0,0.0,0.8909191489219666
142,0.9419266581535339,0.0,0.0,0.9237868785858154
143,0.9980930089950562,0.0,0.0,1.0007933378219604
144,1.0000300407409668,0.0,0.0,0.999413013458252
145,1.0000780820846558,0.0,0.0,0.99985671043396
146,0.9993462562561035,0.0,0.0,0.9994347095489502
147,0.9993408918380737,0.0,0.0,0.9998364448547363
148,0.9996899366378784,0.0,0.0,1.0005762577056885
149,1.0008068084716797,0.0,0.0,0.9993815422058105
150,0.9990050196647644,0.0,0.0,1.0004669427871704
151,0.9996596574783325,0.0,0.0,0.8659716844558716
152,0.9520951509475708,0.0,0.0,0.972324550151825
153,0.999069094657898,0.0,0.0,0.8513188362121582
154,0.9988903999328613,0.0,0.0,0.8506124019622803
155,1.0004017353057861,0.0,0.0,0.9989172220230103
156,0.9999186396598816,0.0,0.0,0.9012385606765747
157,0.990462064743042,0.0,0.0,0.9042433500289917
158,0.925117015838623,0.0,0.0,1.0003411769866943
159,0.9996840953826904,0.0,0.0,0.8959496021270752
160,0.8858170509338379,0.0,0.0,0.7932240962982178
161,0.9540733695030212,0.0,0.0,0.9451321363449097
162,0.9990085363388062,0.0,0.0,0.9209610819816589
163,0.9999945163726807,0.0,0.0,0.9998966455459595
164,0.9988914728164673,0.0,0.0,0.8855533599853516
165,0.9997026324272156,0.0,0.0,1.00018310546875
166,0.9998197555541992,0.0,0.0,0.9999416470527649
167,0.9999557733535767,0.0,0.0,0.9989548921585083
168,0.9999365210533142,0.0,0.0,0.891150712966919
169,0.9985885620117188,0.0,0.0,0.9990795850753784
170,0.9979791641235352,0.0,0.0,0.9993786811828613
171,0.8986190557479858,0.0,0.0,0.9690054655075073
172,0.9991568326950073,0.0,0.0,1.000279426574707
173,0.9997877478599548,0.0,0.0,0.9111627340316772
174,0.9992567300796509,0.0,0.0,0.9751591682434082
175,0.9146294593811035,0.0,0.0,0.9666867256164551
176,0.9915554523468018,0.0,0.0,0.8847531676292419
177,0.978365421295166,0.0,0.0,1.0001647472381592
178,0.9112026691436768,0.0,0.0,0.9994163513183594
179,0.999006986618042,0.0,0.0,0.8963624238967896
180,0.9983513355255127,0.0,0.0,0.8641985654830933
181,0.9997105002403259,0.0,0.07677231729030609,0.9995636343955994
182,0.8727070093154907,0.0,0.0,0.8443107008934021
183,0.9997580051422119,0.0,0.0,0.9994527697563171
184,0.9989086389541626,0.0,0.0,0.9994485378265381
185,0.9989761114120483,0.0,0.0,0.8452383875846863
186,0.9309004545211792,0.0,0.0,0.9986518621444702
187,0.9995710253715515,0.0,0.0,0.8574656248092651
188,0.955392599105835,0.0,0.0,0.9792405366897583
189,0.9997496604919434,0.0,0.0,0.9992908239364624
190,0.9069448709487915,0.0,0.0,0.8637174367904663
191,0.9992318153381348,0.0,0.0,0.9988313913345337
192,0.9984914660453796,0.0,0.0,0.9998683929443359
193,0.999316394329071,0.0,0.0,1.0002774000167847
194,0.928304135799408,0.0,0.0,0.9995338916778564
195,0.9998089075088501,0.0,0.0,1.0001277923583984
196,0.9848162531852722,0.0,0.0,0.8662405014038086
197,0.9998730421066284,0.0,0.0,0.9117599725723267
198,0.9994293451309204,0.0,0.0,0.9998222589492798
199,0.9450010657310486,0.0,0.42226681113243103,0.8501097559928894
200,0.998924970626831,0.0,0.0,1.0000412464141846
201,0.9995357990264893,0.0,0.0,0.9993711709976196
202,0.9359759092330933,0.0,0.0,0.9992126822471619
203,1.0003494024276733,0.0,0.0,0.9666194915771484
204,0.9988114237785339,0.0,0.0,0.8857070803642273
205,0.9557541608810425,0.0,0.0,0.9993292093276978
206,0.9314219355583191,0.0,0.0,0.8784500360488892
207,0.780559778213501,0.0,0.0,0.9307015538215637
208,0.9990983009338379,0.0,0.0,0.9141704440116882
209,0.9379439949989319,0.0,0.0,0.9044088125228882
210,0.9532731771469116,0.0,0.0,0.802171528339386
211,1.0001111030578613,0.0,0.0,0.8707536458969116
212,0.9793797135353088,0.0,0.2097945362329483,0.9833278059959412
213,1.000267744064331,0.0,0.0,0.8549964427947998
214,0.9994709491729736,0.0,0.0,0.8426098227500916
215,0.9989309310913086,0.0,0.0,0.9993354678153992
216,0.9858678579330444,0.0,0.0,0.8672612905502319
217,0.9576530456542969,0.0,0.0,0.8712424039840698
218,0.8488680720329285,0.0,0.0,0.9067345261573792
219,0.9670490026473999,0.0,0.0,1.000186562538147
220,0.999908447265625,0.0,0.0,1.000512957572937
221,0.9992173910140991,0.0,0.0,1.0006144046783447
222,0.999325156211853,0.0,0.0,0.9998518228530884
223,0.9555354118347168,0.0,0.0,0.8498764038085938
224,0.9999579787254333,0.0,0.0,0.8762602806091309
225,0.9384719133377075,0.0,0.0,1.0002210140228271
226,0.9992707371711731,0.0,0.0,1.0001940727233887
227,0.9995376467704773,0.0,0.0,0.9996305704116821
228,0.9746755957603455,0.0,0.0,0.9996422529220581
229,0.9238132238388062,0.0,0.0,0.9833035469055176
230,0.9068536758422852,0.0,0.0,0.8667454719543457
231,0.9688066244125366,0.0,0.0,1.0009522438049316
232,0.9985579252243042,0.0,0.6727865934371948,0.9998322129249573
233,0.998894214630127,0.0,0.42735281586647034,0.8789796233177185
234,0.9998227953910828,0.0,0.0,0.999604344367981
235,0.9987093210220337,0.0,0.0,0.8878475427627563
236,0.9995070099830627,0.0,0.0,0.999480128288269
237,0.9993594884872437,0.0,0.0,1.0003535747528076
238,0.9996557235717773,0.0,0.0,1.0008528232574463
239,0.9997598528862,0.0,0.0,0.9312825202941895
240,0.9600205421447754,0.0,0.0,0.8630008697509766
241,0.9988469481468201,0.0,0.0,0.8690919876098633
242,0.9991984367370605,0.0,0.0,1.0003299713134766
243,0.9997774362564087,0.0,0.0,0.9996126890182495
244,0.9990603923797607,0.0,0.0,0.995496392250061
245,0.9996675252914429,0.0,0.0,0.9119712114334106
246,1.0003180503845215,0.0,0.0,0.9056030511856079
247,1.0007514953613281,0.0,0.0,1.0007010698318481
248,1.0008333921432495,0.0,0.0,0.9996299743652344
249,0.9993123412132263,0.0,0.0,0.8750130534172058
250,0.993256688117981,0.0,0.0,0.9992651343345642
251,1.0001449584960938,0.0,0.0,0.9998108148574829
252,1.0001126527786255,0.0,0.0,0.9998852610588074
253,0.9531568288803101,0.0,0.0,0.8912056684494019
254,0.9733518362045288,0.0,0.0,0.8486717939376831
255,0.9618276357650757,0.0,0.0,0.9250602126121521
256,0.9915163516998291,0.0,0.0,0.8613962531089783
257,0.9981532096862793,0.0,0.0,0.9996351599693298
258,1.0003337860107422,0.0,0.0,0.7413519620895386
259,0.9993472695350647,0.0,0.0,1.0000779628753662
260,0.9996749758720398,0.0,0.0,0.9999266862869263
261,0.9939490556716919,0.0,0.0,0.9996849298477173
262,0.9999902248382568,0.0,0.0,0.9998366832733154
263,0.8624136447906494,0.0,0.0,0.7222859859466553
264,0.9970022439956665,0.0,0.0,0.9943737387657166
265,0.945716381072998,0.0,0.0,0.7215386629104614
266,0.9994422793388367,0.0,0.0,0.9994598627090454
267,0.9993688464164734,0.0,0.0,0.8978878855705261
268,0.9993011951446533,0.0,0.0,0.8361031413078308
269,1.0006300210952759,0.0,0.0,0.939518928527832
270,0.9354732632637024,0.0,0.0,0.7226167917251587
271,0.9998115301132202,0.0,0.0,0.965805172920227
272,0.9528306126594543,0.0,0.0,0.8611322641372681
273,0.9999445676803589,0.0,0.0,0.9996010065078735
274,0.9651607275009155,0.0,0.0,0.8722555637359619
275,0.9993329048156738,0.0,0.0,0.9548200368881226
276,0.9994745254516602,0.0,0.0,1.0000317096710205
277,0.9988429546356201,0.0,0.0,0.9995070099830627
278,0.9996244311332703,0.0,0.0,0.9997271299362183
279,0.9993500709533691,0.0,0.0,0.9996271133422852
280,0.9996994733810425,0.0,0.0,0.9578630924224854
281,0.9992756843566895,0.0,0.0,0.9998193979263306
282,0.9998855590820312,0.0,0.35494714975357056,0.9872302412986755
283,0.9337937831878662,0.0,0.0,0.9413433074951172
284,0.9047625064849854,0.0,0.0,0.7766148447990417
285,0.9985572099685669,0.0,0.0,0.9991739988327026
286,1.0006990432739258,0.0,0.0,0.856521487236023
287,0.9805695414543152,0.0,0.0,0.9996351003646851
288,0.9990248084068298,0.0,0.0,0.9990979433059692
289,0.9992009997367859,0.0,0.0,0.999861478805542
290,0.9996970295906067,0.0,0.0,0.9996232986450195
291,0.9994269609451294,0.0,0.0,0.9999996423721313
292,0.9994981288909912,0.0,0.0,0.8968251943588257
293,0.999742865562439,0.0,0.0,1.0004225969314575
294,0.9997251033782959,0.0,0.0,0.8024756908416748
295,0.9999411106109619,0.0,0.0,0.9995083808898926
296,0.9243350028991699,0.0,0.0,0.9997691512107849
297,0.9995733499526978,0.0,0.0,0.9080365896224976
298,0.9995661973953247,0.0,0.0,0.8232049942016602
299,0.9998047351837158,0.0,0.0,0.9998347163200378
300,0.9990255832672119,0.0,0.0,1.0000760555267334
301,0.999971866607666,0.0,0.0,0.9168155193328857
302,0.972277820110321,0.0,0.0,0.9995937943458557
303,0.9135836958885193,0.0,0.0,0.8333001136779785
304,0.9740818738937378,0.0,0.0,0.9364277720451355
305,0.9425650835037231,0.0,0.0,0.7037243843078613
306,0.9653967618942261,0.0,0.0,0.9984692335128784
307,0.945959746837616,0.0,0.0,0.905280590057373
308,0.9997888803482056,0.0,0.0,0.8421835899353027
309,0.9991161823272705,0.0,0.0,0.8924607038497925
310,0.9990443587303162,0.0,0.0,0.9986164569854736
311,0.9997424483299255,0.0,0.0,0.9997825026512146
312,0.9990267157554626,0.0,0.0,0.8844640851020813
313,0.9489940404891968,0.0,0.0,0.9997633695602417
314,0.9984867572784424,0.0,0.0,1.0005407333374023
315,0.9994646906852722,0.0,0.0,0.9780899286270142
316,0.9995167255401611,0.0,0.0,0.9120802879333496
317,0.9999009370803833,0.0,0.0,0.8700926899909973
318,0.9717681407928467,0.0,0.0,0.9998475909233093
319,0.9996359348297119,0.0,0.0,1.000429391860962
320,0.9009860754013062,0.0,0.0,0.9995148777961731
321,0.9539945125579834,0.0,0.0,0.7481109499931335
322,0.9694827795028687,0.0,0.0,1.000787615776062
323,0.9992345571517944,0.0,0.0,0.9995371103286743
324,0.9994242787361145,0.0,0.0,0.9996490478515625
325,0.948835015296936,0.0,0.0,1.000115156173706
326,0.9992378950119019,0.0,0.0,0.9995266199111938
327,0.9992233514785767,0.0,0.0,0.8692371249198914
328,0.998799204826355,0.0,0.0,1.0005545616149902
329,0.9991863369941711,0.0,0.0,0.9991915225982666
330,0.9994615316390991,0.0,0.0,0.947670578956604
331,0.9996038675308228,0.0,0.0,0.8642217516899109
332,0.8799652457237244,0.0,0.0,0.8773318529129028
333,0.9812723994255066,0.0,0.0,0.987491250038147
334,0.9492501020431519,0.0,0.0,0.7685251832008362
335,0.9497543573379517,0.0,0.0,0.8712210655212402
336,0.825162410736084,0.0,0.0,0.8370984196662903
337,1.0001658201217651,0.0,0.0,0.9085040092468262
338,0.9993500113487244,0.0,0.0,0.8989648222923279
339,0.9991029500961304,0.0,0.0,0.9992303252220154
340,0.9998835921287537,0.0,0.0,0.786637008190155
341,0.8327152132987976,0.0,0.0,0.7676040530204773
342,0.9985106587409973,0.0,0.0,0.9984378814697266
343,0.9795803427696228,0.0,0.0,0.9806616306304932
344,0.9748176336288452,0.0,0.0,0.9994131326675415
345,1.0004405975341797,0.0,0.0,1.000313401222229
346,0.9999871253967285,0.0,0.0,0.999417781829834
347,0.8423389196395874,0.0,0.0,0.9611126184463501
348,0.9994778633117676,0.0,0.0,0.8454756736755371
349,1.0001730918884277,0.0,0.0,0.9996983408927917
350,0.920103907585144,0.0,0.0,0.7979809045791626
351,0.9382262229919434,0.0,0.0,1.0009350776672363
352,0.9582581520080566,0.0,0.0,0.9952142238616943
353,0.8187263011932373,0.0,0.0,0.9163188934326172
354,1.0002455711364746,0.0,0.0,1.0005104541778564
355,0.9994137287139893,0.0,0.0,0.9995342493057251
356,0.9995678663253784,0.0,0.0,0.9993604421615601
357,0.9331016540527344,0.0,0.0,0.8221253156661987
358,0.9739187955856323,0.0,0.0,0.8334476947784424
359,0.9996356964111328,0.0,0.0,0.8543471097946167
360,1.0002915859222412,0.0,0.0,0.9998499751091003
361,0.9997122287750244,0.0,0.0,0.9992199540138245
362,0.9990129470825195,0.0,0.0,0.9657237529754639
363,0.9996869564056396,0.0,0.0,0.833808422088623
364,0.9998980164527893,0.0,0.0,0.9996247291564941
365,0.8880434036254883,0.0,0.0,0.9999086856842041
366,0.9567619562149048,0.0,0.0,0.9998695254325867
367,0.9992071986198425,0.0,0.0,0.883500337600708
368,0.9993940591812134,0.0,0.0,0.8203441500663757
369,0.9996315836906433,0.0,0.0,0.9999251365661621
370,0.9987873435020447,0.0,0.0,0.9994426965713501
371,0.9999281167984009,0.0,0.0,1.0000967979431152
372,0.9989911317825317,0.0,0.0,0.7879523634910583
373,0.9994290471076965,0.0,0.0,0.9991030097007751
374,0.9987804293632507,0.0,0.0,1.000319004058838
375,1.0009009838104248,0.0,0.0,0.9989178776741028
376,0.9649650454521179,0.0,0.0,0.8450581431388855
377,0.9996144771575928,0.0,0.0,0.8189417719841003
378,0.9997956156730652,0.0,0.0,0.9990705251693726
379,0.9995130300521851,0.0,0.0,0.8710683584213257
380,0.9983891248703003,0.0,0.0,0.8607856631278992
381,0.8267180323600769,0.0,0.0,0.8570147752761841
382,0.9988994002342224,0.0,0.0,0.8866118788719177
383,1.0005300045013428,0.0,0.0,0.9995253086090088
384,0.9998899102210999,0.0,0.0,0.9993857145309448
385,0.9997077584266663,0.0,0.0,0.9999651312828064
386,0.9989866018295288,0.0,0.0,0.9993758201599121
387,0.9999246597290039,0.0,0.0,1.0000439882278442
388,0.999931812286377,0.0,0.0,0.9039044380187988
389,0.999316930770874,0.0,0.0,0.9234604239463806
390,0.9996650218963623,0.0,0.0,0.9989404678344727
391,0.9992873072624207,0.0,0.0823037400841713,0.9995798468589783
392,0.9996686577796936,0.0,0.0,1.0000523328781128
393,0.9990963339805603,0.0,0.0,1.0002676248550415
394,0.9969956278800964,0.0,0.0,0.9989447593688965
395,0.9991304874420166,0.0,0.0,0.9989110231399536
396,0.9989883303642273,0.0,0.0,0.9992229342460632
397,0.9698376655578613,0.0,0.0,0.8650851249694824
398,0.9323017597198486,0.0,0.0,0.8337820768356323
399,0.999518096446991,0.0,0.0,0.9037719964981079
400,0.999248206615448,0.0,0.0,1.0001288652420044
401,0.9999673366546631,0.0,0.0,0.999526858329773
402,0.9890103936195374,0.0,0.0,1.0006434917449951
403,0.9081353545188904,0.0,0.0,0.9991414546966553
404,0.9999586939811707,0.0,0.0,0.999018132686615
405,1.0005857944488525,0.0,0.0,0.9994156360626221
406,0.9989885687828064,0.0,0.0,0.9100654125213623
407,0.9991747140884399,0.0,0.0,0.9994359016418457
408,0.9990581274032593,0.0,0.0,0.9995526075363159
409,0.999624490737915,0.0,0.0,0.9985203742980957
410,0.9792380332946777,0.0,0.0,0.9997628927230835
411,0.99992835521698,0.0,0.0,1.0000300407409668
412,0.9985997676849365,0.0,0.0,0.9994399547576904
413,0.9912159442901611,0.0,0.21865232288837433,0.8301360011100769
414,0.8572089672088623,0.0,0.0,0.886792778968811
415,0.9116462469100952,0.0,0.0,0.882990300655365
416,0.9995626211166382,0.0,0.0,0.8631539344787598
417,0.998775839805603,0.0,0.0,0.9994248151779175
418,0.9993540644645691,0.0,0.0,0.9803175926208496
419,0.9022427797317505,0.0,0.0,0.7567415833473206
420,0.9989036321640015,0.0,0.0,0.9996838569641113
421,0.9151028990745544,0.0,0.0,0.7877863645553589
422,1.0004417896270752,0.0,0.0,0.9169683456420898
423,0.9668765068054199,0.0,0.0,0.9993921518325806
424,0.9109503626823425,0.0,0.0,0.8897227644920349
425,0.936872661113739,0.0,0.0,0.9954938292503357
426,0.9848254919052124,0.0,0.0,0.998981237411499
427,0.8995622396469116,0.0,0.0,0.8498961925506592
428,0.9998689889907837,0.0,0.0,0.9996242523193359
429,0.914969801902771,0.0,0.0,0.9655470848083496
430,0.9995155334472656,0.0,0.0,0.9991692304611206
431,0.9992796182632446,0.0,0.0,0.9989147186279297
432,0.9994561672210693,0.0,0.0,0.9998277425765991
433,0.9499763250350952,0.0,0.0,0.903207004070282
434,0.9998382925987244,0.0,0.0,0.8210968971252441
435,0.8386260867118835,0.0,0.0,0.8931884169578552
436,0.9232491254806519,0.0,0.0,0.794111967086792
437,0.9070936441421509,0.0,0.0,0.893018901348114
438,0.9993240833282471,0.0,0.0,0.9616936445236206
439,0.999086856842041,0.0,0.0,0.9999743700027466
440,0.9992654323577881,0.0,0.0,0.9996763467788696
441,0.9985727071762085,0.0,0.0,0.9996777176856995
442,0.9994288682937622,0.0,0.0,0.8869897127151489
443,0.9947611689567566,0.0,0.0,0.9994651079177856
444,0.9988357424736023,0.0,0.0,0.9989705681800842
445,0.8985365629196167,0.0,0.0,0.8892332911491394
446,1.000858187675476,0.0,0.0,1.0007681846618652
447,0.9002931714057922,0.0,0.0,0.982500433921814
448,0.9191385507583618,0.0,0.0,0.8598262667655945
449,0.9991065263748169,0.0,0.0,0.9996078610420227
450,0.8953422904014587,0.0,0.0,0.9056299924850464
451,1.0002918243408203,0.0,0.0,0.9996222257614136
452,0.9985233545303345,0.0,0.0,0.8550196886062622
453,0.9992756843566895,0.0,0.0,0.8628010749816895
454,0.9997088313102722,0.0,0.0,0.9993427991867065
455,0.9326021075248718,0.0,0.0,0.9175931215286255
456,0.8915390968322754,0.0,0.29039520025253296,1.0002361536026
457,0.999546468257904,0.0,0.0,0.9619337916374207
458,0.8867233991622925,0.0,0.0,0.7998039126396179
459,0.9997476935386658,0.0,0.0,0.9981810450553894
460,0.9990386366844177,0.0,0.2494688630104065,0.9519481658935547
461,0.9996691942214966,0.0,0.0,0.9992895722389221
462,0.9992469549179077,0.0,0.0,0.9991924166679382
463,0.998639702796936,0.0,0.0,0.9185130596160889
464,0.9994418025016785,0.0,0.0,0.8467288017272949
465,0.9999557733535767,0.0,0.0,0.9989331364631653
466,0.0,0.0,0.0,0.0
467,0.9360835552215576,0.0,0.0,0.8896722793579102
468,0.9990026354789734,0.0,0.0,0.9993147253990173
469,0.7744125127792358,0.0,0.0,0.8444380164146423
470,0.9989578723907471,0.0,0.0,0.9987369775772095
471,0.9993006587028503,0.0,0.0,0.9988580942153931
472,0.9995331168174744,0.0,0.0,1.0001113414764404
473,1.0002195835113525,0.0,0.0,0.9478482007980347
474,0.6884551048278809,0.0,0.0,0.747360110282898
475,0.9993149638175964,0.0,0.0,0.9988981485366821
476,0.999212920665741,0.0,0.0,0.9982424974441528
477,1.000566840171814,0.0,0.0,0.836945652961731
478,0.9993439316749573,0.0,0.0,0.9992566108703613
479,0.9990477561950684,0.0,0.0,0.9994601607322693
480,1.000022292137146,0.0,0.0,0.9993720650672913
481,0.9758723974227905,0.0,0.0,0.9995944499969482
482,0.9994441866874695,0.0,0.0,1.0001416206359863
483,0.9994792342185974,0.0,0.0,0.9998941421508789
484,0.9992880821228027,0.0,0.0,0.9720728397369385
485,0.9999258518218994,0.0,0.0,0.9836530089378357
486,1.0002301931381226,0.0,0.0,1.0006346702575684
487,1.0004286766052246,0.0,0.0,0.7650995254516602
488,0.9998902678489685,0.0,0.0,0.9991103410720825
489,0.999417781829834,0.0,0.0,1.0000011920928955
490,0.9394832849502563,0.0,0.0,0.8149601221084595
491,0.9988160133361816,0.0,0.0,0.9991061687469482
492,0.9975584745407104,0.0,0.0,0.8594726920127869
493,0.9997546076774597,0.0,0.0,0.9547716379165649
494,0.9996217489242554,0.0,0.0,0.9998143911361694
495,0.9951237440109253,0.0,0.0,0.9988946914672852
496,0.9989632368087769,0.0,0.0,0.9991840124130249
497,0.9695156812667847,0.0,0.0,0.9881806969642639
498,0.9993162155151367,0.0,0.0,0.9993277788162231
499,0.9995864629745483,0.0,0.0,0.8619562983512878
500,0.9492607116699219,0.0,0.0,0.99839848279953
501,0.9579222202301025,0.0,0.0,0.8256747722625732
502,0.9992325305938721,0.0,0.0,0.9778213500976562
503,0.9999210238456726,0.0,0.0,0.9997314810752869
504,1.0006413459777832,0.0,0.0,0.8616010546684265
505,0.9990977048873901,0.0,0.0,0.9994009137153625
506,0.9994983673095703,0.0,0.0,0.9988505840301514
507,0.9923388957977295,0.0,0.0,0.8971428275108337
508,0.9995471835136414,0.0,0.0,0.8627848029136658
509,0.960303544998169,0.0,0.0,0.8872184753417969
510,0.9154818058013916,0.0,0.0,0.8844321966171265
511,0.9714399576187134,0.0,0.0,0.9800621271133423
512,0.9984642863273621,0.0,0.0,0.9995691776275635
513,0.9994157552719116,0.0,0.0,0.9992951154708862
514,0.8788593411445618,0.0,0.0,0.8761756420135498
515,0.9999735355377197,0.0,0.0,0.9903451800346375
516,0.9992234110832214,0.0,0.0,0.9996837377548218
517,1.0000349283218384,0.0,0.0,1.0006182193756104
518,0.9998763799667358,0.0,0.0,0.9991213083267212
519,0.9997498989105225,0.0,0.0,0.9996050596237183
520,0.9997749328613281,0.0,0.0,0.9986963868141174
521,0.9995288252830505,0.0,0.0,0.9182288646697998
522,0.9992061853408813,0.0,0.0,0.9996346235275269
523,1.0002620220184326,0.0,0.0,1.000440001487732
524,0.9093843698501587,0.0,0.0,0.7317447662353516
525,0.9990170001983643,0.0,0.0,0.9993346929550171
526,1.0006637573242188,0.0,0.0,0.9990445375442505
527,0.9993886947631836,0.0,0.0,0.819063663482666
528,0.9062038660049438,0.0,0.0,0.9012826085090637
529,0.999473512172699,0.0,0.0,0.9995591640472412
530,0.9994250535964966,0.0,0.0,0.821887731552124
531,0.9999914169311523,0.0,0.0,0.736639678478241
532,0.9155635833740234,0.0,0.0,0.9995273351669312
533,0.9990567564964294,0.0,0.0,0.7823019027709961
534,0.8730660080909729,0.0,0.0,0.9332855939865112
535,0.7557410597801208,0.0,0.0,1.00026273727417
536,0.9994671940803528,0.0,0.0,1.0006630420684814
537,0.9992455244064331,0.0,0.0,0.9385011196136475
538,0.9991310238838196,0.0,0.0,0.9993138313293457
539,0.9363733530044556,0.0,0.0,0.861707866191864
540,0.8447856903076172,0.0,0.0,0.8849895000457764
541,0.7803129553794861,0.0,0.0,0.0
542,0.9935376048088074,0.0,0.0,0.9993818998336792
543,0.9326180219650269,0.0,0.0,0.827905535697937
544,0.9995425343513489,0.0,0.0,1.0007463693618774
545,0.9986433386802673,0.0,0.0,0.9992963075637817
546,0.9996581077575684,0.0,0.0,0.9996316432952881
547,0.9994813799858093,0.0,0.0,0.9990779161453247
548,0.953694760799408,0.0,0.0,0.9793943166732788
549,0.9997082948684692,0.0,0.0,0.8007254004478455
550,0.9007395505905151,0.0,0.0,0.9985511302947998
551,0.9987390041351318,0.0,0.0,0.9073566794395447
552,0.9999535083770752,0.0,0.0,0.9985834360122681
553,0.9993855953216553,0.0,0.0,0.8234367370605469
554,0.9985480308532715,0.0,0.0,0.9993476867675781
555,0.999947726726532,0.0,0.0,0.8750993013381958
556,0.9237237572669983,0.0,0.0,0.9657363295555115
557,0.968761682510376,0.0,0.0,0.7673170566558838
558,1.0005202293395996,0.0,0.0,0.9981417655944824
559,0.998095691204071,0.0,0.0,0.8958433866500854
560,0.8620264530181885,0.0,0.0,1.0002387762069702
561,0.9822326898574829,0.0,0.0,0.8176909685134888
562,0.901348888874054,0.0,0.0,0.9435499906539917
563,0.8978068232536316,0.0,0.0,0.7263726592063904
564,0.926895260810852,0.0,0.0,0.8934922814369202
565,0.9775233268737793,0.0,0.0,0.999808669090271
566,0.9852897524833679,0.0,0.0,0.9996866583824158
567,0.8422847986221313,0.0,0.0,0.9996423721313477
568,0.9543086290359497,0.0,0.0,0.8437767624855042
569,0.9996191263198853,0.0,0.0,0.999640941619873
570,0.9491945505142212,0.0,0.0,0.9876909255981445
571,0.9912935495376587,0.0,0.0,0.9750048518180847
572,0.888685405254364,0.0,0.0,0.6948517560958862
573,0.999697208404541,0.0,0.0,1.000138759613037
574,0.9990767240524292,0.0,0.0,0.9997411966323853
575,0.9995543360710144,0.0,0.0,0.963826060295105
576,0.9991523623466492,0.0,0.0,0.8559250831604004
577,0.9994592070579529,0.0,0.0,1.00015389919281
578,0.9994151592254639,0.0,0.0,1.0010788440704346
579,0.905853271484375,0.0,0.0,0.805813729763031
580,1.0006296634674072,0.0,0.0,0.8938245177268982
581,0.8964442610740662,0.0,0.0,1.0000059604644775
582,0.9089426398277283,0.0,0.0,0.739604651927948
583,0.9905088543891907,0.0,0.0,1.0010113716125488
584,0.9989732503890991,0.0,0.0,0.999685525894165
585,0.9460833072662354,0.0,0.0,0.9991334676742554
586,0.9991642832756042,0.0,0.0,0.9990466833114624
587,0.988287627696991,0.0,0.0,0.9394845962524414
588,0.9809264540672302,0.0,0.0,1.0004522800445557
589,0.9261070489883423,0.0,0.0,0.7607406377792358
590,0.9999743700027466,0.0,0.0,0.8801838159561157
591,1.0000733137130737,0.0,0.0,0.9989339709281921
592,0.9991738796234131,0.0,0.0,0.9994922876358032
593,0.999237596988678,0.0,0.0,1.000139832496643
594,0.9996134042739868,0.0,0.0,1.0003544092178345
595,0.995488166809082,0.0,0.0,0.8886311054229736
596,0.9998406767845154,0.0,0.0,0.8744065761566162
597,0.9996908903121948,0.0,0.0,0.9992296695709229
598,1.0003924369812012,0.0,0.0,0.9996494054794312
599,0.9992865324020386,0.0,0.0,0.8355649709701538
600,0.999057412147522,0.0,0.0,0.9993867874145508
601,0.9997870326042175,0.0,0.0,1.0001873970031738
602,0.9994141459465027,0.0,0.0,0.999608039855957
603,0.998870313167572,0.0,0.0,1.0008366107940674
604,0.9995085597038269,0.0,0.0,0.9664778709411621
605,0.9087904691696167,0.0,0.0,0.987366795539856
606,0.9529286623001099,0.0,0.0,0.8311976790428162
607,1.0002450942993164,0.0,0.0,0.9990652799606323
608,0.9998899698257446,0.0,0.0,0.9994950294494629
609,0.8592691421508789,0.0,0.0,0.9110995531082153
610,1.000588297843933,0.0,0.0,0.9992204904556274
611,0.9992843270301819,0.0,0.0,0.9989750385284424
612,0.9995130300521851,0.0,0.0,0.9993158578872681
613,0.9798604846000671,0.0,0.0,0.8203439116477966
614,0.9993134140968323,0.0,0.0,1.000075340270996
615,0.885846734046936,0.0,0.0,0.9452268481254578
616,0.9982161521911621,0.0,0.0,0.9999058246612549
617,0.9694604873657227,0.0,0.0,0.8728050589561462
618,0.9985934495925903,0.0,0.0,0.9996206164360046
619,0.9998185038566589,0.0,0.0,0.9277908205986023
620,0.9998385906219482,0.0,0.0,1.000535488128662
621,0.9994620084762573,0.0,0.0,0.9994643926620483
622,0.9507839679718018,0.0,0.0,0.7969207763671875
623,0.9975887537002563,0.0,0.0,0.9991054534912109
624,0.9995272159576416,0.0,0.0,0.7858327627182007
625,0.9994098544120789,0.0,0.0,0.8700892925262451
626,0.9120464324951172,0.0,0.0,0.8470795154571533
627,0.9995535612106323,0.0,0.0,0.9995984435081482
628,0.944677472114563,0.0,0.0,0.8256987929344177
629,0.871304988861084,0.0,0.0,0.9525436162948608
630,0.9675614833831787,0.0,0.0,0.991698145866394
631,1.0007362365722656,0.0,0.0,1.0011610984802246
632,0.9456331729888916,0.0,0.0,0.9818325638771057
633,0.7885693907737732,0.0,0.0,0.7253013253211975
634,0.999040961265564,0.0,0.0,0.8282768726348877
635,0.999088704586029,0.0,0.0,1.0003520250320435
636,0.9928319454193115,0.0,0.0,0.8801717758178711
637,0.9253619909286499,0.0,0.0,0.9267115592956543
638,0.9989238977432251,0.0,0.0,0.999383807182312
639,1.0009040832519531,0.0,0.0,0.9993409514427185
640,0.9079130291938782,0.0,0.0,0.9194505214691162
641,0.9989250898361206,0.0,0.0,0.9992601871490479
642,0.9235793948173523,0.0,0.0,1.0009386539459229
643,0.998877227306366,0.0,0.0,0.9996495246887207
644,0.9987243413925171,0.0,0.0,0.8807696104049683
645,1.0000033378601074,0.0,0.0,0.9986374378204346
646,0.8408831357955933,0.0,0.0,0.9994654655456543
647,0.9986951351165771,0.0,0.0,0.9998632669448853
648,0.999168872833252,0.0,0.0,0.9386477470397949
649,0.9994012117385864,0.0,0.0,0.705854594707489
650,0.9995849132537842,0.0,0.0,1.0003972053527832
651,0.8410395979881287,0.0,0.0,0.7506953477859497
652,0.9760814905166626,0.0,0.0,0.8414270281791687
653,0.9645224809646606,0.0,0.0,0.9579366445541382
654,0.9050161838531494,0.0,0.0,0.9006011486053467
655,0.998579740524292,0.0,0.0,0.8693270087242126
656,0.9965335130691528,0.0,0.0,0.952886164188385
657,0.9990721940994263,0.0,0.0,0.9294726252555847
658,1.0006535053253174,0.0,0.0,0.9999960660934448
659,0.9992176294326782,0.0,0.0,0.9998672008514404
660,0.8624993562698364,0.0,0.0,0.8431360125541687
661,0.9156935214996338,0.0,0.0,0.9633380174636841
662,1.0000793933868408,0.0,0.0,0.9991780519485474
663,0.9984757304191589,0.0,0.0,0.9997236132621765
664,0.9996212720870972,0.0,0.0,0.9267672300338745
665,0.9954581260681152,0.0,0.0,0.9805808067321777
666,0.9247716665267944,0.0,0.0,0.8092783093452454
667,1.0004256963729858,0.0,0.0,0.9997036457061768
668,0.9999033212661743,0.0,0.0,1.0008118152618408
669,0.9995160698890686,0.0,0.0,0.9998372793197632
670,0.9995064735412598,0.0,0.0,0.9991936683654785
671,0.9989379644393921,0.0,0.0,1.0003714561462402
672,0.9272865056991577,0.0,0.0,0.9996267557144165
673,0.9995566606521606,0.0,0.0,0.7510618567466736
674,0.9002901315689087,0.0,0.0,0.8195139765739441
675,0.9994228482246399,0.0,0.0,1.000037670135498
676,0.9987462759017944,0.0,0.0,0.833662211894989
677,1.0000133514404297,0.0,0.0,0.8681826591491699
678,0.9998931288719177,0.0,0.0,0.8558977842330933
679,1.0001479387283325,0.0,0.0,1.0012702941894531
680,0.9989504814147949,0.0,0.0,0.8762614130973816
681,0.9992582201957703,0.0,0.0,0.9494104385375977
682,0.9985232353210449,0.0,0.0,0.9995510578155518
683,1.000049114227295,0.0,0.0,0.9998445510864258
684,0.8857650756835938,0.0,0.0,0.7381005883216858
685,1.0004868507385254,0.0,0.0,0.999939501285553
686,1.0001055002212524,0.0,0.0,0.8013744354248047
687,0.9166808128356934,0.0,0.0,0.8401617407798767
688,0.9980549812316895,0.0,0.0,0.8990421295166016
689,0.9975600242614746,0.0,0.0,0.9997866749763489
690,0.9999572038650513,0.0,0.0,0.999838650226593
691,0.865451455116272,0.0,0.0,0.9996464848518372
692,0.9995409846305847,0.0,0.0,0.8998823165893555
693,0.9989938735961914,0.0,0.09283117949962616,0.9636656641960144
694,0.9544602632522583,0.0,0.0,0.7372997999191284
695,0.9656034708023071,0.0,0.0,1.0004732608795166
696,0.9870274066925049,0.0,0.0,1.0003442764282227
697,0.9996694326400757,0.0,0.0,1.0003912448883057
698,0.9998365640640259,0.0,0.0,0.8608191013336182
699,1.000114917755127,0.0,0.0,0.999650776386261
700,1.0000218152999878,0.0,0.0,0.841751754283905
701,0.9991277456283569,0.0,0.0,0.9249835014343262
702,0.9993122816085815,0.0,0.0,0.999754786491394
703,0.9990973472595215,0.0,0.0,0.9170379638671875
704,0.9079535007476807,0.0,0.0,0.8666921854019165
705,0.9991021156311035,0.0,0.0,0.9997556209564209
706,0.999764084815979,0.0,0.0,1.0003973245620728
707,0.9559248685836792,0.0,0.0,0.784949541091919
708,0.9990596175193787,0.0,0.0,0.8832756876945496
709,0.9990975856781006,0.0,0.0,0.9999596476554871
710,0.9011600017547607,0.0,0.0,0.9010111093521118
711,1.0000238418579102,0.0,0.0,0.9995828866958618
712,0.9992393851280212,0.0,0.06504770368337631,0.9999828338623047
713,0.9152551889419556,0.0,0.0,0.9932679533958435
714,0.9995560646057129,0.0,0.0,0.8068615794181824
715,0.9474946856498718,0.0,0.0,0.7293363809585571
716,0.9985636472702026,0.0,0.0,0.9995041489601135
717,0.9996740818023682,0.0,0.0,0.9950931072235107
718,0.9995810389518738,0.0,0.055088598281145096,0.9992907643318176
719,1.000108242034912,0.0,0.0,0.7986721396446228
720,0.9988946318626404,0.0,0.0,0.8899745345115662
721,0.9669240713119507,0.0,0.0,0.8932091593742371
722,0.9986014366149902,0.0,0.0,1.0000011920928955
723,0.9493669271469116,0.0,0.0,0.8483104705810547
724,0.9656378030776978,0.0,0.0,1.00007963180542
725,0.9989916086196899,0.0,0.0,0.8715194463729858
726,0.9997828006744385,0.0,0.0,0.9992681741714478
727,0.999576985836029,0.0,0.0,0.9997724294662476
728,0.9991924166679382,0.0,0.0,0.9997026920318604
729,0.7300976514816284,0.0,0.0,0.734804630279541
730,0.9992213249206543,0.0,0.0,0.9988332390785217
731,0.9982947111129761,0.0,0.0,0.9833192825317383
732,0.9934403300285339,0.0,0.0,0.9965996742248535
733,0.9867495894432068,0.0,0.0,0.9668911695480347
734,0.9998258352279663,0.0,0.0,0.908629834651947
735,1.000063180923462,0.0,0.0,0.9996843338012695
736,0.9996684789657593,0.0,0.0,0.9395224452018738
737,0.999314546585083,0.0,0.0,1.0000498294830322
738,0.876748263835907,0.0,0.0,0.8885812759399414
739,0.9314872026443481,0.0,0.0,0.8648788332939148
740,0.9991449117660522,0.0,0.0,0.9999827742576599
741,0.9998978972434998,0.0,0.0,0.9990724325180054
742,0.9990024566650391,0.0,0.0,0.9017164707183838
743,0.9999094009399414,0.0,0.0,0.9997555613517761
744,0.9993230104446411,0.0,0.0,1.0001400709152222
745,0.9133743047714233,0.0,0.0,0.8796937465667725
746,0.9713265895843506,0.0,0.0,0.7907566428184509
747,0.9995431303977966,0.0,0.0,0.9993805885314941
748,0.9337518215179443,0.0,0.0,0.9990920424461365
749,0.9987837076187134,0.0,0.0,0.9998751878738403
750,0.9989254474639893,0.0,0.0,0.9992271065711975
751,0.9988018870353699,0.0,0.0,0.9995381832122803
752,0.964497447013855,0.0,0.0,0.899233341217041
753,0.999675452709198,0.0,0.0,0.8506621718406677
754,0.9338415861129761,0.0,0.0,0.8315107822418213
755,1.0006165504455566,0.0,0.0,0.8548476696014404
756,0.9996637105941772,0.0,0.0,0.9996435642242432
757,0.9091120958328247,0.0,0.0,0.8058891892433167
758,0.9384110569953918,0.0,0.0,0.812153697013855
759,0.9848127365112305,0.0,0.0,1.0001342296600342
760,0.9175674915313721,0.0,0.0,0.9991078972816467
761,0.939560055732727,0.0,0.0,0.8971271514892578
762,0.9994432926177979,0.0,0.0,0.9400808811187744
763,0.9084522724151611,0.0,0.0,0.7956583499908447
764,0.938692569732666,0.0,0.0,1.0004675388336182
765,0.9989823698997498,0.0,0.0,0.9993656873703003
766,0.9994453191757202,0.0,0.0,0.9994060397148132
767,0.9998618364334106,0.0,0.0,1.000192642211914
768,0.9987242221832275,0.0,0.0,0.9987069964408875
769,0.9294832944869995,0.0,0.0,0.7982351183891296
770,0.9997810125350952,0.0,0.0,0.9997107982635498
771,0.9994579553604126,0.0,0.0,1.0000073909759521
772,0.9020556211471558,0.0,0.0,0.9975783228874207
773,0.987741231918335,0.0,0.0,1.0006744861602783
774,1.0003927946090698,0.0,0.0,0.8945903778076172
775,0.9995431900024414,0.0,0.0,0.7928053736686707
776,0.9995394945144653,0.0,0.0,0.9996189475059509
777,0.9167799949645996,0.0,0.0,0.8402029871940613
778,0.9093961715698242,0.0,0.0,0.8271505236625671
779,0.9992333650588989,0.0,0.0,0.8514078855514526
780,0.9998510479927063,0.0,0.0,0.8821297883987427
781,0.9725227355957031,0.0,0.0,0.9998126029968262
782,0.9994986653327942,0.0,0.0,0.9992035627365112
783,0.9991010427474976,0.0,0.0,0.8564786911010742
784,0.9691995978355408,0.0,0.0,0.9478392601013184
785,0.8991754055023193,0.0,0.0,0.85474693775177
786,0.9860548377037048,0.0,0.0,0.9988594055175781
787,0.9988544583320618,0.0,0.0,1.0006418228149414
788,0.9942513704299927,0.0,0.0,0.9830319285392761
789,0.9323305487632751,0.0,0.0,0.8686662912368774
790,0.999140739440918,0.0,0.0,1.0004565715789795
791,0.9999227523803711,0.0,0.0,0.8816007375717163
792,0.9828223586082458,0.0,0.0,0.8348404765129089
793,0.999326765537262,0.0,0.0,0.9149811267852783
794,0.9991481304168701,0.0,0.0,1.0006439685821533
795,0.9997482299804688,0.0,0.0,0.9995355010032654
796,0.9163159728050232,0.0,0.0,0.8928205370903015
797,0.9990906715393066,0.0,0.0,0.9994213581085205
798,0.9407128095626831,0.0,0.0,0.973624050617218
799,0.9992750883102417,0.0,0.0,0.9990364909172058
800,1.000614881515503,0.0,0.0,0.8806571364402771
801,0.9993622303009033,0.0,0.0,0.9991142749786377
802,0.9994040727615356,0.0,0.0,0.8280563950538635
803,0.9991472959518433,0.0,0.0,0.9979836940765381
804,0.9996384978294373,0.0,0.0,0.9999588131904602
805,0.9995688796043396,0.0,0.0,0.9993958473205566
806,0.9082459211349487,0.0,0.0,0.9567266702651978
807,0.9994781017303467,0.0,0.0,0.8521332740783691
808,0.999354362487793,0.0,0.0,1.0001773834228516
809,0.998327374458313,0.0,0.0,0.8898282051086426
810,0.9794371128082275,0.0,0.0,0.9990300536155701
811,0.8692444562911987,0.0,0.0,0.745894193649292
812,0.9996329545974731,0.0,0.0,0.9996693134307861
813,0.9490846395492554,0.0,0.0,0.8570618629455566
814,0.9997164011001587,0.0,0.0,0.9222933650016785
815,0.998865008354187,0.0,0.0,0.9990234971046448
816,0.9992812275886536,0.0,0.0,0.9999690055847168
817,0.9817125797271729,0.0,0.0,0.9993975162506104
818,1.00004243850708,0.0,0.0,0.985135018825531
819,0.9994675517082214,0.0,0.0,0.9400274157524109
820,0.999464750289917,0.0,0.0,1.000025749206543
821,0.9991739988327026,0.0,0.0,0.8673874735832214
822,0.9998621344566345,0.0,0.0,0.9993252754211426
823,0.9999120831489563,0.0,0.0,0.9995617866516113
824,0.979047417640686,0.0,0.0,0.8818556666374207
825,0.9999517202377319,0.0,0.0,0.9180263876914978
826,0.9989701509475708,0.0,0.0,0.997853696346283
827,0.9383460879325867,0.0,0.0,0.9801716208457947
828,0.9990272521972656,0.0,0.0,0.9153525233268738
829,0.9492184519767761,0.0,0.0,0.9010888934135437
830,0.9991090297698975,0.0,0.0,1.0003859996795654
831,0.910510241985321,0.0,0.0,0.999698281288147
832,0.912956953048706,0.0,0.0,0.9675970077514648
833,0.9654490351676941,0.0,0.0,0.9240843057632446
834,0.954953670501709,0.0,0.0,0.9601008296012878
835,0.9988941550254822,0.0,0.0,0.9988172650337219
836,1.000628113746643,0.0,0.0,0.9986599683761597
837,0.9736067652702332,0.0,0.0,1.000030755996704
838,0.999504804611206,0.0,0.0,0.9970757365226746
839,0.9912514090538025,0.0,0.0,0.9326502680778503
840,0.9720845222473145,0.0,0.0,0.8422090411186218
841,0.9867121577262878,0.0,0.0,0.9981933832168579
842,0.9342302083969116,0.0,0.0,0.9745216369628906
843,0.9980746507644653,0.0,0.0,1.000066876411438
844,0.9204002022743225,0.0,0.0,0.7222933173179626
845,0.9062018394470215,0.0,0.0,0.8901660442352295
846,0.9992401599884033,0.0,0.0,0.9079314470291138
847,0.9722566604614258,0.0,0.0,0.851809024810791
848,0.9987242817878723,0.0,0.0,0.9992314577102661
849,0.9998903274536133,0.0,0.0,0.8902606964111328
850,1.0004304647445679,0.0,0.0,0.8996933102607727
851,0.9752004742622375,0.0,0.0,0.9460618495941162
852,0.9363752603530884,0.0,0.0,0.9993329644203186
853,0.9993563890457153,0.0,0.0768786296248436,0.9744333028793335
854,0.9991341829299927,0.0,0.0,0.9923881888389587
855,0.9994020462036133,0.0,0.0,0.8210611343383789
856,0.9113163948059082,0.0,0.0,0.9446357488632202
857,0.9998207092285156,0.0,0.10303086787462234,0.9985980987548828
858,0.9182395339012146,0.0,0.0,1.0002038478851318
859,0.9991284012794495,0.0,0.0,0.9996140003204346
860,0.9986394643783569,0.0,0.0,0.8283074498176575
861,0.9988040924072266,0.0,0.0,0.9993230104446411
862,0.9990490674972534,0.0,0.0,1.0005096197128296
863,1.0001060962677002,0.0,0.0,0.9989754557609558
864,1.0009201765060425,0.0,0.0,0.9051260948181152
865,0.9999203085899353,0.0,0.0,0.9293907880783081
866,0.9997388124465942,0.0,0.0,0.8948317766189575
867,1.0000700950622559,0.0,0.0,0.8608202934265137
868,0.9991014003753662,0.0,0.0,0.8567970991134644
869,0.9989813566207886,0.0,0.0,1.0001749992370605
870,1.0012973546981812,0.0,0.0,0.9993188977241516
871,0.909099817276001,0.0,0.0,0.942870557308197
872,1.0003254413604736,0.0,0.0,0.7718266248703003
873,0.9994909763336182,0.0,0.0,0.8542155623435974
874,0.9998788833618164,0.0,0.0,0.9357554912567139
875,0.9998129606246948,0.0,0.0,0.8877856731414795
876,0.9998296499252319,0.0,0.0,0.9903150796890259
877,0.9148802757263184,0.0,0.0,0.6319936513900757
878,0.9555177688598633,0.0,0.0,0.8874655961990356
879,0.999830961227417,0.0,0.0,0.9985811710357666
880,0.999353289604187,0.0,0.0,0.9995522499084473
881,1.0001472234725952,0.0,0.0,0.9632613062858582
882,1.000659465789795,0.0,0.0,0.9995428919792175
883,0.999241828918457,0.0,0.0,0.9990803599357605
884,0.9994447231292725,0.0,0.0,0.9993102550506592
885,0.9898533225059509,0.0,0.0,0.9993821382522583
886,0.9987879991531372,0.0,0.0,0.9994372129440308
887,0.9991569519042969,0.0,0.0,0.998599112033844
888,0.8371874690055847,0.0,0.0,0.7456775903701782
889,1.0002493858337402,0.0,0.0,0.8947839140892029
890,0.9999134540557861,0.0,0.0,0.8564035892486572
891,1.0000842809677124,0.0,0.0,0.9997043609619141
892,0.9991374015808105,0.0,0.0,0.9994348883628845
893,0.999758243560791,0.0,0.0,0.9994193315505981
894,0.9997330904006958,0.0,0.0,1.0006812810897827
895,0.9175612926483154,0.0,0.0,1.000250220298767
896,0.9519540667533875,0.0,0.0,0.9993953704833984
897,0.9261542558670044,0.0,0.0,0.9993338584899902
898,0.9994416236877441,0.0,0.21420088410377502,0.8534345030784607
899,0.0,0.0,0.0,0.0
900,0.9998542666435242,0.0,0.0,0.999514102935791
901,0.9998722076416016,0.0,0.0,0.9995670318603516
902,0.9967880249023438,0.0,0.0,1.0000251531600952
903,0.9990538358688354,0.0,0.0,0.9990944862365723
904,0.9937131404876709,0.0,0.0,1.000508427619934
905,0.999335527420044,0.0,0.0,0.9999709129333496
906,0.9188224077224731,0.0,0.0,1.0000848770141602
907,0.9998217821121216,0.0,0.0,0.8441343307495117
908,0.9462203979492188,0.0,0.0,0.899167537689209
909,0.9027621746063232,0.0,0.0,0.9996033906936646
910,0.9980887770652771,0.0,0.0,1.000029444694519
911,0.8737607002258301,0.0,0.0,0.9628782272338867
912,0.9989380240440369,0.0,0.0,0.8753616809844971
913,0.9996280074119568,0.0,0.0,0.999472975730896
914,0.9986515045166016,0.0,0.0,0.9998126029968262
915,0.9996012449264526,0.0,0.0,0.8687805533409119
916,0.9995860457420349,0.0,0.05961240082979202,0.9989422559738159
917,0.9996351003646851,0.0,0.0,0.8808602690696716
918,1.0002042055130005,0.0,0.0,0.9014219045639038
919,0.9994171857833862,0.0,0.0,0.9201511144638062
920,0.9985688924789429,0.0,0.0,0.9997202754020691
921,0.9986843466758728,0.0,0.0,0.9992063045501709
922,0.9993940591812134,0.0,0.0,0.9998910427093506
923,0.9990367293357849,0.0,0.0,0.9997150897979736
924,0.9997128844261169,0.0,0.0,0.8603523969650269
925,0.9143600463867188,0.0,0.0,0.9996330738067627
926,0.9554685950279236,0.0,0.0,0.8459063172340393
927,0.9811579585075378,0.0,0.0,1.0003597736358643
928,0.9997134804725647,0.0,0.0,1.0005494356155396
929,1.0000255107879639,0.0,0.0,0.9616303443908691
930,0.9939510822296143,0.0,0.0,0.9997511506080627
931,0.9997758865356445,0.0,0.0,0.999681830406189
932,0.9992362856864929,0.0,0.0,0.9983365535736084
933,0.9994330406188965,0.0,0.0,0.9996355772018433
934,0.9986568689346313,0.0,0.0,0.9998574256896973
935,0.9199122786521912,0.0,0.0,0.9877755641937256
936,0.9243617057800293,0.0,0.0,0.8107286691665649
937,0.9993690848350525,0.0,0.0,0.8516504764556885
938,0.9992845058441162,0.0,0.0,0.8803183436393738
939,0.9992471933364868,0.0,0.0,0.9997812509536743
940,0.999217689037323,0.0,0.23148499429225922,0.8956270217895508
941,0.9524673223495483,0.0,0.0,0.8284303545951843
942,0.999632716178894,0.0,0.0,0.9170699119567871
943,0.9991201758384705,0.0,0.0,0.9996795058250427
944,0.9996529817581177,0.0,0.0,0.8868796229362488
945,0.9774447679519653,0.0,0.0,0.9994792342185974
946,0.9863404035568237,0.0,0.0,0.8709383010864258
947,0.9528547525405884,0.0,0.0,0.9985054731369019
948,0.9924418926239014,0.0,0.0,0.8696130514144897
949,0.9992341995239258,0.0,0.0,0.9999359250068665
950,0.9995118379592896,0.0,0.0,0.9997706413269043
951,0.9992527365684509,0.0,0.0,0.9726080894470215
952,1.0000327825546265,0.0,0.0,0.9998332262039185
953,0.9996756911277771,0.0,0.0,0.9987533688545227
954,0.9996132850646973,0.0,0.0,0.8700416088104248
955,0.9144601821899414,0.0,0.0,0.9164769649505615
956,0.9991276264190674,0.0,0.0,0.90721595287323
957,1.0002903938293457,0.0,0.0,0.9997643232345581
958,0.9993784427642822,0.0,0.0,1.0007281303405762
959,0.9125127792358398,0.0,0.0,0.9999116659164429
960,0.9987201690673828,0.0,0.0,0.8259956240653992
961,0.9351328611373901,0.0,0.0,0.9071763157844543
962,0.9993089437484741,0.0,0.0,1.0000221729278564
963,0.9995155334472656,0.0,0.0,0.7071810960769653
964,0.9683449864387512,0.0,0.0,0.8676705360412598
965,0.9989318251609802,0.0,0.0,0.9634203314781189
966,0.8172098398208618,0.0,0.0,0.9248737096786499
967,0.9871311187744141,0.0,0.0,0.9998749494552612
968,0.999879777431488,0.0,0.0,0.9185806512832642
969,0.9987738132476807,0.0,0.0,0.9994142651557922
970,0.9997005462646484,0.0,0.0,0.999472975730896
971,0.999569296836853,0.0,0.0,0.9135124087333679
972,0.8887210488319397,0.0,0.0,0.9693871736526489
973,0.9990792870521545,0.0,0.0,0.9931389093399048
974,0.9428515434265137,0.0,0.0,0.9991570711135864
975,0.9983893632888794,0.0,0.0,0.8445519804954529
976,0.9989387392997742,0.0,0.0,0.9711216688156128
977,0.9991578459739685,0.0,0.0,0.7937614917755127
978,0.9994497895240784,0.0,0.0,0.8819985389709473
979,0.9376200437545776,0.0,0.0,0.9988762736320496
980,0.9994804859161377,0.0,0.0,0.9993377923965454
981,0.999833345413208,0.0,0.0,0.9999110698699951
982,1.0006229877471924,0.0,0.0,0.811058759689331
983,0.8832890391349792,0.0,0.0,0.7803249955177307
984,0.9997376203536987,0.0,0.0,0.9995481967926025
985,0.9994235038757324,0.0,0.0,0.9998410940170288
986,0.9998918771743774,0.0,0.0,0.8945052623748779
987,0.9994901418685913,0.0,0.0,0.8833768367767334
988,0.8431305289268494,0.0,0.0,0.901324450969696
989,0.9972299337387085,0.0,0.0,0.9992077350616455
990,0.9986192584037781,0.0,0.0,0.8611764907836914
991,0.9991022944450378,0.0,0.0,0.8645686507225037
992,0.9329955577850342,0.0,0.0,0.7907765507698059
993,0.9993925094604492,0.0,0.0,1.0005775690078735
994,0.9995507001876831,0.0,0.0,0.8847975730895996
995,0.9558175802230835,0.0,0.0,0.8759280443191528
996,0.9994910955429077,0.0,0.0,0.9987823963165283
997,0.9631633758544922,0.0,0.0,0.844031035900116
998,0.9988980293273926,0.0,0.0,0.9993895292282104
999,0.9998502135276794,0.0,0.0,0.8789125680923462
1000,0.9018304347991943,0.0,0.0,0.8880812525749207
1001,0.9983739256858826,0.0,0.0,0.9995558857917786
1002,0.9996216297149658,0.0,0.0,0.8781822919845581
1003,0.9994205236434937,0.0,0.0,1.0001509189605713
1004,0.9993741512298584,0.0,0.0,0.9990634918212891
1005,0.9993712306022644,0.0,0.0,0.999427318572998
1006,0.9990948438644409,0.0,0.0,0.999536395072937
1007,0.999356746673584,0.0,0.0,0.9988340139389038
1008,0.9941196441650391,0.0,0.0,0.8201179504394531
1009,0.9170927405357361,0.0,0.0,0.8729095458984375
1010,0.9997690916061401,0.0,0.0,0.9991020560264587
1011,0.999032199382782,0.0,0.0,0.9996657967567444
1012,1.0000892877578735,0.0,0.0,0.9518224596977234
1013,0.9995854496955872,0.0,0.0,0.8787133097648621
1014,0.9995318651199341,0.0,0.0,0.9986821413040161
1015,0.9991954565048218,0.0,0.0,0.9655115008354187
1016,0.9984283447265625,0.0,0.0,0.999890923500061
1017,0.9811904430389404,0.0,0.0,1.0000989437103271
1018,0.9994469881057739,0.0,0.0,0.9994063377380371
1019,0.9998860359191895,0.0,0.0,0.9990406632423401
1020,0.9993867874145508,0.0,0.0,0.9891401529312134
1021,0.9854528307914734,0.0,0.0,0.9776322245597839
1022,0.9587433934211731,0.0,0.0,0.9998754858970642
1023,0.9998583793640137,0.0,0.0,1.0001041889190674
