,MANC,FANC,Male CNS,BANC
0,0.9299570322036743,0.9984104037284851,0.9989562034606934,0.9993996620178223
1,0.8976243734359741,0.9992241859436035,0.9850687980651855,0.999455451965332
2,0.9997090101242065,0.9466215968132019,0.9750999808311462,0.9995878338813782
3,0.9989373087882996,0.9996523857116699,0.9589914083480835,0.9977458715438843
4,0.999327540397644,0.7420099973678589,0.9891761541366577,0.9754396677017212
5,0.9993170499801636,0.9986886978149414,0.9995860457420349,0.998691737651825
6,0.9996542930603027,0.999865710735321,0.9959530830383301,0.9941926002502441
7,0.9994212985038757,0.9829553961753845,0.9990061521530151,0.9996976852416992
8,0.8912965059280396,0.9750922918319702,0.9995917081832886,0.9998844861984253
9,0.9991004467010498,0.9997382164001465,0.9998416304588318,0.9946002960205078
10,0.9094780087471008,0.9419767260551453,0.9706501960754395,0.9997695088386536
11,0.9992207288742065,0.9826505780220032,0.9662986397743225,0.9992040395736694
12,0.9995545148849487,0.9658533334732056,0.9993347525596619,0.9811647534370422
13,0.9995659589767456,0.9813659191131592,0.9867766499519348,0.9993583559989929
14,0.9992116689682007,0.9842180013656616,0.9410956501960754,0.9999217987060547
15,0.9589309692382812,0.9874028563499451,0.9998651742935181,0.998954176902771
16,0.9792810082435608,0.9987763166427612,0.9520494341850281,0.9895448684692383
17,0.9991680383682251,0.9903568625450134,0.9988847374916077,0.9991569519042969
18,0.9988154768943787,0.9911724328994751,0.9994457364082336,0.9840760231018066
19,0.9977419972419739,0.9523134827613831,0.9855231046676636,0.9975937604904175
20,1.0,0.959884524345398,0.9997853636741638,0.9994879961013794
21,0.9999182224273682,0.7299759984016418,0.9992734789848328,0.9794214963912964
22,0.9421923160552979,0.9425713419914246,0.9923754334449768,0.999098539352417
23,0.9200509786605835,0.8839685320854187,0.9988813400268555,0.9989799857139587
24,0.9995936751365662,0.9276971817016602,0.9721101522445679,1.0
25,0.9996587038040161,0.933402419090271,0.9992989301681519,0.9870707988739014
26,0.9994105100631714,0.999335765838623,0.9924357533454895,0.9999508857727051
27,0.9510940313339233,0.9791781306266785,0.9764832854270935,0.9995162487030029
28,0.9986820220947266,0.969814658164978,0.9990043640136719,0.9973942041397095
29,0.9992769956588745,0.9999517202377319,0.9596360921859741,0.9990730285644531
30,0.9534785151481628,0.860848605632782,0.9996349215507507,0.9981657266616821
31,0.9996579885482788,0.9997066855430603,0.9993407726287842,0.9962120056152344
32,0.9488157033920288,0.9982394576072693,0.9852274060249329,0.9960646629333496
33,0.9987409710884094,0.9969516396522522,0.99295973777771,0.99948650598526
34,0.9998840093612671,0.9340007901191711,0.9900461435317993,0.9998400211334229
35,0.9996070265769958,0.9924839735031128,0.9998913407325745,0.9959063529968262
36,0.9989041090011597,0.9728673696517944,0.9860271215438843,0.9998964071273804
37,0.9859445095062256,0.9996088147163391,0.9984128475189209,0.999782383441925
38,0.9995303153991699,0.9988529086112976,0.9993560314178467,0.9877135157585144
39,0.9995080232620239,0.9715927243232727,0.9428198933601379,0.9978617429733276
40,0.9325716495513916,0.9995433688163757,0.9984424710273743,0.9998242855072021
41,0.9985617399215698,0.9724151492118835,0.9995201826095581,0.9997464418411255
42,0.9997439980506897,0.9999078512191772,0.9935506582260132,0.9992810487747192
43,0.8396179676055908,0.9987838268280029,0.9588986039161682,0.9738612771034241
44,0.9767230749130249,0.998537540435791,0.9995718002319336,0.9896501898765564
45,0.999437689781189,0.929095983505249,0.9996680021286011,0.9992502331733704
46,0.9996363520622253,0.9695660471916199,0.965722918510437,0.9989372491836548
47,0.9218859672546387,0.9611355066299438,0.9853137135505676,0.9943376779556274
48,0.9238759875297546,0.9991501569747925,0.9849724769592285,0.9994543790817261
49,0.9998899698257446,0.9995517730712891,0.9968082904815674,0.9987369775772095
50,0.8373817205429077,0.9530836343765259,0.9657884240150452,0.9793572425842285
51,0.9723449945449829,0.9796236753463745,0.9874744415283203,0.9958577752113342
52,0.9990004897117615,0.9881142377853394,0.9995648860931396,0.9958387613296509
53,0.9999719858169556,0.9992148876190186,0.9997565746307373,0.9994816780090332
54,0.9992240071296692,0.9248355627059937,0.9790938496589661,0.9994786381721497
55,0.9764189720153809,0.9988695383071899,0.9979892373085022,0.989674985408783
56,0.9982659816741943,0.999088704586029,0.9182274341583252,0.9993822574615479
57,0.9992954730987549,0.9990229606628418,0.9993327856063843,0.999621570110321
58,0.8978019952774048,0.9943134784698486,0.9988324642181396,0.02516166679561138
59,0.9996160268783569,0.9992286562919617,0.999843180179596,0.9586507081985474
60,0.9998819828033447,0.9987093806266785,0.9871692657470703,0.9923660159111023
61,1.0,0.9991120100021362,0.9755164980888367,0.9855024814605713
62,0.999016523361206,0.9654353857040405,0.9149376749992371,0.9920886158943176
63,0.8961993455886841,0.9804891347885132,0.9673712849617004,0.996690571308136
64,0.9716600179672241,0.9638818502426147,0.9983027577400208,0.9716750383377075
65,0.9531940221786499,0.9860329627990723,0.9985891580581665,0.9994212985038757
66,0.9985669851303101,0.9974488019943237,0.9747409820556641,0.9992965459823608
67,0.9996125102043152,0.9990357756614685,0.9993904829025269,0.9997068643569946
68,0.9989844560623169,0.9998566508293152,0.9886060953140259,0.9996611475944519
69,0.7927525043487549,0.9993547797203064,0.9994104504585266,0.9999080896377563
70,0.9447054862976074,0.9989902973175049,0.9492107033729553,0.989449679851532
71,0.9999644756317139,0.9519394636154175,0.9628868699073792,0.9993910193443298
72,0.9989449977874756,0.9635022282600403,0.9991622567176819,0.9996260404586792
73,0.9989117383956909,0.9987423419952393,0.9991450309753418,0.9992947578430176
74,0.999956488609314,0.9991385340690613,0.9947555661201477,0.9997950196266174
75,0.998855471611023,0.9995061755180359,0.9993674159049988,0.9999547600746155
76,0.9994519948959351,0.9985953569412231,0.9493506550788879,0.9995896816253662
77,0.7735270261764526,0.9832026958465576,0.9951127767562866,0.999569833278656
78,0.9833793640136719,0.9517022371292114,0.9992924332618713,0.998542308807373
79,0.9993369579315186,0.9759255647659302,0.98646479845047,0.9953981637954712
80,0.9999555349349976,0.9774999618530273,0.9995700716972351,0.9994598627090454
81,0.9513590335845947,0.8689889907836914,0.9913818836212158,0.9995192289352417
82,0.968788743019104,0.9784083366394043,0.9856522083282471,0.9995434880256653
83,0.9993626475334167,0.9608432054519653,0.9997224807739258,0.9999139904975891
84,0.9998270273208618,0.957226037979126,0.999367356300354,0.9995967745780945
85,0.9991340041160583,0.9996277093887329,0.9977198839187622,0.999498724937439
86,0.999131977558136,0.9985116124153137,0.9666926264762878,0.9998170733451843
87,0.9998644590377808,0.9982582330703735,0.9992650151252747,0.9632392525672913
88,0.9996110200881958,0.9996830821037292,0.9735442399978638,0.9992077350616455
89,0.9990295171737671,0.9964323043823242,0.9891239404678345,0.9977792501449585
90,1.0,0.9806932210922241,0.9951804280281067,0.9997667670249939
91,0.9994217157363892,0.9988483190536499,0.9993284940719604,0.9997050166130066
92,0.9994179606437683,0.999561071395874,0.9071121215820312,0.9998209476470947
93,0.9556877017021179,0.9995546340942383,0.9998812675476074,0.9907021522521973
94,0.9787994623184204,0.99941486120224,0.9590985774993896,0.999844491481781
95,0.998835027217865,0.9996978044509888,0.9959843754768372,0.9999916553497314
96,0.9992154836654663,0.9968535304069519,0.9638593792915344,0.9999505281448364
97,0.9814656972885132,0.9981532096862793,0.9979018568992615,0.9992191791534424
98,0.9992520213127136,0.9986686706542969,0.9888231158256531,0.9999854564666748
99,0.9998480081558228,0.7008028030395508,0.9998522400856018,0.9998663663864136
100,0.9172442555427551,0.9751524925231934,0.9952016472816467,0.9302145838737488
101,0.9988380074501038,0.9983378648757935,0.9955108165740967,0.9999006986618042
102,0.9995790719985962,0.9994988441467285,0.9821434020996094,0.9996817708015442
103,0.9333473443984985,0.9898549914360046,0.9606517553329468,0.9809867143630981
104,0.9989656805992126,0.9993071556091309,0.9989528656005859,0.9996674656867981
105,0.9996500015258789,0.9957660436630249,0.9875574707984924,0.9998418688774109
106,0.9990800619125366,0.98537278175354,0.9852632880210876,0.9997413158416748
107,0.9990800023078918,0.9994139075279236,0.9987049102783203,0.9997411966323853
108,0.9990860223770142,0.9818621873855591,0.9856427311897278,0.9592980146408081
109,0.9991614818572998,0.9607430100440979,0.9731608629226685,0.9997434616088867
110,0.9121136665344238,0.9856268167495728,0.9910922646522522,0.9997553825378418
111,0.9992363452911377,0.9951004981994629,0.9760911464691162,0.9998540282249451
112,0.9686020612716675,0.9995625019073486,0.9536206722259521,0.9988143444061279
113,0.9830707311630249,0.9995567202568054,0.9741630554199219,0.9997278451919556
114,0.9995860457420349,0.9976422190666199,0.9847370982170105,0.994628369808197
115,0.9995843768119812,0.9688820242881775,0.9990884065628052,0.9995269775390625
116,0.9982115030288696,0.9992971420288086,0.955044150352478,0.9985837936401367
117,0.9987059831619263,0.9999256134033203,0.971081018447876,0.9996621608734131
118,0.9274603724479675,0.948478639125824,0.9947924613952637,0.9996013641357422
119,0.9998550415039062,0.9935007691383362,0.9993184208869934,0.9996285438537598
120,0.999332070350647,0.9879326820373535,0.9980034828186035,0.9998104572296143
121,0.6043999791145325,0.910164475440979,0.9698435068130493,0.9603134989738464
122,0.9995046854019165,0.9992645382881165,0.9869477152824402,0.9995344281196594
123,0.9880023002624512,0.9815138578414917,0.9991756081581116,0.9983090162277222
124,0.9993643760681152,0.9997020959854126,0.9989017844200134,0.9993149042129517
125,0.999708354473114,0.9928870797157288,0.9715653657913208,0.999589741230011
126,0.9992570281028748,0.9993729591369629,0.998454749584198,0.9995280504226685
127,0.9991046786308289,0.9999095797538757,0.9990867972373962,0.9997491836547852
128,0.8185409903526306,0.9566249847412109,0.9543324708938599,0.9946853518486023
129,0.9999790191650391,0.9870970845222473,0.932287335395813,0.9998272061347961
130,0.9844405055046082,0.9475916624069214,0.9991596341133118,0.9720312356948853
131,0.9703316688537598,0.9993013143539429,0.9990026354789734,0.9916458129882812
132,0.9998347163200378,0.999232828617096,0.9778321385383606,0.9932944178581238
133,0.9995176792144775,1.0,0.9610902667045593,0.9997074604034424
134,0.9987075328826904,0.9593838453292847,0.9989374876022339,0.9998022317886353
135,0.8812852501869202,0.9954587817192078,0.9925432205200195,0.9619553089141846
136,0.9102482199668884,0.9829920530319214,0.9989993572235107,0.9999187588691711
137,0.9222566485404968,0.9787868857383728,0.9894214868545532,0.9998043775558472
138,0.9995430111885071,0.9876437187194824,0.9764578342437744,0.9992381930351257
139,0.9984580278396606,0.9002752900123596,0.9986322522163391,0.9974088668823242
140,0.999442458152771,0.9947959780693054,0.9994006156921387,0.9992655515670776
141,0.9067122936248779,0.9995365142822266,0.9984426498413086,0.9995377659797668
142,0.9419264793395996,0.9354330897331238,0.9648316502571106,1.0
143,0.9980930089950562,0.9995637536048889,0.9996720552444458,0.9995307922363281
144,0.9996449947357178,0.9663010239601135,0.9637673497200012,0.9984456896781921
145,1.0,0.9995277523994446,0.9995441436767578,0.9808904528617859
146,0.9993460178375244,0.9994657039642334,0.9631918668746948,0.9982159733772278
147,0.9993404746055603,0.8009240031242371,0.9983344078063965,0.999438464641571
148,0.9996905326843262,0.9980533123016357,0.9532138109207153,0.9988630414009094
149,0.9999344944953918,0.9986109733581543,0.9996944665908813,0.9720489978790283
150,0.9990050196647644,0.9750795364379883,0.9986587166786194,0.999907910823822
151,0.999659538269043,0.9956132173538208,0.9865081310272217,0.9989935755729675
152,0.952054500579834,0.9500836730003357,0.9282575845718384,0.9991977214813232
153,0.9990689754486084,0.977670431137085,0.9902954697608948,0.9989762306213379
154,0.9988905191421509,0.9968206286430359,0.9998396635055542,0.9994527697563171
155,1.0,0.9995205998420715,0.9995548129081726,0.9692595601081848
156,0.9998690485954285,0.9683564305305481,0.9991050362586975,0.9999675154685974
157,0.990421712398529,0.9398792386054993,0.9982844591140747,0.9992044568061829
158,0.925117015838623,0.9995693564414978,0.9985905289649963,0.9997996687889099
159,0.9996840357780457,0.9999576210975647,0.9997767210006714,0.982581615447998
160,0.8858172297477722,0.9966391921043396,0.9925636053085327,1.0
161,0.9535980224609375,0.9650295972824097,0.9998198747634888,1.0
162,0.9990083575248718,0.9990984797477722,0.9994810223579407,0.9995824694633484
163,0.9999945163726807,0.992150604724884,0.998516321182251,0.962618350982666
164,0.9988913536071777,0.8260979652404785,0.9896948337554932,0.9993530511856079
165,0.9997029900550842,0.998820424079895,0.981121838092804,0.9818189144134521
166,0.9997847080230713,0.9895328283309937,0.9993950724601746,0.9997394680976868
167,0.9999209642410278,0.9991441965103149,0.9671741127967834,0.9980335235595703
168,0.9998997449874878,0.9900254011154175,0.9996756315231323,0.9616198539733887
169,0.9985886812210083,0.9988307952880859,0.9758723974227905,0.998262345790863
170,0.9979790449142456,0.9964913129806519,0.9710763096809387,0.979843020439148
171,0.8986189961433411,0.9995718002319336,0.9991073608398438,0.9992839694023132
172,0.9991569519042969,0.9545252323150635,0.9987539649009705,0.999472975730896
173,0.9997310638427734,0.9668428897857666,0.999347448348999,0.9997817277908325
174,0.9992567300796509,0.9679819941520691,0.9897503852844238,0.9999163746833801
175,0.9144884943962097,0.9886854290962219,0.9915313720703125,0.9676281809806824
176,0.9915556907653809,0.996051013469696,0.9121396541595459,0.9997659921646118
177,0.9781540036201477,0.9907833933830261,0.9990941882133484,0.998367965221405
178,0.9112027287483215,0.998893141746521,0.9995565414428711,0.9993230104446411
179,0.9990074634552002,0.9397522211074829,0.9811172485351562,0.9976806640625
180,0.998350977897644,0.9995293617248535,0.9860880970954895,0.9839249849319458
181,0.999710738658905,0.9983268976211548,0.9972302913665771,0.9999947547912598
182,0.8725587129592896,0.9214379191398621,0.9989063739776611,0.9997208714485168
183,0.9995877146720886,0.9602260589599609,0.9825190305709839,0.9813100695610046
184,0.9989084005355835,0.998878002166748,0.9731858372688293,0.9169380068778992
185,0.9989763498306274,0.9993571639060974,0.999496579170227,0.9998006224632263
186,0.930899977684021,0.9988136291503906,0.999346137046814,0.9539785385131836
187,0.9995710253715515,0.9954107999801636,0.9952869415283203,0.9984768033027649
188,0.9553110003471375,0.9743775129318237,0.9575363993644714,0.9918944239616394
189,0.9997493624687195,0.98370760679245,0.9857462048530579,0.9996662139892578
190,0.9069446921348572,0.8982706069946289,0.9998031854629517,0.9985754489898682
191,0.9992319941520691,0.9989489316940308,0.969448983669281,0.999334990978241
192,0.9984909892082214,0.9930099248886108,0.9991124272346497,0.9997869729995728
193,0.9992790222167969,0.9931703805923462,0.9149249792098999,0.9998798370361328
194,0.9280790090560913,0.8628273010253906,0.9940983057022095,0.9990475177764893
195,0.9998090267181396,0.9994991421699524,0.9801046252250671,0.999798595905304
196,0.9848160147666931,0.9533318281173706,0.9762890338897705,0.9998375773429871
197,0.9998730421066284,0.981778621673584,0.9996569752693176,0.9723548293113708
198,0.9994296431541443,0.9826799631118774,0.9986833930015564,0.9995613098144531
199,0.9449675679206848,0.9994144439697266,0.9820244312286377,0.997299075126648
200,0.998924970626831,0.9878242015838623,0.9568158388137817,0.9997013807296753
201,0.9995360374450684,0.9552133083343506,0.9987526535987854,0.999336838722229
202,0.9358486533164978,0.9966870546340942,0.9992995262145996,0.9999715685844421
203,0.9999483823776245,0.9998527765274048,0.9991250038146973,0.9796500205993652
204,0.9988109469413757,0.9764249920845032,0.9869322776794434,0.998687744140625
205,0.9553284645080566,0.9918712377548218,0.9815357327461243,0.9993169903755188
206,0.931422233581543,0.9602487683296204,0.9701489210128784,0.9999436736106873
207,0.7805600166320801,0.97445148229599,0.9988964796066284,0.9991612434387207
208,0.999098002910614,0.9924731254577637,0.9486031532287598,0.9265400171279907
209,0.9379439949989319,0.9606422185897827,0.999295711517334,0.9998077154159546
210,0.9531787633895874,0.9849100112915039,0.9908910393714905,0.9463613629341125
211,1.0,0.9987891912460327,0.9652082920074463,0.9997613430023193
212,0.9793027639389038,0.9758082032203674,0.9723896384239197,0.9994316101074219
213,0.9998129606246948,0.9990174770355225,0.99882572889328,0.9937139749526978
214,0.9994707107543945,0.9993939399719238,0.9885490536689758,0.9994372725486755
215,0.9989310503005981,0.9993565082550049,0.9972243309020996,0.9998793601989746
216,0.9858676791191101,0.749870240688324,0.9529705047607422,0.9999790191650391
217,0.9571173191070557,0.9993957281112671,0.9735614657402039,0.986793041229248
218,0.8488680124282837,0.9993034601211548,0.9901924133300781,0.9734516143798828
219,0.9670486450195312,0.9994446039199829,0.9895186424255371,0.99861079454422
220,0.9997033476829529,0.9995801448822021,0.9983055591583252,0.9990569949150085
221,0.9992175102233887,0.9177564978599548,0.9980122447013855,0.9998511075973511
222,0.9993255138397217,0.9496433138847351,0.9990774989128113,0.9991269707679749
223,0.9555356502532959,0.9844442009925842,0.9989210367202759,0.9989073276519775
224,0.9999580383300781,0.9727935791015625,0.992241382598877,1.0
225,0.9384714961051941,0.9991490244865417,0.998769223690033,0.9996764063835144
226,0.999271035194397,0.854999840259552,0.9987531900405884,0.9995397329330444
227,0.9995376467704773,0.9869014620780945,0.9477095007896423,0.9976047873497009
228,0.9746760129928589,0.9995537400245667,0.9993350505828857,0.9797568321228027
229,0.9238125085830688,0.9719743728637695,0.9993837475776672,0.9986310005187988
230,0.9067394733428955,0.9995286464691162,0.9991752505302429,0.9996619820594788
231,0.9685590267181396,0.9884614944458008,0.9995594620704651,0.9981427192687988
232,0.9985577464103699,0.9990586638450623,0.9996145963668823,0.9997867345809937
233,0.9988946914672852,0.9596546292304993,0.9995613098144531,0.9999362230300903
234,0.9998229742050171,0.9987924695014954,0.9648426175117493,0.9982917308807373
235,0.9987093806266785,0.9996860027313232,0.9984686374664307,0.9993619918823242
236,0.999506950378418,0.9990838766098022,0.995364785194397,0.9999183416366577
237,0.9993594884872437,0.9939091801643372,0.9672982692718506,0.9999670386314392
238,0.9996559619903564,0.9904998540878296,0.9993669986724854,0.9984852075576782
239,0.9997600317001343,0.9983867406845093,0.9989449977874756,0.9983624815940857
240,0.9600205421447754,0.976862370967865,0.9771096706390381,0.9994174242019653
241,0.9988470077514648,0.9996910095214844,0.9878262281417847,0.9998834729194641
242,0.9991984963417053,0.9994909763336182,0.9998767375946045,0.9999904632568359
243,0.999702513217926,0.9976076483726501,0.9951982498168945,0.9998135566711426
244,0.9990605115890503,0.9311068654060364,0.9762452840805054,0.9997400641441345
245,0.9996680021286011,0.9993564486503601,0.954542875289917,0.998902440071106
246,1.0,0.9995784759521484,0.9901537895202637,0.9965645670890808
247,1.0,0.9992357492446899,0.9986405372619629,0.9998058676719666
248,0.999966025352478,0.9788631796836853,0.9997216463088989,0.9997566938400269
249,0.9993120431900024,0.9985594749450684,0.9484937191009521,0.9995546340942383
250,0.9931653738021851,0.9717567563056946,0.9935250878334045,0.998731791973114
251,0.9999879598617554,0.9691936373710632,0.9975566267967224,0.9933420419692993
252,0.9999805092811584,0.9680617451667786,0.9839193224906921,0.9986292719841003
253,0.9531567096710205,0.9934717416763306,0.9998112320899963,0.9998750686645508
254,0.9733514785766602,0.9969106912612915,0.9812403321266174,0.9997440576553345
255,0.9617630243301392,0.9615293741226196,0.9983823895454407,0.9991450309753418
256,0.9915163516998291,0.9608748555183411,0.9989801645278931,0.9997360110282898
257,0.9981535077095032,0.990782618522644,0.9724082946777344,0.9648419618606567
258,1.0,0.8510910272598267,0.9994000196456909,0.9997240304946899
259,0.9993475079536438,0.8771767020225525,0.9596155881881714,0.9967509508132935
260,0.9996750354766846,0.9999845027923584,0.9987860321998596,0.9985662698745728
261,0.9939495325088501,0.9995107054710388,0.9999520182609558,0.9500722289085388
262,0.9999505281448364,0.9576200842857361,0.9999397397041321,0.9980074167251587
263,0.8624135255813599,0.9987514615058899,0.9934147596359253,0.9998520016670227
264,0.9970020055770874,0.967758059501648,0.9889847636222839,0.9994170665740967
265,0.9457162618637085,0.96535724401474,0.9999692440032959,0.9993390440940857
266,0.9985477328300476,0.9944905042648315,0.9420547485351562,0.997806191444397
267,0.9993695020675659,0.9989692568778992,0.970300018787384,0.9405549764633179
268,0.9993009567260742,0.9997851848602295,0.9934926629066467,0.9990774989128113
269,0.9997835159301758,0.9993869066238403,0.9755342602729797,0.9998500347137451
270,0.9354732036590576,0.9767990112304688,0.9900574088096619,0.9878840446472168
271,0.9997873306274414,0.9999431371688843,0.9935946464538574,0.9992965459823608
272,0.9528305530548096,0.9935395121574402,0.9990631341934204,0.9988269805908203
273,0.999808669090271,0.9988462328910828,0.9615657329559326,0.9619060158729553
274,0.9647690057754517,0.9992444515228271,0.9690694808959961,0.9984722137451172
275,0.999333381652832,0.9992485046386719,0.9987873435020447,0.9986002445220947
276,0.9994745254516602,0.9995542764663696,0.9993269443511963,0.9997442364692688
277,0.9988434910774231,0.9832305312156677,0.8920143842697144,0.9957630038261414
278,0.999624490737915,0.9553811550140381,0.990517258644104,0.9905505180358887
279,0.9993495941162109,0.9286378026008606,0.9925068616867065,0.9994539022445679
280,0.9996399879455566,0.9464266300201416,0.997419536113739,0.9988135099411011
281,0.999276340007782,0.9986896514892578,0.9997664093971252,0.9997320771217346
282,0.9998854994773865,0.9993598461151123,0.9994686245918274,0.999977707862854
283,0.9337365031242371,0.9675153493881226,0.9953396916389465,0.9941992163658142
284,0.9047627449035645,0.9716701507568359,0.9992498159408569,0.9983207583427429
285,0.998557448387146,0.9989503026008606,0.9866057634353638,0.9975563883781433
286,0.9999123811721802,0.9987766146659851,0.9994465112686157,0.9999645352363586
287,0.9803897142410278,0.9990954399108887,0.9887763261795044,0.9952884912490845
288,0.9990247488021851,0.9773979783058167,0.9762691855430603,0.9752840399742126
289,0.9985246658325195,0.9990925192832947,0.9810301661491394,0.9994780421257019
290,0.9996964931488037,0.9914675354957581,0.9998560547828674,0.9999052286148071
291,0.9994274973869324,0.9995769262313843,0.9981934428215027,0.9998514652252197
292,0.9994980096817017,0.9780818819999695,0.999056875705719,0.9991447925567627
293,0.9997425079345703,0.9536120295524597,0.9956403374671936,0.9997827410697937
294,0.9995343685150146,0.9421117901802063,0.9886462092399597,0.999809741973877
295,0.9998589754104614,0.9891365766525269,0.9725341796875,0.9996809959411621
296,0.9243350028991699,0.9994861483573914,0.9758820533752441,0.9999372363090515
297,0.9995736479759216,0.9988418817520142,0.9976672530174255,0.9974664449691772
298,0.9994456171989441,0.9566171169281006,0.970260739326477,0.9452179670333862
299,0.9996976852416992,0.9983384609222412,0.9834573864936829,0.9784214496612549
300,0.9990257024765015,0.9712346196174622,0.9996512532234192,0.9712322354316711
301,0.9999173879623413,0.9696606993675232,0.9783098697662354,0.9816656112670898
302,0.9722775220870972,0.9995740056037903,0.9543389678001404,0.998935341835022
303,0.9135837554931641,0.9735175967216492,0.9501372575759888,0.9986476898193359
304,0.9740816950798035,0.9669371843338013,0.9961936473846436,0.9998735189437866
305,0.9424810409545898,0.9995096921920776,0.9985542297363281,0.999852180480957
306,0.9653970003128052,0.9996122121810913,0.9995648860931396,0.9621592164039612
307,0.9459596872329712,0.9884998798370361,0.9807231426239014,0.9998857378959656
308,0.9997887015342712,0.979732871055603,0.9834795594215393,0.9985824823379517
309,0.9991163611412048,0.923416256904602,0.9770841002464294,0.9993464946746826
310,0.9990443587303162,0.9998180270195007,0.9798855185508728,0.9989510774612427
311,0.9997425079345703,0.9686803817749023,0.9994370341300964,0.999397873878479
312,0.9990265369415283,0.9981502294540405,0.980004608631134,0.9998177886009216
313,0.9489936828613281,0.947452962398529,0.9847494959831238,0.9766025543212891
314,0.9984869956970215,0.9808823466300964,0.9902787804603577,0.9982055425643921
315,0.9994646906852722,0.8947476744651794,0.9979227185249329,0.9412937760353088
316,0.9994160532951355,0.9994250535964966,0.9997519254684448,0.9987994432449341
317,0.9998769760131836,0.9988106489181519,0.9460641145706177,0.9992772936820984
318,0.971767783164978,0.9921554327011108,0.983322262763977,0.9998940229415894
319,0.9996365308761597,0.9927334189414978,0.9993962049484253,0.9999302625656128
320,0.9009860157966614,0.9287391901016235,0.9850426912307739,0.9998879432678223
321,0.9539947509765625,0.9983935356140137,0.9960266351699829,0.9810041189193726
322,0.9694826602935791,0.9983906745910645,0.9961080551147461,0.9995445013046265
323,0.9992343783378601,0.9719929695129395,0.9978214502334595,0.9991674423217773
324,0.9994244575500488,0.9699706435203552,0.9992927312850952,0.9993385076522827
325,0.9488350749015808,0.9983619451522827,0.9994140863418579,0.9999117851257324
326,0.9992380142211914,0.9665617942810059,0.9906165599822998,0.9989370107650757
327,0.999222993850708,0.9615861773490906,0.9897575378417969,0.9997832775115967
328,0.9987995028495789,0.996486485004425,0.9992428421974182,0.9998970031738281
329,0.9991860389709473,0.9680107235908508,0.9991493225097656,0.9911977648735046
330,0.9994613528251648,0.9945402145385742,0.9932392835617065,0.9995712041854858
331,0.9996039867401123,0.9966741800308228,0.9992372393608093,0.9996364116668701
332,0.8799653053283691,0.987735390663147,0.9936206936836243,0.9896685481071472
333,0.9812153577804565,0.9986529350280762,0.9903814792633057,0.9994220733642578
334,0.9491803050041199,0.9933741092681885,0.9805929064750671,0.9991903305053711
335,0.9497544765472412,0.998990535736084,0.9648917317390442,0.9948855042457581
336,0.8250495195388794,0.988998293876648,0.9641642570495605,0.9980515241622925
337,0.9997440576553345,0.9989015460014343,0.9997707605361938,0.9983111619949341
338,0.9993495941162109,0.9955242872238159,0.9862023591995239,0.9997474551200867
339,0.9991024732589722,0.9764780402183533,0.9994911551475525,0.9999703168869019
340,0.9998819828033447,0.999427318572998,0.9766359329223633,0.9988977313041687
341,0.8327152729034424,0.9991691708564758,0.9873224496841431,0.9947336912155151
342,0.9985109567642212,0.9565299153327942,0.9851666688919067,0.9999455213546753
343,0.9793323874473572,0.9137886166572571,0.9906869530677795,0.9993845224380493
344,0.97481769323349,0.8632338047027588,0.9898750185966492,0.9862350225448608
345,1.0,0.9723081588745117,0.9795073866844177,0.9990606307983398
346,0.9997819662094116,0.9996253848075867,0.9996123313903809,0.9987150430679321
347,0.8421344757080078,0.9864013195037842,0.9627928733825684,0.9724027514457703
348,0.9994776248931885,0.9963388442993164,0.9892091751098633,0.9761375188827515
349,0.9999673366546631,0.9863640069961548,0.9764498472213745,0.999779224395752
350,0.9200947284698486,0.9990231990814209,0.9997406005859375,0.9982680082321167
351,0.9382150173187256,0.9998573660850525,0.9748230576515198,0.9333470463752747
352,0.9582574963569641,0.9931529760360718,0.9314641356468201,0.9996633529663086
353,0.8186395168304443,0.9998845458030701,0.9989129304885864,0.9850055575370789
354,0.9997353553771973,0.9885020852088928,0.9449671506881714,0.9539965391159058
355,0.9994134902954102,0.9985853433609009,0.9995999336242676,0.9989423751831055
356,0.9995676875114441,0.9414240121841431,0.9890543818473816,0.9943974614143372
357,0.9331013560295105,0.9993469715118408,0.9993764758110046,0.9686533808708191
358,0.9739187359809875,0.9676669836044312,0.9940419793128967,0.9708933234214783
359,0.999606728553772,0.9993087649345398,0.9869039058685303,0.9997982382774353
360,1.0,0.9998347759246826,0.9832614660263062,0.9984949827194214
361,0.9997124671936035,0.9671398401260376,0.9994834065437317,0.956218957901001
362,0.9990126490592957,0.7949740290641785,0.9787184596061707,0.9977760314941406
363,0.9996870756149292,0.9989386200904846,0.9987313151359558,0.9990054965019226
364,0.9998979568481445,0.92852783203125,0.9996433258056641,0.9991212487220764
365,0.8880433440208435,0.9995017647743225,0.9988812804222107,0.9986565113067627
366,0.9566004872322083,0.9033657908439636,0.9776730537414551,0.99932861328125
367,0.9992070198059082,0.9806756973266602,0.9989134669303894,0.9998022317886353
368,0.9993939399719238,0.8736168742179871,0.9711843132972717,0.9996377229690552
369,0.9996315240859985,0.9741840958595276,0.9188753962516785,0.9984487891197205
370,0.9987876415252686,0.9996234774589539,0.9993841052055359,0.9725455045700073
371,0.9999159574508667,0.9999386072158813,0.987510621547699,0.9986720085144043
372,0.9989910125732422,0.958267331123352,0.992127537727356,0.952886164188385
373,0.99942946434021,0.9757858514785767,0.9618105292320251,0.9484603404998779
374,0.9987804889678955,0.9998075366020203,0.9989358186721802,0.9722869992256165
375,1.0,0.9660335779190063,0.9991069436073303,0.9998719692230225
376,0.9649649858474731,0.9421456456184387,0.9875688552856445,0.9981421232223511
377,0.9996144771575928,0.9854291677474976,0.9990068674087524,0.999858021736145
378,0.9995719790458679,0.9601202011108398,0.9756017327308655,0.9999899864196777
379,0.9995130300521851,0.9981281161308289,0.9972847700119019,0.9704465866088867
380,0.9983893632888794,0.9963608980178833,0.9979934692382812,0.9986311793327332
381,0.8267179727554321,0.9994287490844727,0.9685845971107483,0.9814561605453491
382,0.9988993406295776,0.9727474451065063,0.9996390342712402,0.986945629119873
383,1.0,0.9987148642539978,0.9808126091957092,0.9837961196899414
384,0.999801516532898,0.9610052108764648,0.9997265338897705,0.9989869594573975
385,0.9997079968452454,0.9890281558036804,0.9995031952857971,0.999749481678009
386,0.9989864826202393,0.9984000325202942,0.9396857023239136,0.9992653131484985
387,0.9999035000801086,0.999931812286377,0.9985717535018921,0.9791103601455688
388,0.999865710735321,0.99933922290802,0.9995213150978088,0.9748387336730957
389,0.9993170499801636,0.9993600249290466,0.9998591542243958,0.9999432563781738
390,0.9996650218963623,0.9630722403526306,0.9731384515762329,0.9999184608459473
391,0.9992873072624207,0.998530387878418,0.9733961224555969,0.9591878652572632
392,0.9996684789657593,0.995446503162384,0.9273614883422852,0.9998024702072144
393,0.9990960359573364,0.997802734375,0.9769004583358765,0.9993504881858826
394,0.9969960451126099,0.9799016714096069,0.977140486240387,0.9985527396202087
395,0.9991300106048584,0.9993683695793152,0.9892135858535767,0.9823083281517029
396,0.9989883303642273,0.9993615746498108,0.9989907145500183,0.9961151480674744
397,0.96983802318573,0.9650101661682129,0.9892674684524536,0.9995790123939514
398,0.9321847558021545,0.9569265246391296,0.9977108240127563,0.9982917308807373
399,0.9995176792144775,0.9995670318603516,0.9691225290298462,0.936767041683197
400,0.9991703033447266,0.9994876384735107,0.9721199870109558,0.9997913241386414
401,0.9997079968452454,0.9670042991638184,0.9996840357780457,0.9984651803970337
402,0.9890099763870239,0.9588170051574707,0.9982513785362244,0.7187001705169678
403,0.908134937286377,0.9992938041687012,0.9996670484542847,0.9981242418289185
404,0.9997676610946655,0.9840605854988098,0.9412415027618408,0.9996843338012695
405,1.0,0.9996951818466187,0.9188132286071777,0.9987722635269165
406,0.9989886283874512,0.9411166310310364,0.9905652403831482,0.9999396204948425
407,0.9991747140884399,0.9790298342704773,0.9984203577041626,0.9928364753723145
408,0.9990583658218384,0.9970257878303528,0.975803017616272,0.9995996356010437
409,0.9996243715286255,0.9993855953216553,0.9835225939750671,0.9857084155082703
410,0.9792383909225464,0.9998764991760254,0.997397243976593,0.999675989151001
411,0.9998700022697449,0.9804466962814331,0.9690765142440796,0.9996500015258789
412,0.9986000061035156,0.9731080532073975,0.9972854852676392,0.9994230270385742
413,0.9906359910964966,0.9321538209915161,0.9844383597373962,0.9999750852584839
414,0.8572089672088623,0.9955255389213562,0.9817958474159241,0.9996150135993958
415,0.9116462469100952,0.9235143661499023,0.9958677887916565,0.9984055161476135
416,0.999563455581665,0.9992204904556274,0.8239015936851501,0.9999383687973022
417,0.9987754821777344,0.9992952942848206,0.9881128072738647,0.9994010329246521
418,0.9993540644645691,0.9997727274894714,0.995802640914917,0.9995819926261902
419,0.9018869996070862,0.8465397953987122,0.9994247555732727,0.9995102882385254
420,0.9989036321640015,0.9526103734970093,0.8514470458030701,0.9940575361251831
421,0.9151026606559753,0.9811448454856873,0.9988487362861633,0.9054982662200928
422,1.0,0.9652349352836609,0.9995396137237549,0.9999332427978516
423,0.966777503490448,0.9857531785964966,0.995867908000946,0.9995949864387512
424,0.9109503626823425,0.9992899894714355,0.9936181902885437,0.9997791051864624
425,0.9368724822998047,0.979363203048706,0.9856541752815247,0.9998425245285034
426,0.9848253130912781,0.9878469705581665,0.9996849298477173,1.0
427,0.8995620012283325,0.9991801977157593,0.986204206943512,0.9995645880699158
428,0.9998690485954285,0.9582175612449646,0.9997571706771851,0.9991855621337891
429,0.9149699807167053,0.9995714426040649,0.99982750415802,0.9988834857940674
430,0.9995155334472656,0.9576478004455566,0.9996160268783569,0.999719500541687
431,0.9992796778678894,0.9837397336959839,0.999603271484375,0.9993230700492859
432,0.999455988407135,0.9609279632568359,0.9995840787887573,0.9721403121948242
433,0.9499766826629639,0.9839653968811035,0.9988234639167786,0.9991837739944458
434,0.9998383522033691,0.971973180770874,0.9956585764884949,0.9588618278503418
435,0.8386260271072388,0.9312393665313721,0.9963816404342651,0.9995715022087097
436,0.9232487082481384,0.9994101524353027,0.9958704113960266,0.9920164942741394
437,0.906988263130188,0.9262498021125793,0.9751747250556946,0.9749187231063843
438,0.9993243217468262,0.9997084736824036,0.9948664903640747,0.9997764825820923
439,0.9990864992141724,0.9999971389770508,0.9989590644836426,0.9995977282524109
440,0.9992655515670776,0.9938467144966125,0.9976396560668945,0.8931406736373901
441,0.9985729455947876,0.9026212096214294,0.9981099367141724,0.9993875026702881
442,0.9994289875030518,0.9486450552940369,0.998894989490509,0.9745766520500183
443,0.9947613477706909,0.9932162165641785,0.9901084303855896,0.9992989897727966
444,0.9988357424736023,0.998338520526886,0.9942636489868164,0.9701656699180603
445,0.8985366821289062,0.9873995780944824,0.9846097230911255,0.9983195066452026
446,1.0,0.9993504881858826,0.9356173276901245,0.999442458152771
447,0.9002934694290161,0.9994613528251648,0.9998025894165039,0.9838962554931641
448,0.9191385507583618,0.9989194869995117,0.9991869926452637,0.9988892078399658
449,0.9991065263748169,0.934281051158905,0.9995462894439697,0.999354362487793
450,0.8951084017753601,0.9996664524078369,0.9999421834945679,0.9909679889678955
451,0.9998973608016968,0.9987033605575562,0.9653364419937134,0.9979062080383301
452,0.9985237121582031,0.9420455694198608,0.9989078640937805,0.9915046691894531
453,0.9992755055427551,0.9779284000396729,0.9729897379875183,0.998239278793335
454,0.9997090101242065,0.969333291053772,0.9992049932479858,0.9127737283706665
455,0.9326022267341614,0.9994050860404968,0.9894076585769653,0.998757541179657
456,0.8915393352508545,0.967308521270752,0.9445638656616211,0.9935758113861084
457,0.9995467066764832,0.9979724884033203,0.9980990290641785,0.9993846416473389
458,0.8867233991622925,0.9992761611938477,0.9868227243423462,0.9993807673454285
459,0.9997349977493286,0.9928094744682312,0.9851524829864502,0.9984461665153503
460,0.9990383386611938,0.9615782499313354,0.9994788765907288,0.9844303131103516
461,0.9996694922447205,0.9717534780502319,0.9994259476661682,0.9986890554428101
462,0.9991873502731323,0.950160026550293,0.9977823495864868,0.9999513626098633
463,0.998639702796936,0.9935940504074097,0.977625846862793,0.9842330813407898
464,0.9994419813156128,0.9430218935012817,0.9723798036575317,0.999973714351654
465,0.9999560117721558,0.9927565455436707,0.999373197555542,0.9985098242759705
466,0.0,0.974524974822998,0.9756146669387817,0.9243446588516235
467,0.9359782338142395,0.9630188345909119,0.999320387840271,1.0
468,0.9989852905273438,0.9993022084236145,0.9876369833946228,0.9987850189208984
469,0.7744125127792358,0.9888819456100464,0.9508150219917297,0.9852370023727417
470,0.9989573359489441,0.9988430142402649,0.9989718198776245,0.9999780058860779
471,0.999300479888916,0.9289852380752563,0.9774020314216614,0.9937931895256042
472,0.9995330572128296,0.9992040395736694,0.9989696145057678,0.999474287033081
473,0.9997937083244324,0.9899100065231323,0.9951788187026978,0.9995365142822266
474,0.6884555220603943,0.9991914629936218,0.9666130542755127,0.9995859861373901
475,0.9993146657943726,0.9987821578979492,0.961798369884491,0.9990975260734558
476,0.9992133975028992,0.9972275495529175,0.9996603727340698,0.9927541613578796
477,1.0,0.9987232089042664,0.9739950895309448,0.9993065595626831
478,0.9993435144424438,0.9995208978652954,0.9962537288665771,0.9912010431289673
479,0.9990475177764893,0.9837245941162109,0.9794383645057678,0.9873509407043457
480,0.9998815059661865,0.9988865256309509,0.9912459254264832,0.998644232749939
481,0.9756535291671753,0.9509874582290649,0.9654498100280762,0.9893127679824829
482,0.9994437098503113,0.9983362555503845,0.9997497200965881,0.9995476007461548
483,0.9994789958000183,0.9992964267730713,0.9848837852478027,0.9992619752883911
484,0.9992876052856445,0.9989793300628662,0.9813533425331116,0.999724805355072
485,0.9997867345809937,0.8028459548950195,0.9831311702728271,0.9995285272598267
486,1.0,0.9928091764450073,0.99947190284729,0.9993042349815369
487,1.0,0.9991689920425415,0.9725641012191772,0.9855775833129883
488,0.9998584985733032,0.9870794415473938,0.9997789859771729,0.957931399345398
489,0.9994180202484131,0.9990143775939941,0.9948010444641113,0.9998916983604431
490,0.9394832849502563,0.9960740208625793,0.9605603218078613,0.9992079734802246
491,0.9988160133361816,0.9457833170890808,0.9997597932815552,0.9800745844841003
492,0.9975582957267761,0.9796850085258484,0.9991704225540161,1.0
493,0.9997546672821045,0.9824891090393066,0.9569820165634155,0.999945342540741
494,0.9996220469474792,0.9989256858825684,0.9665888547897339,0.9997426867485046
495,0.9951233267784119,0.9961378574371338,0.9993727803230286,0.9939435124397278
496,0.9989630579948425,0.9973917603492737,0.9690831303596497,0.9998173713684082
497,0.969385027885437,0.999459981918335,0.9998360872268677,0.999361515045166
498,0.9993159770965576,0.999896764755249,0.9994059801101685,0.9983010292053223
499,0.9995867013931274,0.9696023464202881,0.9946052432060242,0.9916341304779053
500,0.9492607116699219,0.9988775253295898,0.9980469942092896,1.0
501,0.9579219818115234,0.9969725608825684,0.9985706210136414,0.9997746348381042
502,0.9992327094078064,0.9698036909103394,0.999478816986084,0.9995297193527222
503,0.9998967051506042,0.9999297857284546,0.9751008152961731,0.9570043087005615
504,0.9998639822006226,0.9929147958755493,0.9400023221969604,0.9496973752975464
505,0.999098002910614,0.9997910261154175,0.9877005219459534,0.9992992281913757
506,0.999498724937439,0.9998655319213867,0.9996433854103088,0.9998515844345093
507,0.9922530055046082,0.999775767326355,0.9993458986282349,0.9597749710083008
508,0.9995473623275757,0.9902946949005127,0.9934499859809875,0.9997337460517883
509,0.9603037238121033,0.9994651675224304,0.9995220303535461,0.9976130127906799
510,0.915481448173523,0.9994803667068481,0.9612540006637573,0.998863697052002
511,0.9714397192001343,1.0,0.9724020957946777,0.9998694658279419
512,0.9984644651412964,0.9966615438461304,0.9704260230064392,0.9993852972984314
513,0.9994159936904907,0.9817988872528076,0.9939742088317871,0.9983886480331421
514,0.8788595199584961,0.9664174914360046,0.9993875026702881,0.9999997615814209
515,0.9998576641082764,0.9612243175506592,0.9649325609207153,0.993165135383606
516,0.9992233514785767,0.9976832866668701,0.999180793762207,0.9983037114143372
517,1.0,0.9649850726127625,0.9997398853302002,0.9999717473983765
518,0.9998760223388672,0.9992122054100037,0.9995183944702148,1.0
519,0.9997495412826538,0.9990285634994507,0.9984346032142639,0.9994074106216431
520,0.9997750520706177,0.821187436580658,0.9565596580505371,0.9996187686920166
521,0.9995290637016296,0.9946913719177246,0.9977171421051025,0.9992554783821106
522,0.9992064833641052,0.9881302118301392,0.9895602464675903,0.9985626935958862
523,1.0,0.9855771064758301,0.9993137717247009,0.9990176558494568
524,0.9093843698501587,0.951295018196106,0.962483286857605,0.9623135328292847
525,0.9990170001983643,0.9996250867843628,0.9996057748794556,0.9981265068054199
526,0.9997584819793701,0.9991340637207031,0.9996991753578186,0.9895837903022766
527,0.9993890523910522,0.9989011883735657,0.9992398023605347,0.9984196424484253
528,0.9059955477714539,0.9724937677383423,0.9990704655647278,0.9181424975395203
529,0.9994733333587646,0.9985687136650085,0.9999246597290039,0.9998871088027954
530,0.9991687536239624,0.9992367029190063,0.9994703531265259,0.9990992546081543
531,0.9999406337738037,0.9724904894828796,0.9754554033279419,0.9998909831047058
532,0.9154276847839355,0.9591032266616821,0.9999129772186279,0.9997425079345703
533,0.9990566968917847,0.9994271993637085,0.9561633467674255,0.9998447299003601
534,0.8730665445327759,0.977401614189148,0.9968562126159668,0.9996955990791321
535,0.7557410001754761,0.9443365931510925,0.9860011339187622,0.970613420009613
536,0.9994674921035767,0.969810962677002,0.9442712068557739,0.9998530149459839
537,0.9992453455924988,0.9947293996810913,0.9771835207939148,0.9994570016860962
538,0.9991309642791748,0.9991906881332397,0.9230764508247375,0.9998206496238708
539,0.936373233795166,0.9530870318412781,0.9999587535858154,0.9984539747238159
540,0.8447858095169067,0.9764962196350098,0.9510226845741272,0.9775404334068298
541,0.7803130149841309,0.9992623329162598,0.9920532703399658,0.9989450573921204
542,0.9935373663902283,0.9795671105384827,0.9993593692779541,0.9976193308830261
543,0.9326180219650269,0.9991298913955688,0.9209470748901367,0.0
544,0.9995424747467041,0.9616317749023438,0.9822563529014587,0.9993463754653931
545,0.9986435174942017,0.9999567866325378,0.9679174423217773,0.9757741689682007
546,0.9996579885482788,0.9990822076797485,0.9920281171798706,0.9641590118408203
547,0.9994810819625854,0.9770852327346802,0.9998757839202881,1.0
548,0.9536949992179871,0.8341078758239746,0.9950815439224243,0.9995526671409607
549,0.999608039855957,0.9472856521606445,0.960040807723999,0.9989533424377441
550,0.9007394909858704,0.9808918237686157,0.9975736141204834,0.999817967414856
551,0.9987390041351318,0.9998986721038818,0.9370988607406616,0.9301740527153015
552,0.9998093843460083,0.9406426548957825,0.9942420125007629,0.9997437000274658
553,0.9993859529495239,0.9766114354133606,0.9992662668228149,0.8369809985160828
554,0.9985485076904297,0.974517822265625,0.9975410103797913,0.9975138902664185
555,0.9999030828475952,0.9998611807823181,0.9961801171302795,0.9999368190765381
556,0.9237239956855774,0.9961923360824585,0.9891583323478699,0.9989643692970276
557,0.9687196612358093,0.9998332262039185,0.9986684322357178,0.9786937236785889
558,1.0,0.9988341331481934,0.9993041157722473,1.0
559,0.9980953931808472,0.9229040145874023,0.9985252618789673,0.9992679953575134
560,0.8620266914367676,0.9993299841880798,0.9986503720283508,0.9680404663085938
561,0.9822139739990234,0.9635722041130066,0.9972060322761536,0.9995725154876709
562,0.901329517364502,0.9992253184318542,0.9958198666572571,0.9999752044677734
563,0.8978070020675659,0.9498440623283386,0.9920772910118103,0.9573343992233276
564,0.9267337322235107,0.9991726875305176,0.9750778675079346,0.9999300241470337
565,0.9773799777030945,0.9751520156860352,0.9693314433097839,0.9918665885925293
566,0.9852896928787231,0.9985029697418213,0.9981654286384583,0.998947024345398
567,0.8422483205795288,0.9986061453819275,0.9865559339523315,0.9994235038757324
568,0.9539313316345215,0.9403572082519531,0.9992481470108032,0.999779462814331
569,0.9995896220207214,0.9650372862815857,0.9523338079452515,0.9999064207077026
570,0.9491950273513794,0.9998337030410767,0.9993030428886414,0.9717824459075928
571,0.9910167455673218,0.9866796731948853,0.969542384147644,0.9997086524963379
572,0.8886419534683228,0.9712100028991699,0.9991396069526672,0.9987590312957764
573,0.9996969699859619,0.9931986331939697,0.9873610734939575,0.9979633688926697
574,0.9990767240524292,0.8636811375617981,0.9752832055091858,0.987805962562561
575,0.9995213747024536,0.9913334846496582,0.9992486238479614,0.9989575147628784
576,0.999152660369873,0.9878092408180237,0.9513437747955322,0.9990311861038208
577,0.9994590282440186,0.9986197352409363,0.9982086420059204,0.998765230178833
578,0.9994150400161743,0.9957649111747742,0.9975431561470032,0.9992503523826599
579,0.9058529734611511,0.9933857917785645,0.9437148571014404,0.9999775290489197
580,0.9997314214706421,0.9856451749801636,0.9995207786560059,0.9997341632843018
581,0.8964443206787109,0.9943071603775024,0.9996010065078735,0.9995019435882568
582,0.9088822603225708,0.9940833449363708,0.9998963475227356,0.9814009666442871
583,0.9903914928436279,0.999779462814331,0.9684430360794067,0.9995585083961487
584,0.9989734888076782,0.9561228156089783,0.9967709183692932,0.9985391497612
585,0.9460834264755249,0.9497350454330444,0.999466598033905,0.9997372031211853
586,0.9991639852523804,0.9670531153678894,0.9923471212387085,0.9996730089187622
587,0.9882879853248596,0.8752291798591614,0.9762810468673706,0.9979674816131592
588,0.980926513671875,0.9995283484458923,0.9376881718635559,0.9990317225456238
589,0.9255350828170776,0.7914049625396729,0.9895795583724976,0.9068461656570435
590,0.9999744892120361,0.9995946884155273,0.9350033402442932,0.999732494354248
591,0.9998160004615784,0.99950110912323,0.9965571165084839,0.9887872338294983
592,0.9991739988327026,0.9641112089157104,0.9924286007881165,0.9977192878723145
593,0.9992374777793884,0.9988633394241333,0.9949134588241577,0.9996905326843262
594,0.9996129870414734,0.9682086110115051,0.9977192282676697,0.8576613664627075
595,0.9953370094299316,0.9984297156333923,0.9995508790016174,0.9993470311164856
596,0.9996950030326843,0.9751070737838745,0.9756936430931091,0.9520139694213867
597,0.9996680021286011,0.967579185962677,0.9923752546310425,0.9848270416259766
598,0.9996346831321716,0.9995546340942383,0.9785202741622925,0.9984945058822632
599,0.9992865324020386,0.9930688738822937,0.9986245036125183,0.98973548412323
600,0.9990576505661011,0.9302284121513367,0.9988207817077637,0.9488123059272766
601,0.9996399879455566,0.9990453124046326,0.9990371465682983,0.9965071678161621
602,0.999414324760437,0.9175679683685303,0.9539927244186401,0.9997624158859253
603,0.9988700151443481,0.9426581859588623,0.9701240658760071,0.9996790289878845
604,0.9995087385177612,0.9885044693946838,0.9863894581794739,0.9536303877830505
605,0.9087904691696167,0.9990824460983276,0.9779460430145264,0.9995554685592651
606,0.952900767326355,0.9892745018005371,0.9758523106575012,0.9823813438415527
607,0.9998799562454224,0.9193383455276489,0.9930912256240845,0.9987611174583435
608,0.9997999668121338,0.9990630149841309,0.9024330377578735,0.9805046319961548
609,0.8592694997787476,0.9995213747024536,0.9983527064323425,0.9989235997200012
610,1.0,0.9993983507156372,0.9486544132232666,0.9990528225898743
611,0.999284029006958,0.981937825679779,0.9850860238075256,0.7941290140151978
612,0.9995130300521851,0.9718965291976929,0.9952777028083801,0.9999679923057556
613,0.9796003699302673,0.9700594544410706,0.9992145299911499,0.989093005657196
614,0.999313473701477,0.999466061592102,0.9520853161811829,0.9971495270729065
615,0.8858469724655151,0.9607517123222351,0.978530764579773,0.9983584880828857
616,0.9982030391693115,0.9986703991889954,0.9995920658111572,0.9993813037872314
617,0.9694602489471436,0.9994610548019409,0.9999517202377319,0.9998712539672852
618,0.9985935091972351,0.9997853636741638,0.9998531937599182,0.9839107990264893
619,0.9996196627616882,0.9933274388313293,0.9937970638275146,0.9998869895935059
620,0.9998384714126587,0.9410900473594666,0.9870989918708801,0.9999367594718933
621,0.9994613528251648,0.9944750666618347,0.9746328592300415,0.9680309891700745
622,0.9507837295532227,0.9645643830299377,0.9833272099494934,0.9997026324272156
623,0.9975889921188354,0.9990445375442505,0.9544457197189331,0.9998968243598938
624,0.9995269775390625,0.9979984760284424,0.9877336025238037,0.9936456680297852
625,0.9994100332260132,0.9999228715896606,0.9989563822746277,0.9991068840026855
626,0.9120467305183411,0.976595401763916,0.9996216893196106,0.9974899291992188
627,0.9995535016059875,0.9880966544151306,0.9827778339385986,0.9987429976463318
628,0.944677472114563,0.9857254028320312,0.9872063398361206,0.9995325803756714
629,0.8711214661598206,0.9991251826286316,0.9933145642280579,0.9993640184402466
630,0.9674814939498901,0.9993972778320312,0.9830406904220581,0.9989190101623535
631,1.0,0.9838720560073853,0.9963768720626831,0.9679388403892517
632,0.945633053779602,0.9994229078292847,0.95268714427948,0.5398100018501282
633,0.7885693311691284,0.9745837450027466,0.9945045709609985,0.9883090257644653
634,0.9990410208702087,0.9685760736465454,0.8774564266204834,0.9998301267623901
635,0.999088704586029,0.9594424962997437,0.9958425164222717,0.9997592568397522
636,0.9928320646286011,0.9286184310913086,0.9808093905448914,0.9988492727279663
637,0.9252513647079468,0.9974645376205444,0.9865604639053345,0.9995795488357544
638,0.9989239573478699,0.9986283183097839,0.9983580112457275,0.9997045397758484
639,1.0,0.9843158721923828,0.9914772510528564,0.9991893768310547
640,0.9078965187072754,0.9992815256118774,0.9645000100135803,0.9971897006034851
641,0.9989250898361206,0.9985477328300476,0.9976368546485901,0.9996193647384644
642,0.9235796928405762,0.9987933039665222,0.997062623500824,0.999269962310791
643,0.9988775253295898,0.9801039695739746,0.9994561672210693,0.981779932975769
644,0.9987244606018066,0.9992715120315552,0.9723570346832275,0.9882968664169312
645,0.999553382396698,0.9584903717041016,0.9993544220924377,0.9997343420982361
646,0.8408830165863037,0.9161266088485718,0.9985737800598145,0.9996733665466309
647,0.9986950159072876,0.9967653155326843,0.9471232891082764,0.8963195085525513
648,0.9991689920425415,0.8635603785514832,0.9879492521286011,0.9993207454681396
649,0.999401330947876,0.999083399772644,0.9993546009063721,0.9878186583518982
650,0.9995850324630737,0.9720640182495117,0.9510411024093628,0.9983630180358887
651,0.84103924036026,0.9994746446609497,0.991913378238678,0.9995072484016418
652,0.9759500026702881,0.9992104768753052,0.9744266271591187,0.9987452626228333
653,0.9645227193832397,0.9643530249595642,0.9995770454406738,0.9999063014984131
654,0.9050163626670837,1.0,0.9869367480278015,0.9992037415504456
655,0.9985796809196472,0.9946786165237427,0.996279239654541,0.9979140162467957
656,0.9963114857673645,0.9923508167266846,0.9507759809494019,0.999694287776947
657,0.9990723133087158,0.9997552037239075,0.9816936254501343,0.9998520016670227
658,1.0,0.9783127903938293,0.9668185114860535,0.9999693632125854
659,0.9992175102233887,0.9830918312072754,0.9686276316642761,0.994841456413269
660,0.8624997138977051,0.9996690154075623,0.9506288766860962,0.9999738931655884
661,0.9153004884719849,0.9872188568115234,0.9994133710861206,0.9818516969680786
662,0.9998779892921448,0.999982476234436,0.9280564785003662,0.963448703289032
663,0.9984760284423828,0.995997965335846,0.9997630715370178,0.999260663986206
664,0.9995473623275757,0.9911470413208008,0.9985162615776062,0.9999587535858154
665,0.9954583048820496,0.9329530596733093,0.9893711805343628,0.9994779825210571
666,0.9247720241546631,0.9877934455871582,0.9849536418914795,0.9998847246170044
667,1.0,0.9918437600135803,0.9988290071487427,0.9979516267776489
668,0.9997835159301758,0.9429688453674316,0.96331787109375,0.9999819993972778
669,0.9995155334472656,0.9547058343887329,0.9993937015533447,0.9578679800033569
670,0.9995059967041016,0.9164094924926758,0.9761754274368286,0.9989010095596313
671,0.9989374876022339,0.998494029045105,0.9683322906494141,0.9867520332336426
672,0.9270274639129639,0.9998453259468079,0.9889944791793823,0.9997686743736267
673,0.9995567202568054,0.9717318415641785,0.9985731244087219,0.9582780599594116
674,0.9002902507781982,0.9870727062225342,0.9996512532234192,0.9997410178184509
675,0.9994224905967712,0.9873362183570862,0.9711169004440308,0.999719500541687
676,0.9987463355064392,0.9994134306907654,0.998946487903595,0.9982883334159851
677,0.9998719692230225,0.9989254474639893,0.9904953241348267,0.9998637437820435
678,0.9997663497924805,0.9990301132202148,0.9995371103286743,0.9994750022888184
679,0.9998165369033813,0.9797703623771667,0.9734581708908081,0.9990033507347107
680,0.9989503622055054,0.9904802441596985,0.9985858201980591,0.9999651908874512
681,0.9992520213127136,0.8845266699790955,0.9993334412574768,0.9628196358680725
682,0.998523473739624,0.9681248664855957,0.9943180680274963,0.9757290482521057
683,0.9998940229415894,0.9994563460350037,0.9989846348762512,0.9986550211906433
684,0.8856927156448364,1.0,0.999606192111969,0.9995712637901306
685,1.0,0.9595671892166138,0.9264723658561707,0.3869161605834961
686,0.9998353719711304,0.9696964025497437,0.9995898008346558,0.9925543665885925
687,0.9166805148124695,0.9126530885696411,0.9993179440498352,0.999987006187439
688,0.9980549812316895,0.9323264956474304,0.9853998422622681,0.9939494729042053
689,0.9975600242614746,0.9250909090042114,0.9551467895507812,0.9989370107650757
690,0.9999569654464722,0.9788357019424438,0.997164249420166,0.9992897510528564
691,0.8654474020004272,0.9997212886810303,0.9932824969291687,0.999781608581543
692,0.9995409846305847,0.9441397190093994,0.9987847208976746,0.9986114501953125
693,0.9989940524101257,0.9998384714126587,0.9995570182800293,0.9985665082931519
694,0.9544600248336792,0.9995369911193848,0.9993209838867188,1.0
695,0.9656034708023071,0.9948093295097351,0.9988719820976257,0.9990787506103516
696,0.9870275259017944,0.9996663928031921,0.9637149572372437,0.9990377426147461
697,0.9996689558029175,0.9481257200241089,0.969462513923645,0.9997963309288025
698,0.9997484683990479,0.99224853515625,0.9632876515388489,0.962253987789154
699,0.9998894929885864,0.9797722101211548,0.9991392493247986,0.9998966455459595
700,0.9999133944511414,0.9255932569503784,0.9922168850898743,0.9988338351249695
701,0.9991277456283569,0.9997197389602661,0.9689331650733948,0.9965000152587891
702,0.9993124008178711,0.9991706609725952,0.9911783337593079,0.9520685076713562
703,0.9990973472595215,0.9845370054244995,0.997649073600769,0.9841408729553223
704,0.9079397916793823,0.9504627585411072,0.9573701024055481,0.9998282194137573
705,0.9991022944450378,0.9165793657302856,0.9951110482215881,0.9996407628059387
706,0.9997639656066895,0.994966983795166,0.9998694062232971,0.9899250268936157
707,0.9559140205383301,0.9868444800376892,0.9645911455154419,0.9997929930686951
708,0.9990593791007996,0.9139460921287537,0.9989431500434875,0.9998879432678223
709,0.999097466468811,0.9638626575469971,0.9441020488739014,0.9862242937088013
710,0.9011602401733398,0.9960988759994507,0.9926459789276123,0.9974579811096191
711,0.9999544620513916,0.9981110692024231,0.977684497833252,0.9999008178710938
712,0.9992393255233765,0.9965030550956726,0.9994710683822632,0.9521291851997375
713,0.9151079654693604,0.9728025197982788,0.9928734302520752,0.9996554851531982
714,0.9993733763694763,0.9852129220962524,0.9564039707183838,0.9994570016860962
715,0.9474946856498718,0.9861901998519897,0.9991148710250854,0.9996927380561829
716,0.9985635280609131,0.9993864893913269,0.9989959597587585,0.9992176294326782
717,0.9996739625930786,0.9637256264686584,0.9968432784080505,0.9626027345657349
718,0.9995813369750977,0.9993656873703003,0.9983376264572144,0.9992907643318176
719,0.9999846816062927,0.9811827540397644,0.99888676404953,0.9997885227203369
720,0.9988600611686707,0.9990250468254089,0.9986810684204102,0.9964168071746826
721,0.9669239521026611,0.9934574365615845,0.9925610423088074,0.9999309778213501
722,0.9986013770103455,0.998691737651825,0.9964615106582642,0.9969670176506042
723,0.9493670463562012,0.9731411933898926,0.9748454689979553,0.999086856842041
724,0.9656379818916321,0.9964306354522705,0.9805961847305298,0.9999765157699585
725,0.9989920258522034,0.9993863105773926,0.959436297416687,1.0
726,0.9997826814651489,0.9896710515022278,0.9994726777076721,0.9998262524604797
727,0.9995766878128052,0.3769073486328125,0.9854126572608948,0.9997125864028931
728,0.9991919994354248,0.9591085910797119,0.9745006561279297,0.9991729855537415
729,0.7300980091094971,0.8522276878356934,0.9934945106506348,0.9570268988609314
730,0.9992213249206543,0.9213822484016418,0.9729633331298828,0.999952495098114
731,0.9982500076293945,0.9917645454406738,0.9995564818382263,0.9982519745826721
732,0.9932667016983032,0.931668758392334,0.999181866645813,0.999800980091095
733,0.9867496490478516,0.9762986898422241,0.9990346431732178,0.9881312847137451
734,0.9998259544372559,0.9999720454216003,0.8910338878631592,0.9988512396812439
735,0.9998087286949158,0.9988074898719788,0.9897103309631348,0.9990195035934448
736,0.9996689558029175,0.9782196283340454,0.9994416236877441,0.9911869764328003
737,0.9993144869804382,0.9789389371871948,0.9983673691749573,0.9993252754211426
738,0.8767122626304626,0.9998725056648254,0.999627411365509,0.9109596610069275
739,0.9313270449638367,0.9995331764221191,0.971265971660614,0.9999750256538391
740,0.9991446733474731,0.9994773864746094,0.999703049659729,0.9983553886413574
741,0.9998195171356201,0.97127366065979,0.9891434907913208,0.9983823895454407
742,0.9990026950836182,0.9667615294456482,0.9776067137718201,0.9985532164573669
743,0.9998905062675476,0.9992495179176331,0.9994808435440063,0.9994757175445557
744,0.9993230104446411,0.9589899778366089,0.937530517578125,0.9983350038528442
745,0.9133743643760681,0.9996728897094727,0.9989638924598694,0.9987237453460693
746,0.9713265299797058,0.9993898272514343,0.9804087281227112,0.9412099719047546
747,0.9995430111885071,0.9031012058258057,0.9995365142822266,0.9997785091400146
748,0.9337520003318787,0.9990960359573364,0.9994542002677917,0.9995324611663818
749,0.9987834692001343,0.9995160102844238,0.9649734497070312,0.6618996858596802
750,0.9989259839057922,0.9401196241378784,0.9905366897583008,0.9786056876182556
751,0.9988020658493042,0.9606366157531738,0.9942713379859924,0.9988294839859009
752,0.9644973278045654,0.9646570086479187,0.9651548862457275,0.9994444251060486
753,0.9996753931045532,0.966408371925354,0.9963150024414062,0.9998254776000977
754,0.9336873888969421,0.9499147534370422,0.9997386336326599,0.9999401569366455
755,1.0,0.9985474944114685,0.9992476105690002,0.9994114637374878
756,0.9996639490127563,0.9986443519592285,0.9733543395996094,0.9989066123962402
757,0.9091119766235352,0.9994597434997559,0.9834943413734436,0.9999344944953918
758,0.9384109973907471,0.9398812055587769,0.9888099431991577,0.9999106526374817
759,0.9848124980926514,0.9786332845687866,0.9658293724060059,0.9995964169502258
760,0.9174493551254272,0.9991499781608582,0.9998311996459961,0.9995047450065613
761,0.9395603537559509,0.9758129119873047,0.9650616645812988,0.9977641105651855
762,0.9994437098503113,0.9951192140579224,0.9993696212768555,0.9989845156669617
763,0.908452033996582,0.9990250468254089,0.9993588924407959,0.9998747110366821
764,0.9385700225830078,0.9648476839065552,0.9990017414093018,0.9987701773643494
765,0.998982310295105,0.9816063642501831,0.9992886185646057,0.9512041211128235
766,0.999445378780365,0.9999000430107117,0.9624876976013184,0.9996292591094971
767,0.9998323321342468,0.9591066241264343,0.9992150068283081,0.999545693397522
768,0.9987244606018066,0.9997743368148804,0.9995236396789551,0.9900705218315125
769,0.9294832348823547,0.9992693662643433,0.9889494776725769,0.9984763860702515
770,0.9997810125350952,0.9654582738876343,0.9881715774536133,0.999808669090271
771,0.9994580149650574,0.9896275401115417,0.9986188411712646,0.9991027116775513
772,0.9020555019378662,0.9997329711914062,0.9988822937011719,0.9996017217636108
773,0.9870755076408386,0.9994623064994812,0.999221682548523,0.9860650300979614
774,1.0,0.9292110204696655,0.9993228912353516,0.9937658309936523
775,0.9994926452636719,0.9937726259231567,0.9900999069213867,0.9814661741256714
776,0.9995394945144653,0.9983361959457397,0.9994471669197083,0.9999326467514038
777,0.916761040687561,0.9751201868057251,0.9986422657966614,0.9989780187606812
778,0.909380316734314,0.9998767375946045,0.9996495246887207,0.745733380317688
779,0.9992334842681885,0.983688235282898,0.9958175420761108,0.9881713390350342
780,0.9998509883880615,0.6659210324287415,0.9996447563171387,0.9969647526741028
781,0.9725226759910583,0.9976640939712524,0.9748011231422424,0.9997207522392273
782,0.9994990229606628,0.9837077856063843,0.9904661178588867,0.9980663657188416
783,0.9991010427474976,0.9861446619033813,0.9990704655647278,0.9594920873641968
784,0.9689380526542664,0.9970947504043579,0.9887837767601013,0.9989969730377197
785,0.8991730213165283,0.9994640946388245,0.9988391399383545,0.9997819662094116
786,0.985790491104126,0.9993771314620972,0.9972991943359375,0.999875009059906
787,0.9988545179367065,0.9999665021896362,0.9900403618812561,0.9588773846626282
788,0.9942513704299927,0.9998196959495544,0.9688264727592468,0.9998754858970642
789,0.9323307275772095,0.998421847820282,0.9368026256561279,0.998602032661438
790,0.9991409778594971,0.9864127039909363,0.9838653206825256,0.9309899806976318
791,0.9999033808708191,0.9994803667068481,0.9995259046554565,0.999648928642273
792,0.9826803207397461,0.9995908737182617,0.9991490840911865,0.9836046099662781
793,0.9993270039558411,0.9620000720024109,0.9699576497077942,0.9943574666976929
794,0.9991484880447388,0.9991853833198547,0.9922834634780884,0.9696332812309265
795,0.9997483491897583,0.9994920492172241,0.9999022483825684,0.9699066877365112
796,0.9163159728050232,0.9767782092094421,0.9818932414054871,0.9999567270278931
797,0.9990906715393066,0.9804656505584717,0.9994661808013916,0.9996551871299744
798,0.9407125115394592,0.9780459403991699,0.992740273475647,0.26323699951171875
799,0.9992749691009521,0.9995552897453308,0.9971796870231628,0.9992637634277344
800,1.0,0.9765859246253967,0.9977958798408508,0.9998012781143188
801,0.9993624687194824,0.9994187951087952,0.9952643513679504,0.06427200138568878
802,0.9994040131568909,0.9824976325035095,0.9927918314933777,0.9996628165245056
803,0.9991469979286194,0.986322283744812,0.9890044331550598,0.9999410510063171
804,0.9996386766433716,0.9927650690078735,0.9995453357696533,0.9987009763717651
805,0.9995693564414978,0.9540130496025085,0.9576750993728638,0.9919312596321106
806,0.9082460403442383,0.9891571998596191,0.9562265276908875,0.9994577169418335
807,0.9994784593582153,0.9424532055854797,0.9940192699432373,0.9419604539871216
808,0.9993544816970825,0.9664218425750732,0.9957177639007568,0.9391650557518005
809,0.9983279705047607,0.9995568990707397,0.9857369661331177,0.9474110007286072
810,0.9794373512268066,0.9988023638725281,0.9356803894042969,0.9899168014526367
811,0.8691507577896118,0.998920738697052,0.9889983534812927,0.9989076852798462
812,0.9996330142021179,0.9957839846611023,0.9756209850311279,0.9993152618408203
813,0.949084997177124,0.9708948135375977,0.9940166473388672,0.9986532330513
814,0.9997166991233826,0.999261736869812,0.9991951584815979,0.9990192651748657
815,0.9988645315170288,0.9914849996566772,0.9962254762649536,0.9981950521469116
816,0.9992815256118774,0.999640941619873,0.9834228754043579,0.9996059536933899
817,0.9814239740371704,0.9997308254241943,0.9987448453903198,0.9997539520263672
818,0.999954342842102,0.9984784126281738,0.9965411424636841,0.9770059585571289
819,0.9994673728942871,0.9883685111999512,0.9511324167251587,0.9991262555122375
820,0.9994646906852722,0.9077617526054382,0.9988478422164917,0.9995222091674805
821,0.9991739988327026,0.9991034865379333,0.9768995642662048,0.999790370464325
822,0.9998456835746765,0.9914613366127014,0.9892321825027466,0.999235987663269
823,0.9999125003814697,0.9992960095405579,0.9964703321456909,0.9991464614868164
824,0.9789525270462036,0.9995524883270264,0.939422607421875,0.9993590116500854
825,0.9999403357505798,0.9993038177490234,0.9888087511062622,0.9995719790458679
826,0.9989700317382812,0.9996781945228577,0.981156587600708,0.9998902082443237
827,0.9381687641143799,0.9672212600708008,0.9942674040794373,0.9995914697647095
828,0.999027669429779,0.9938389658927917,0.9989833831787109,0.9998022317886353
829,0.9492182731628418,0.9859880208969116,0.9919930696487427,0.9772622585296631
830,0.9991090297698975,0.9989969730377197,0.9846040606498718,0.9984081983566284
831,0.9105103015899658,0.9993650317192078,0.9994484186172485,0.9979628920555115
832,0.912956953048706,0.9929684996604919,0.8837383985519409,0.9995953440666199
833,0.9653040170669556,0.9859501719474792,0.9583323001861572,0.9605134129524231
834,0.9548100233078003,0.9994301795959473,0.9985954761505127,0.8803508877754211
835,0.9988940954208374,0.9294924736022949,0.9984756112098694,0.9999486804008484
836,0.9999455213546753,0.9978887438774109,0.9976890683174133,0.9990073442459106
837,0.9736070036888123,0.9291769862174988,0.9780619740486145,0.9997310042381287
838,0.9995050430297852,0.9984898567199707,0.9958315491676331,0.996058464050293
839,0.9912514090538025,0.9951013326644897,0.9884908199310303,0.9986960291862488
840,0.9720845222473145,0.9713987112045288,0.9994906783103943,0.9990787506103516
841,0.9867119789123535,0.9056186676025391,0.9912734627723694,0.9996352195739746
842,0.9342299699783325,0.9866076111793518,0.9991089701652527,0.9991692900657654
843,0.998075008392334,0.9997484087944031,0.9995834827423096,0.9997540712356567
844,0.9204000234603882,0.999075174331665,0.9992944002151489,0.9971587061882019
845,0.9062017798423767,0.8994004726409912,0.9828001260757446,0.998835563659668
846,0.999240517616272,0.9940638542175293,0.9787384867668152,0.9999054670333862
847,0.9722566604614258,0.9991703033447266,0.9989712238311768,0.9990516901016235
848,0.9987244606018066,0.9883711934089661,0.9897146224975586,0.9652808308601379
849,0.9995763301849365,0.9751941561698914,0.996429979801178,0.9994022846221924
850,0.9998383522033691,0.9487661123275757,0.9710474014282227,0.9990617036819458
851,0.9752002954483032,0.9855179786682129,0.986221194267273,0.9998806715011597
852,0.9363080263137817,0.9743083119392395,0.9879041314125061,0.9995526671409607
853,0.999356746673584,0.9769658446311951,0.9992148876190186,0.9723736047744751
854,0.9991340041160583,0.9911853671073914,0.9992001056671143,0.9987804293632507
855,0.9994022846221924,0.9518342018127441,0.9997537136077881,1.0
856,0.9112775325775146,0.9837738871574402,0.9996836185455322,0.9993778467178345
857,0.9997779726982117,0.999681830406189,0.9315842390060425,0.999862790107727
858,0.9182397127151489,0.974979043006897,0.9989600777626038,0.998729407787323
859,0.9991284608840942,0.94379723072052,0.987886369228363,0.9999879598617554
860,0.9986390471458435,0.998834490776062,0.9524958729743958,0.9981705546379089
861,0.998803973197937,0.9987285137176514,0.9518916606903076,0.9998406171798706
862,0.9990490674972534,0.999783992767334,0.9956895112991333,0.9873204231262207
863,0.9999430179595947,0.9962829351425171,0.9997962117195129,0.9984881281852722
864,0.9999374151229858,0.9605890512466431,0.9965295791625977,0.9902225136756897
865,0.9994253516197205,0.9984893798828125,0.9709296226501465,0.9995385408401489
866,0.9997384548187256,0.9921286106109619,0.9996111989021301,0.9512612819671631
867,1.0,0.9820204377174377,0.9983600974082947,0.9997385144233704
868,0.9991009831428528,0.9961550235748291,0.9987027049064636,0.9888879060745239
869,0.9986914992332458,0.9583314061164856,0.9841316938400269,0.9999123811721802
870,1.0,0.9216234683990479,0.999049186706543,0.999406635761261
871,0.9090994596481323,0.9729733467102051,0.9992324709892273,0.9991704821586609
872,0.9999796748161316,0.9995874762535095,0.9643002152442932,0.999728798866272
873,0.9994910955429077,0.9679191708564758,0.998477578163147,0.948165237903595
874,0.9997887015342712,0.9513750672340393,0.9565910696983337,0.9998000264167786
875,0.9997007250785828,0.9189926385879517,0.9967762231826782,0.9582074284553528
876,0.9998259544372559,0.9997156858444214,0.9707204699516296,0.9669510126113892
877,0.9148799777030945,0.9169663190841675,0.9993736743927002,0.9993233680725098
878,0.9555180072784424,0.9992238879203796,0.9883046746253967,0.9997420310974121
879,0.999830961227417,0.9999086260795593,0.9994781017303467,0.9995827078819275
880,0.9993535280227661,0.999638020992279,0.9743937253952026,0.0
881,0.9997572898864746,0.9751402139663696,0.9994770288467407,0.9982808232307434
882,1.0,0.9005047678947449,0.9934428930282593,0.9999315142631531
883,0.9992417097091675,0.9869140386581421,0.9985373020172119,0.9990884065628052
884,0.9994444847106934,0.9947925209999084,0.9990988969802856,0.9993502497673035
885,0.9898535013198853,0.9994953870773315,0.9909292459487915,0.9708717465400696
886,0.9987879991531372,0.9185617566108704,0.9798165559768677,0.9999333620071411
887,0.9991574883460999,0.9995373487472534,0.999833881855011,0.9751238226890564
888,0.8371696472167969,0.9531267285346985,0.9601496458053589,0.5609095692634583
889,0.9999375343322754,0.7849522233009338,0.9993150234222412,0.9489405155181885
890,0.9999135136604309,0.8711776733398438,0.9992066025733948,0.9998375177383423
891,0.9996299743652344,0.9215132594108582,0.983488917350769,0.9998818635940552
892,0.9991377592086792,0.9633264541625977,0.9995008707046509,0.9897905588150024
893,0.9997196197509766,0.9996378421783447,0.9971686601638794,0.999200701713562
894,0.9997329711914062,0.9950844049453735,0.9984603524208069,0.9990849494934082
895,0.9175609946250916,0.8970193266868591,0.9843831062316895,0.9998806715011597
896,0.9519540071487427,0.9983420372009277,0.9991390705108643,0.9983755350112915
897,0.9261540174484253,0.9777653217315674,0.9997594356536865,0.9450244307518005
898,0.9994419813156128,0.9993941783905029,0.97292160987854,0.9895575046539307
899,0.0,0.9993934035301208,0.9921197295188904,0.9998928308486938
900,0.9998545050621033,0.9953060150146484,0.9422918558120728,0.9998835325241089
901,0.9998120069503784,0.9990838766098022,0.9985384941101074,0.9998481869697571
902,0.9967880249023438,0.9993077516555786,0.9815834164619446,0.9989225268363953
903,0.9990536570549011,0.9880790710449219,0.999484121799469,0.9997496604919434
904,0.9937033653259277,0.9625763893127441,0.9761587381362915,0.9980987906455994
905,0.999335527420044,0.9760138392448425,0.9681527614593506,0.999516487121582
906,0.9188224077224731,0.9974463582038879,1.0,0.9997159242630005
907,0.9998215436935425,0.7235546112060547,0.9674527049064636,0.9550022482872009
908,0.9462207555770874,0.786857008934021,0.9787613153457642,0.9989291429519653
909,0.9027623534202576,0.9757372140884399,0.9992662668228149,0.9991402626037598
910,0.9980884790420532,0.9994605779647827,0.9925335049629211,0.9513013362884521
911,0.8737607002258301,0.905560314655304,0.9833294749259949,0.9992164969444275
912,0.9989383220672607,0.9991225004196167,0.9982553720474243,0.9986374974250793
913,0.9996283054351807,0.8716645240783691,0.9990425109863281,0.9994410276412964
914,0.998651385307312,0.9995193481445312,0.9337489604949951,0.9995298981666565
915,0.9995390176773071,0.9860715270042419,0.9967769980430603,0.9999877214431763
916,0.9995860457420349,0.9986286163330078,0.9989728331565857,0.9985536932945251
917,0.9996354579925537,0.999376118183136,0.9984524250030518,0.9989740252494812
918,1.0,0.9995498657226562,0.9988303184509277,0.9759335517883301
919,0.9994170069694519,0.9999936819076538,0.9445980787277222,0.9625806212425232
920,0.9985690116882324,0.9809889793395996,0.9795909523963928,0.9992928504943848
921,0.9986840486526489,0.9752424955368042,0.9790022373199463,0.972862720489502
922,0.9993945360183716,0.9870931506156921,0.9771044254302979,0.9597637057304382
923,0.9990370273590088,0.9698649048805237,0.9933638572692871,0.999409019947052
924,0.9996933341026306,0.9734207987785339,0.9794672727584839,0.9980665445327759
925,0.9142932891845703,0.9642987251281738,0.9563807249069214,0.9994667172431946
926,0.9554687738418579,0.9999086260795593,0.9313527345657349,0.9999307990074158
927,0.9811500310897827,0.9691843390464783,0.9989389777183533,0.9997440576553345
928,0.9997134804725647,0.9992450475692749,0.9936312437057495,0.9996086955070496
929,0.999929666519165,0.989753007888794,0.9948952198028564,0.998740017414093
930,0.9939510226249695,0.9714154005050659,0.9988850355148315,0.999909520149231
931,0.9997755289077759,0.9994540214538574,0.9740405678749084,0.9999112486839294
932,0.999235987663269,0.9952380061149597,0.9994990229606628,0.9983559846878052
933,0.9994329810142517,0.9762436151504517,0.9732727408409119,0.99993497133255
934,0.9986574649810791,0.9945210218429565,0.9744136333465576,0.999605655670166
935,0.9199123382568359,0.9384359121322632,0.9838035702705383,0.9976524710655212
936,0.9243616461753845,0.9934962391853333,0.9936840534210205,0.9971797466278076
937,0.999369740486145,0.998907208442688,0.9991589188575745,0.9989914894104004
938,0.999284029006958,0.9997258186340332,0.9667117595672607,0.9970118999481201
939,0.9992474913597107,0.9992969632148743,0.9995847940444946,0.9991455078125
940,0.9992173910140991,0.9895068407058716,0.999028742313385,0.9997740387916565
941,0.9523425102233887,0.9994502067565918,0.9997045993804932,0.9997912645339966
942,0.9994637370109558,0.9614755511283875,0.9724370241165161,0.999999463558197
943,0.9991199970245361,0.9994755983352661,0.9984696507453918,0.9846035838127136
944,0.9996529817581177,0.9970002174377441,0.9537096619606018,0.999811053276062
945,0.9774445295333862,0.9800140261650085,0.9962093234062195,0.9979966878890991
946,0.9863407015800476,0.999285101890564,0.9991734623908997,0.9993047118186951
947,0.9527729749679565,0.9468717575073242,0.9267215132713318,0.9996150135993958
948,0.9924420118331909,0.9986318349838257,0.9926320314407349,0.9997076988220215
949,0.9992344975471497,0.9637452363967896,0.9637739658355713,0.9997451305389404
950,0.9995114803314209,0.9925395250320435,0.953337550163269,1.0
951,0.9989513754844666,0.9982383251190186,0.9969232082366943,0.999232292175293
952,0.9996530413627625,0.9994809031486511,0.9702649116516113,0.9996834993362427
953,0.9996753931045532,0.9993460178375244,0.9986388683319092,0.9999186396598816
954,0.9996130466461182,0.9006309509277344,0.9993391036987305,0.9984134435653687
955,0.9144599437713623,0.9841216206550598,0.999409556388855,0.9999507665634155
956,0.9991273880004883,0.9998947381973267,0.9899640083312988,0.9861313700675964
957,0.9998270273208618,0.9669946432113647,0.9944629669189453,0.9996575117111206
958,0.999378502368927,0.9996347427368164,0.8494740128517151,1.0
959,0.9125123023986816,0.9474546909332275,0.9640621542930603,0.9993380308151245
960,0.9987203478813171,0.9753015637397766,0.9987548589706421,0.9949054718017578
961,0.9351329803466797,0.9589824080467224,0.998907208442688,0.9999449849128723
962,0.9993090033531189,0.9374978542327881,0.9993036389350891,0.9983393549919128
963,0.9995154142379761,0.9995891451835632,0.9612066149711609,0.9993879795074463
964,0.9683449864387512,0.980785608291626,0.9988416433334351,0.9989268779754639
965,0.9989316463470459,0.971983015537262,0.9948871731758118,0.9993702173233032
966,0.8172100186347961,0.9864996075630188,0.99619060754776,0.999223530292511
967,0.9871309995651245,0.9246190786361694,0.9995003938674927,0.9708527326583862
968,0.9997350573539734,0.9926088452339172,0.9852778911590576,0.9999262094497681
969,0.998773992061615,0.9993966221809387,0.9991669058799744,0.999843418598175
970,0.9997004866600037,0.9903976321220398,0.9996206164360046,0.9997997283935547
971,0.9994833469390869,0.9996390342712402,0.9988571405410767,0.9998469352722168
972,0.8887214660644531,0.9994146823883057,0.9876991510391235,0.9868491888046265
973,0.9990789890289307,0.9515997171401978,0.9939544796943665,0.9994401931762695
974,0.942851722240448,0.9676638841629028,0.9893908500671387,0.9827221632003784
975,0.998389482498169,0.999114990234375,0.9901179075241089,0.9993047714233398
976,0.9989387392997742,0.9640796184539795,0.9903782606124878,0.9997537732124329
977,0.9991576671600342,0.9986042380332947,0.9755523204803467,0.9997829794883728
978,0.9994494915008545,0.9995378851890564,0.999000072479248,0.9999475479125977
979,0.9376199841499329,0.9982489943504333,0.9703052043914795,0.9636663794517517
980,0.9993900060653687,0.9253848195075989,0.99863201379776,0.9969457983970642
981,0.9998259544372559,0.9736080169677734,0.991016685962677,0.9999850392341614
982,1.0,0.9996781945228577,0.98972088098526,0.999472975730896
983,0.8832890391349792,0.9998156428337097,0.9788951873779297,0.9944852590560913
984,0.9997375011444092,0.9595896005630493,0.9893354177474976,0.993874192237854
985,0.9994057416915894,0.9985997676849365,0.9884920716285706,0.9904472827911377
986,0.9997137784957886,0.9673324823379517,0.9911750555038452,1.0
987,0.9994900226593018,0.9993850588798523,0.999208390712738,0.9997314214706421
988,0.8430529832839966,0.9988457560539246,0.9851342439651489,0.976986825466156
989,0.9972299933433533,0.9350816607475281,0.9835439920425415,0.9901420474052429
990,0.998619019985199,0.9753820300102234,0.9426205158233643,0.9999589920043945
991,0.9991027116775513,0.9716930985450745,0.9992000460624695,0.9999503493309021
992,0.9329956769943237,0.998695433139801,0.998615026473999,0.9990522265434265
993,0.9993925094604492,0.9998095035552979,0.9090204834938049,0.9999136328697205
994,0.9995157122612,0.9628057479858398,0.9806658625602722,0.9875857830047607
995,0.9556216597557068,0.9758048057556152,0.9995675086975098,0.9998409748077393
996,0.9994469881057739,0.9890797138214111,0.9693910479545593,0.999867856502533
997,0.9630293846130371,0.9881496429443359,0.9944602251052856,0.9252380132675171
998,0.9988980293273926,0.9611908197402954,0.9999557733535767,0.999984622001648
999,0.9998060464859009,0.9979000687599182,0.9439612030982971,0.9995814561843872
1000,0.90183025598526,0.9990734457969666,0.9995693564414978,0.9874685406684875
1001,0.9983735084533691,0.9996323585510254,0.9997374415397644,0.9999698996543884
1002,0.9996210336685181,0.9846620559692383,0.9623841047286987,0.9632169008255005
1003,0.9994205236434937,0.9605518579483032,0.9995533227920532,0.9990517497062683
1004,0.9993743300437927,0.9973033666610718,0.998795747756958,0.9998923540115356
1005,0.9993712902069092,0.9985178709030151,0.9920231103897095,0.9892821907997131
1006,0.9990779757499695,0.9993125796318054,0.9942224621772766,0.9996374845504761
1007,0.9993566870689392,0.9992874264717102,0.9990629553794861,0.9990087747573853
1008,0.9941200017929077,0.9589452147483826,0.9673750400543213,0.9488257169723511
1009,0.9170928001403809,0.9705036282539368,0.9946969151496887,0.9999721646308899
1010,0.9997695088386536,0.9524409770965576,0.9998400211334229,0.999724805355072
1011,0.9990324974060059,0.9326346516609192,0.9993091821670532,0.9992779493331909
1012,0.9996463656425476,0.9665096998214722,0.9995450377464294,0.9994969964027405
1013,0.9995855093002319,0.9859105944633484,0.9999754428863525,0.9988072514533997
1014,0.9995319843292236,0.9993113279342651,0.9924340844154358,0.9982345104217529
1015,0.9991949796676636,0.9755702018737793,0.9771055579185486,0.9987656474113464
1016,0.9984279870986938,0.9878565073013306,0.9833371639251709,0.9998990297317505
1017,0.9809980392456055,0.9920073747634888,0.9957047700881958,0.9990429878234863
1018,0.9994470477104187,0.9648807644844055,0.9877684712409973,0.998311460018158
1019,0.9998113512992859,0.9883667230606079,0.980297327041626,0.9984456896781921
1020,0.9993869662284851,0.9440141916275024,0.9812167286872864,0.9998540282249451
1021,0.9854526519775391,0.9937580823898315,0.9856901168823242,0.9990655183792114
1022,0.9587434530258179,0.9613302946090698,0.9965336322784424,0.987007737159729
1023,0.999858021736145,0.9925287961959839,0.9989699125289917,0.019756333902478218
