,none,E1,E2,I2,19B
0,7.0,1.0,0.0,9.0,3.0
1,7.0,1.0,1.0,9.0,3.0
2,7.0,1.0,1.0,10.0,3.0
3,8.0,1.0,1.0,13.0,5.0
4,8.0,1.0,0.0,12.0,5.0
5,8.0,1.0,1.0,11.0,6.0
6,7.0,1.0,0.0,10.0,3.0
7,7.0,1.0,0.0,10.0,4.0
8,6.0,1.0,0.0,10.0,3.0
9,9.0,1.0,1.0,13.0,5.0
10,7.0,1.0,1.0,10.0,3.0
11,8.0,1.0,1.0,11.0,6.0
12,7.0,1.0,1.0,10.0,3.0
13,8.0,1.0,0.0,11.0,4.0
14,8.0,1.0,1.0,15.0,5.0
15,8.0,1.0,0.0,10.0,3.0
16,8.0,1.0,1.0,11.0,6.0
17,7.0,1.0,1.0,11.0,4.0
18,9.0,1.0,1.0,11.0,6.0
19,7.0,1.0,1.0,11.0,6.0
20,8.0,1.0,1.0,13.0,5.0
21,9.0,1.0,1.0,21.0,7.0
22,8.0,1.0,1.0,15.0,6.0
23,7.0,1.0,1.0,9.0,4.0
24,8.0,1.0,0.0,11.0,4.0
25,8.0,1.0,1.0,13.0,6.0
26,7.0,1.0,1.0,14.0,6.0
27,7.0,1.0,1.0,10.0,5.0
28,7.0,1.0,1.0,14.0,5.0
29,8.0,1.0,0.0,14.0,5.0
30,6.0,1.0,0.0,9.0,3.0
31,8.0,1.0,0.0,16.0,6.0
32,7.0,1.0,0.0,9.0,3.0
33,7.0,1.0,0.0,9.0,3.0
34,8.0,1.0,1.0,15.0,6.0
35,6.0,1.0,1.0,9.0,4.0
36,6.0,1.0,0.0,10.0,3.0
37,9.0,1.0,1.0,17.0,7.0
38,6.0,1.0,0.0,9.0,3.0
39,6.0,0.0,0.0,11.0,3.0
40,8.0,1.0,1.0,15.0,6.0
41,8.0,1.0,1.0,12.0,5.0
42,6.0,1.0,1.0,9.0,3.0
43,8.0,1.0,1.0,13.0,6.0
44,9.0,0.0,0.0,16.0,5.0
45,6.0,1.0,1.0,9.0,3.0
46,8.0,1.0,1.0,11.0,6.0
47,7.0,1.0,0.0,9.0,5.0
48,7.0,1.0,1.0,11.0,3.0
49,6.0,1.0,1.0,9.0,4.0
50,8.0,1.0,1.0,13.0,6.0
51,7.0,1.0,1.0,9.0,5.0
52,6.0,0.0,0.0,8.0,2.0
53,8.0,1.0,1.0,12.0,6.0
54,8.0,1.0,1.0,20.0,6.0
55,8.0,1.0,0.0,10.0,4.0
56,7.0,1.0,1.0,10.0,6.0
57,8.0,1.0,0.0,10.0,5.0
58,8.0,1.0,1.0,13.0,5.0
59,8.0,1.0,1.0,15.0,6.0
60,8.0,1.0,0.0,18.0,3.0
61,9.0,1.0,1.0,17.0,6.0
62,8.0,1.0,0.0,11.0,5.0
63,8.0,1.0,1.0,11.0,5.0
64,8.0,1.0,1.0,15.0,4.0
65,8.0,1.0,1.0,16.0,6.0
66,8.0,2.0,1.0,17.0,6.0
67,8.0,1.0,1.0,12.0,4.0
68,8.0,1.0,1.0,11.0,6.0
69,9.0,0.0,0.0,16.0,6.0
70,8.0,1.0,0.0,12.0,5.0
71,6.0,1.0,0.0,10.0,3.0
72,7.0,1.0,0.0,11.0,3.0
73,8.0,1.0,1.0,16.0,6.0
74,7.0,1.0,1.0,9.0,4.0
75,7.0,0.0,0.0,11.0,5.0
76,8.0,1.0,1.0,10.0,5.0
77,7.0,1.0,1.0,14.0,3.0
78,7.0,1.0,0.0,9.0,4.0
79,7.0,1.0,0.0,12.0,2.0
80,7.0,1.0,0.0,9.0,4.0
81,7.0,1.0,1.0,9.0,3.0
82,7.0,1.0,0.0,10.0,4.0
83,8.0,1.0,1.0,19.0,6.0
84,9.0,1.0,1.0,17.0,6.0
85,8.0,1.0,1.0,12.0,5.0
86,8.0,1.0,1.0,10.0,6.0
87,8.0,1.0,1.0,15.0,6.0
88,7.0,1.0,1.0,11.0,5.0
89,8.0,1.0,1.0,15.0,6.0
90,8.0,1.0,1.0,14.0,5.0
91,5.0,0.0,0.0,11.0,3.0
92,7.0,1.0,1.0,9.0,5.0
93,7.0,1.0,1.0,14.0,5.0
94,6.0,1.0,0.0,9.0,2.0
95,7.0,1.0,1.0,12.0,6.0
96,9.0,1.0,0.0,13.0,6.0
97,8.0,1.0,0.0,11.0,4.0
98,8.0,1.0,0.0,13.0,3.0
99,7.0,1.0,1.0,11.0,4.0
100,0.0,1.0,1.0,9.0,4.0
101,7.0,1.0,1.0,11.0,5.0
102,8.0,1.0,1.0,14.0,5.0
103,8.0,1.0,1.0,11.0,6.0
104,7.0,1.0,1.0,9.0,3.0
105,9.0,1.0,1.0,17.0,6.0
106,7.0,1.0,1.0,9.0,3.0
107,6.0,1.0,0.0,10.0,3.0
108,8.0,1.0,1.0,14.0,4.0
109,7.0,1.0,1.0,15.0,5.0
110,7.0,1.0,1.0,11.0,4.0
111,8.0,1.0,0.0,10.0,3.0
112,8.0,1.0,0.0,10.0,5.0
113,7.0,1.0,1.0,9.0,4.0
114,8.0,1.0,1.0,13.0,4.0
115,8.0,1.0,0.0,16.0,6.0
116,8.0,1.0,1.0,14.0,4.0
117,9.0,1.0,1.0,17.0,6.0
118,8.0,1.0,0.0,11.0,6.0
119,7.0,1.0,1.0,11.0,3.0
120,7.0,1.0,1.0,16.0,4.0
121,8.0,1.0,1.0,11.0,4.0
122,8.0,1.0,1.0,18.0,4.0
123,8.0,1.0,0.0,9.0,6.0
124,8.0,1.0,0.0,11.0,4.0
125,6.0,1.0,0.0,9.0,3.0
126,7.0,1.0,1.0,9.0,3.0
127,5.0,0.0,0.0,9.0,2.0
128,8.0,1.0,0.0,12.0,6.0
129,7.0,1.0,1.0,9.0,4.0
130,8.0,1.0,1.0,11.0,3.0
131,7.0,1.0,0.0,12.0,3.0
132,8.0,1.0,1.0,14.0,6.0
133,7.0,1.0,1.0,9.0,4.0
134,7.0,1.0,1.0,9.0,4.0
135,7.0,1.0,1.0,11.0,4.0
136,8.0,1.0,1.0,14.0,6.0
137,9.0,1.0,1.0,19.0,6.0
138,7.0,1.0,1.0,17.0,4.0
139,8.0,1.0,1.0,11.0,5.0
140,6.0,1.0,0.0,9.0,2.0
141,9.0,1.0,1.0,12.0,4.0
142,8.0,1.0,1.0,12.0,5.0
143,8.0,1.0,1.0,17.0,6.0
144,7.0,1.0,1.0,9.0,4.0
145,8.0,0.0,0.0,11.0,4.0
146,8.0,1.0,1.0,13.0,4.0
147,8.0,1.0,0.0,9.0,3.0
148,6.0,0.0,0.0,9.0,3.0
149,8.0,1.0,1.0,17.0,5.0
150,6.0,1.0,0.0,10.0,3.0
151,6.0,1.0,0.0,9.0,3.0
152,7.0,1.0,1.0,10.0,3.0
153,7.0,1.0,1.0,10.0,5.0
154,8.0,1.0,1.0,10.0,3.0
155,9.0,1.0,1.0,13.0,5.0
156,8.0,2.0,1.0,13.0,4.0
157,6.0,1.0,0.0,10.0,3.0
158,8.0,1.0,0.0,12.0,6.0
159,6.0,1.0,0.0,9.0,3.0
160,8.0,1.0,1.0,17.0,6.0
161,7.0,1.0,1.0,11.0,5.0
162,9.0,1.0,1.0,17.0,6.0
163,8.0,0.0,0.0,15.0,5.0
164,8.0,1.0,1.0,12.0,6.0
165,8.0,1.0,1.0,11.0,5.0
166,8.0,1.0,1.0,9.0,4.0
167,7.0,1.0,1.0,10.0,6.0
168,8.0,1.0,1.0,14.0,5.0
169,8.0,0.0,0.0,15.0,5.0
170,6.0,1.0,0.0,10.0,3.0
171,7.0,1.0,1.0,12.0,5.0
172,8.0,1.0,1.0,10.0,4.0
173,8.0,1.0,0.0,15.0,4.0
174,7.0,1.0,1.0,9.0,4.0
175,8.0,1.0,1.0,14.0,6.0
176,8.0,1.0,0.0,16.0,4.0
177,6.0,0.0,0.0,10.0,2.0
178,8.0,1.0,1.0,9.0,3.0
179,7.0,1.0,1.0,14.0,4.0
180,8.0,1.0,1.0,13.0,5.0
181,8.0,1.0,0.0,9.0,6.0
182,7.0,1.0,0.0,10.0,5.0
183,6.0,1.0,0.0,13.0,2.0
184,8.0,1.0,1.0,11.0,3.0
185,7.0,1.0,1.0,18.0,5.0
186,9.0,1.0,1.0,16.0,5.0
187,7.0,1.0,1.0,10.0,5.0
188,6.0,0.0,0.0,9.0,2.0
189,8.0,1.0,1.0,18.0,6.0
190,7.0,1.0,0.0,13.0,6.0
191,7.0,1.0,1.0,14.0,6.0
192,8.0,1.0,1.0,17.0,6.0
193,7.0,1.0,0.0,10.0,3.0
194,8.0,1.0,1.0,13.0,5.0
195,7.0,1.0,0.0,10.0,3.0
196,8.0,1.0,1.0,12.0,6.0
197,8.0,1.0,1.0,15.0,6.0
198,8.0,1.0,0.0,10.0,5.0
199,7.0,1.0,1.0,12.0,4.0
200,7.0,0.0,0.0,10.0,2.0
201,8.0,2.0,1.0,12.0,6.0
202,7.0,0.0,0.0,10.0,2.0
203,8.0,1.0,1.0,15.0,6.0
204,8.0,1.0,0.0,12.0,5.0
205,8.0,1.0,1.0,18.0,6.0
206,7.0,1.0,1.0,9.0,3.0
207,8.0,1.0,0.0,12.0,3.0
208,8.0,1.0,1.0,14.0,7.0
209,8.0,1.0,1.0,14.0,5.0
210,7.0,0.0,0.0,10.0,4.0
211,8.0,1.0,1.0,15.0,4.0
212,7.0,1.0,1.0,9.0,4.0
213,7.0,1.0,1.0,10.0,5.0
214,8.0,0.0,0.0,10.0,2.0
215,7.0,1.0,1.0,10.0,3.0
216,8.0,0.0,0.0,10.0,2.0
217,7.0,1.0,1.0,19.0,3.0
218,7.0,1.0,1.0,11.0,3.0
219,9.0,1.0,1.0,15.0,5.0
220,6.0,1.0,1.0,10.0,4.0
221,8.0,1.0,1.0,16.0,4.0
222,9.0,1.0,1.0,17.0,6.0
223,7.0,1.0,1.0,14.0,5.0
224,7.0,1.0,1.0,10.0,3.0
225,7.0,1.0,0.0,10.0,4.0
226,6.0,1.0,0.0,10.0,3.0
227,8.0,1.0,0.0,11.0,4.0
228,8.0,1.0,0.0,11.0,4.0
229,7.0,1.0,1.0,9.0,4.0
230,6.0,0.0,0.0,8.0,2.0
231,7.0,0.0,0.0,16.0,5.0
232,8.0,1.0,0.0,11.0,4.0
233,7.0,1.0,1.0,9.0,5.0
234,5.0,0.0,0.0,8.0,2.0
235,7.0,1.0,0.0,10.0,4.0
236,8.0,1.0,0.0,13.0,5.0
237,6.0,1.0,1.0,9.0,3.0
238,5.0,0.0,0.0,9.0,2.0
239,7.0,1.0,1.0,13.0,4.0
240,9.0,1.0,0.0,12.0,7.0
241,8.0,1.0,1.0,15.0,5.0
242,6.0,1.0,0.0,9.0,3.0
243,7.0,1.0,1.0,9.0,3.0
244,8.0,1.0,1.0,11.0,6.0
245,8.0,1.0,0.0,10.0,5.0
246,9.0,1.0,1.0,18.0,6.0
247,9.0,1.0,1.0,12.0,6.0
248,6.0,1.0,0.0,10.0,3.0
249,7.0,1.0,1.0,14.0,5.0
250,6.0,0.0,0.0,9.0,2.0
251,9.0,1.0,0.0,12.0,6.0
252,7.0,1.0,1.0,12.0,3.0
253,8.0,0.0,0.0,9.0,5.0
254,9.0,1.0,1.0,17.0,5.0
255,7.0,1.0,0.0,9.0,3.0
256,9.0,1.0,1.0,16.0,6.0
257,8.0,1.0,1.0,12.0,5.0
258,8.0,1.0,1.0,17.0,5.0
259,8.0,2.0,1.0,13.0,6.0
260,8.0,0.0,0.0,12.0,4.0
261,7.0,1.0,0.0,13.0,3.0
262,8.0,1.0,1.0,12.0,3.0
263,6.0,0.0,0.0,9.0,2.0
264,7.0,1.0,0.0,9.0,5.0
265,8.0,1.0,1.0,12.0,5.0
266,6.0,1.0,0.0,13.0,3.0
267,9.0,1.0,0.0,13.0,6.0
268,9.0,1.0,1.0,13.0,7.0
269,7.0,1.0,1.0,11.0,5.0
270,7.0,0.0,0.0,10.0,3.0
271,7.0,1.0,0.0,10.0,3.0
272,7.0,0.0,0.0,9.0,2.0
273,6.0,1.0,0.0,12.0,4.0
274,7.0,2.0,1.0,10.0,4.0
275,7.0,1.0,0.0,10.0,6.0
276,8.0,1.0,1.0,12.0,6.0
277,8.0,1.0,1.0,16.0,5.0
278,8.0,1.0,1.0,14.0,3.0
279,8.0,1.0,0.0,15.0,6.0
280,7.0,1.0,1.0,11.0,4.0
281,7.0,0.0,0.0,11.0,3.0
282,7.0,1.0,1.0,9.0,3.0
283,8.0,1.0,1.0,10.0,5.0
284,9.0,1.0,1.0,14.0,5.0
285,7.0,1.0,1.0,11.0,4.0
286,8.0,1.0,0.0,10.0,2.0
287,7.0,1.0,0.0,16.0,4.0
288,7.0,1.0,1.0,10.0,5.0
289,9.0,1.0,1.0,12.0,5.0
290,8.0,1.0,1.0,11.0,6.0
291,7.0,1.0,1.0,9.0,3.0
292,9.0,1.0,1.0,15.0,5.0
293,8.0,1.0,1.0,18.0,6.0
294,8.0,1.0,1.0,9.0,3.0
295,6.0,1.0,0.0,10.0,3.0
296,6.0,1.0,0.0,10.0,3.0
297,8.0,1.0,1.0,17.0,5.0
298,8.0,1.0,0.0,9.0,6.0
299,7.0,1.0,0.0,9.0,3.0
300,7.0,1.0,1.0,10.0,3.0
301,7.0,1.0,1.0,10.0,4.0
302,7.0,1.0,1.0,9.0,3.0
303,6.0,1.0,0.0,9.0,3.0
304,8.0,1.0,1.0,12.0,4.0
305,8.0,1.0,1.0,16.0,6.0
306,8.0,2.0,1.0,17.0,4.0
307,7.0,1.0,1.0,10.0,3.0
308,8.0,1.0,1.0,13.0,4.0
309,7.0,1.0,0.0,12.0,5.0
310,8.0,1.0,0.0,11.0,4.0
311,8.0,1.0,1.0,14.0,6.0
312,8.0,1.0,1.0,12.0,6.0
313,5.0,0.0,0.0,9.0,2.0
314,7.0,0.0,0.0,8.0,2.0
315,8.0,1.0,1.0,9.0,4.0
316,7.0,1.0,1.0,9.0,3.0
317,6.0,1.0,1.0,10.0,3.0
318,9.0,1.0,1.0,14.0,6.0
319,10.0,1.0,1.0,18.0,6.0
320,5.0,0.0,0.0,9.0,2.0
321,9.0,1.0,0.0,15.0,5.0
322,7.0,1.0,0.0,9.0,4.0
323,8.0,1.0,1.0,20.0,5.0
324,6.0,1.0,0.0,10.0,2.0
325,9.0,1.0,0.0,14.0,5.0
326,8.0,0.0,0.0,9.0,4.0
327,6.0,1.0,1.0,12.0,3.0
328,8.0,1.0,1.0,15.0,6.0
329,5.0,0.0,0.0,9.0,2.0
330,7.0,1.0,0.0,9.0,4.0
331,8.0,1.0,1.0,12.0,4.0
332,5.0,0.0,0.0,8.0,2.0
333,7.0,1.0,1.0,13.0,3.0
334,8.0,1.0,0.0,13.0,6.0
335,7.0,1.0,1.0,10.0,4.0
336,8.0,1.0,0.0,10.0,2.0
337,8.0,1.0,0.0,12.0,5.0
338,9.0,1.0,0.0,16.0,6.0
339,7.0,1.0,1.0,16.0,5.0
340,8.0,1.0,1.0,15.0,5.0
341,7.0,0.0,0.0,11.0,3.0
342,8.0,1.0,0.0,13.0,5.0
343,9.0,1.0,0.0,16.0,6.0
344,9.0,1.0,0.0,14.0,3.0
345,8.0,1.0,1.0,15.0,6.0
346,8.0,2.0,1.0,14.0,5.0
347,7.0,2.0,1.0,17.0,4.0
348,7.0,1.0,1.0,9.0,3.0
349,9.0,1.0,1.0,13.0,6.0
350,9.0,1.0,1.0,12.0,5.0
351,7.0,1.0,0.0,9.0,3.0
352,7.0,1.0,1.0,12.0,5.0
353,7.0,1.0,1.0,10.0,3.0
354,8.0,1.0,1.0,11.0,4.0
355,7.0,1.0,1.0,9.0,3.0
356,8.0,0.0,0.0,10.0,6.0
357,7.0,1.0,1.0,9.0,4.0
358,6.0,1.0,1.0,12.0,3.0
359,6.0,0.0,0.0,9.0,4.0
360,6.0,1.0,1.0,9.0,3.0
361,8.0,1.0,0.0,11.0,4.0
362,6.0,1.0,0.0,9.0,3.0
363,8.0,2.0,1.0,18.0,6.0
364,6.0,1.0,0.0,10.0,3.0
365,7.0,1.0,1.0,10.0,5.0
366,8.0,1.0,1.0,18.0,6.0
367,6.0,1.0,0.0,9.0,3.0
368,7.0,1.0,1.0,11.0,3.0
369,6.0,1.0,1.0,9.0,3.0
370,7.0,1.0,1.0,9.0,4.0
371,9.0,1.0,1.0,13.0,5.0
372,9.0,1.0,1.0,12.0,6.0
373,9.0,1.0,1.0,16.0,6.0
374,0.0,1.0,1.0,11.0,6.0
375,8.0,1.0,0.0,11.0,5.0
376,7.0,1.0,1.0,10.0,3.0
377,6.0,1.0,1.0,10.0,3.0
378,7.0,1.0,1.0,12.0,4.0
379,8.0,1.0,1.0,14.0,6.0
380,7.0,1.0,1.0,10.0,3.0
381,8.0,1.0,0.0,17.0,5.0
382,8.0,1.0,1.0,11.0,6.0
383,8.0,1.0,1.0,10.0,6.0
384,7.0,1.0,1.0,14.0,4.0
385,7.0,1.0,0.0,9.0,4.0
386,8.0,2.0,1.0,16.0,6.0
387,7.0,1.0,1.0,12.0,4.0
388,7.0,0.0,0.0,11.0,2.0
389,8.0,1.0,0.0,16.0,4.0
390,8.0,1.0,1.0,20.0,6.0
391,9.0,1.0,1.0,13.0,4.0
392,7.0,1.0,1.0,10.0,3.0
393,8.0,1.0,0.0,14.0,6.0
394,5.0,1.0,0.0,9.0,2.0
395,9.0,1.0,1.0,13.0,7.0
396,8.0,1.0,0.0,11.0,5.0
397,5.0,0.0,0.0,8.0,1.0
398,7.0,1.0,0.0,10.0,4.0
399,9.0,1.0,0.0,12.0,5.0
400,8.0,1.0,0.0,14.0,6.0
401,6.0,1.0,0.0,9.0,3.0
402,7.0,0.0,0.0,13.0,4.0
403,8.0,1.0,1.0,15.0,6.0
404,9.0,1.0,1.0,10.0,7.0
405,7.0,1.0,1.0,10.0,3.0
406,8.0,1.0,0.0,11.0,3.0
407,5.0,0.0,0.0,9.0,2.0
408,7.0,0.0,0.0,11.0,4.0
409,6.0,1.0,1.0,9.0,3.0
410,7.0,1.0,1.0,9.0,4.0
411,8.0,1.0,1.0,10.0,5.0
412,8.0,1.0,0.0,9.0,4.0
413,8.0,0.0,0.0,11.0,4.0
414,7.0,1.0,1.0,12.0,4.0
415,8.0,1.0,1.0,10.0,4.0
416,6.0,0.0,0.0,9.0,5.0
417,8.0,1.0,1.0,12.0,4.0
418,9.0,1.0,1.0,18.0,5.0
419,7.0,1.0,0.0,10.0,2.0
420,8.0,1.0,1.0,15.0,6.0
421,7.0,1.0,1.0,11.0,5.0
422,8.0,1.0,0.0,10.0,4.0
423,8.0,1.0,1.0,16.0,6.0
424,8.0,1.0,1.0,18.0,6.0
425,7.0,1.0,1.0,11.0,3.0
426,7.0,1.0,1.0,10.0,6.0
427,8.0,1.0,1.0,16.0,5.0
428,9.0,1.0,1.0,16.0,6.0
429,8.0,1.0,1.0,15.0,5.0
430,9.0,1.0,1.0,15.0,6.0
431,7.0,1.0,1.0,14.0,6.0
432,8.0,1.0,1.0,14.0,6.0
433,8.0,1.0,0.0,10.0,5.0
434,8.0,1.0,0.0,9.0,6.0
435,8.0,1.0,1.0,15.0,5.0
436,8.0,1.0,1.0,11.0,5.0
437,8.0,1.0,1.0,9.0,3.0
438,8.0,1.0,1.0,13.0,6.0
439,6.0,1.0,0.0,9.0,3.0
440,7.0,1.0,1.0,14.0,6.0
441,8.0,1.0,1.0,10.0,4.0
442,6.0,1.0,0.0,9.0,3.0
443,5.0,1.0,0.0,9.0,2.0
444,7.0,1.0,0.0,11.0,3.0
445,6.0,1.0,1.0,9.0,3.0
446,7.0,1.0,1.0,10.0,4.0
447,7.0,1.0,0.0,11.0,5.0
448,7.0,1.0,1.0,9.0,3.0
449,8.0,1.0,0.0,10.0,6.0
450,9.0,1.0,1.0,14.0,5.0
451,7.0,1.0,0.0,9.0,5.0
452,7.0,1.0,1.0,10.0,3.0
453,7.0,1.0,0.0,9.0,3.0
454,7.0,1.0,0.0,9.0,2.0
455,8.0,1.0,1.0,17.0,6.0
456,8.0,1.0,0.0,13.0,4.0
457,7.0,1.0,1.0,12.0,6.0
458,7.0,1.0,1.0,12.0,3.0
459,7.0,1.0,0.0,9.0,4.0
460,7.0,1.0,1.0,10.0,3.0
461,8.0,0.0,0.0,13.0,4.0
462,9.0,1.0,1.0,18.0,5.0
463,7.0,1.0,1.0,9.0,3.0
464,9.0,1.0,1.0,14.0,7.0
465,7.0,0.0,0.0,9.0,2.0
466,9.0,1.0,1.0,16.0,7.0
467,8.0,1.0,0.0,14.0,5.0
468,8.0,1.0,1.0,9.0,6.0
469,8.0,1.0,0.0,12.0,5.0
470,8.0,1.0,0.0,11.0,3.0
471,7.0,1.0,1.0,13.0,4.0
472,8.0,1.0,1.0,10.0,6.0
473,7.0,1.0,1.0,15.0,5.0
474,8.0,1.0,0.0,13.0,2.0
475,7.0,1.0,1.0,12.0,4.0
476,8.0,1.0,1.0,10.0,6.0
477,8.0,1.0,0.0,9.0,5.0
478,9.0,1.0,1.0,11.0,6.0
479,8.0,1.0,1.0,11.0,5.0
480,7.0,1.0,1.0,10.0,5.0
481,8.0,0.0,0.0,11.0,6.0
482,8.0,1.0,1.0,15.0,4.0
483,9.0,1.0,1.0,14.0,6.0
484,7.0,1.0,0.0,9.0,6.0
485,7.0,1.0,1.0,9.0,4.0
486,8.0,1.0,1.0,16.0,6.0
487,5.0,1.0,0.0,10.0,2.0
488,8.0,1.0,1.0,9.0,4.0
489,8.0,0.0,0.0,12.0,4.0
490,8.0,1.0,1.0,14.0,6.0
491,7.0,1.0,0.0,10.0,6.0
492,9.0,1.0,1.0,16.0,6.0
493,8.0,0.0,0.0,9.0,3.0
494,8.0,1.0,0.0,11.0,3.0
495,8.0,1.0,0.0,15.0,4.0
496,7.0,1.0,1.0,11.0,3.0
497,8.0,1.0,1.0,12.0,4.0
498,9.0,1.0,1.0,15.0,5.0
499,8.0,1.0,1.0,15.0,4.0
500,9.0,1.0,1.0,16.0,7.0
501,7.0,1.0,0.0,9.0,3.0
502,6.0,0.0,0.0,10.0,2.0
503,8.0,1.0,1.0,12.0,5.0
504,8.0,1.0,1.0,16.0,6.0
505,8.0,1.0,1.0,10.0,6.0
506,7.0,1.0,1.0,9.0,4.0
507,7.0,1.0,0.0,11.0,3.0
508,7.0,1.0,0.0,12.0,5.0
509,8.0,0.0,0.0,13.0,4.0
510,7.0,1.0,1.0,11.0,5.0
511,7.0,2.0,1.0,11.0,6.0
512,7.0,1.0,0.0,12.0,3.0
513,8.0,2.0,1.0,16.0,6.0
514,9.0,1.0,1.0,16.0,6.0
515,8.0,1.0,0.0,20.0,6.0
516,8.0,2.0,1.0,16.0,5.0
517,7.0,1.0,1.0,9.0,4.0
518,8.0,1.0,1.0,10.0,6.0
519,8.0,1.0,1.0,11.0,5.0
520,5.0,0.0,0.0,8.0,3.0
521,7.0,1.0,1.0,10.0,3.0
522,8.0,1.0,1.0,18.0,6.0
523,7.0,1.0,1.0,10.0,4.0
524,8.0,1.0,0.0,12.0,4.0
525,8.0,1.0,1.0,16.0,4.0
526,8.0,0.0,0.0,14.0,2.0
527,9.0,1.0,1.0,16.0,7.0
528,7.0,1.0,1.0,16.0,4.0
529,8.0,1.0,1.0,9.0,5.0
530,7.0,1.0,1.0,11.0,5.0
531,7.0,1.0,1.0,10.0,3.0
532,7.0,1.0,0.0,10.0,3.0
533,8.0,1.0,1.0,12.0,6.0
534,7.0,1.0,1.0,13.0,3.0
535,8.0,1.0,0.0,10.0,5.0
536,8.0,1.0,1.0,18.0,4.0
537,8.0,1.0,1.0,11.0,6.0
538,8.0,1.0,1.0,9.0,6.0
539,7.0,1.0,0.0,9.0,4.0
540,7.0,1.0,0.0,9.0,3.0
541,7.0,1.0,0.0,12.0,4.0
542,6.0,0.0,0.0,9.0,2.0
543,8.0,1.0,1.0,16.0,6.0
544,9.0,1.0,1.0,16.0,5.0
545,8.0,1.0,1.0,15.0,5.0
546,7.0,1.0,1.0,17.0,5.0
547,8.0,1.0,1.0,10.0,6.0
548,7.0,1.0,1.0,9.0,4.0
549,6.0,1.0,0.0,10.0,3.0
550,7.0,1.0,0.0,9.0,4.0
551,7.0,1.0,1.0,10.0,3.0
552,6.0,1.0,0.0,9.0,3.0
553,9.0,1.0,1.0,13.0,7.0
554,8.0,0.0,0.0,15.0,3.0
555,7.0,1.0,1.0,15.0,3.0
556,6.0,1.0,0.0,10.0,3.0
557,6.0,0.0,0.0,10.0,2.0
558,9.0,1.0,1.0,12.0,6.0
559,7.0,1.0,1.0,9.0,3.0
560,7.0,1.0,1.0,10.0,4.0
561,8.0,1.0,1.0,14.0,6.0
562,7.0,1.0,1.0,10.0,3.0
563,8.0,1.0,1.0,18.0,5.0
564,6.0,0.0,0.0,9.0,2.0
565,7.0,1.0,1.0,10.0,5.0
566,8.0,1.0,0.0,11.0,3.0
567,7.0,1.0,1.0,14.0,5.0
568,8.0,1.0,0.0,9.0,5.0
569,8.0,1.0,0.0,9.0,6.0
570,8.0,1.0,0.0,10.0,5.0
571,8.0,1.0,1.0,17.0,5.0
572,9.0,1.0,1.0,18.0,5.0
573,7.0,1.0,1.0,10.0,3.0
574,7.0,1.0,1.0,13.0,6.0
575,7.0,1.0,0.0,9.0,3.0
576,7.0,1.0,1.0,11.0,4.0
577,9.0,1.0,1.0,17.0,7.0
578,8.0,1.0,0.0,10.0,6.0
579,8.0,1.0,0.0,12.0,6.0
580,8.0,1.0,1.0,16.0,6.0
581,7.0,1.0,1.0,9.0,3.0
582,7.0,0.0,0.0,10.0,4.0
583,9.0,1.0,0.0,14.0,4.0
584,8.0,1.0,0.0,11.0,6.0
585,8.0,1.0,1.0,9.0,5.0
586,8.0,1.0,0.0,10.0,4.0
587,8.0,1.0,1.0,17.0,6.0
588,7.0,1.0,1.0,13.0,3.0
589,6.0,1.0,0.0,10.0,3.0
590,8.0,1.0,1.0,16.0,6.0
591,7.0,1.0,1.0,14.0,4.0
592,8.0,1.0,1.0,14.0,5.0
593,8.0,1.0,0.0,10.0,6.0
594,8.0,0.0,0.0,16.0,6.0
595,8.0,1.0,1.0,15.0,5.0
596,8.0,1.0,0.0,13.0,6.0
597,7.0,1.0,1.0,9.0,4.0
598,9.0,1.0,1.0,20.0,5.0
599,8.0,1.0,1.0,12.0,4.0
600,8.0,1.0,1.0,11.0,6.0
601,7.0,0.0,0.0,10.0,4.0
602,8.0,1.0,1.0,12.0,6.0
603,6.0,1.0,0.0,9.0,3.0
604,9.0,1.0,1.0,13.0,6.0
605,8.0,1.0,1.0,11.0,6.0
606,5.0,1.0,0.0,9.0,2.0
607,9.0,2.0,1.0,19.0,6.0
608,8.0,1.0,1.0,9.0,4.0
609,8.0,1.0,1.0,11.0,6.0
610,8.0,1.0,1.0,10.0,4.0
611,6.0,1.0,0.0,9.0,2.0
612,7.0,1.0,1.0,9.0,3.0
613,7.0,1.0,0.0,10.0,3.0
614,8.0,1.0,1.0,16.0,5.0
615,7.0,1.0,1.0,10.0,3.0
616,8.0,1.0,0.0,12.0,4.0
617,8.0,1.0,1.0,14.0,5.0
618,7.0,0.0,0.0,9.0,2.0
619,7.0,1.0,1.0,11.0,6.0
620,8.0,1.0,1.0,11.0,4.0
621,7.0,1.0,1.0,10.0,3.0
622,6.0,1.0,0.0,8.0,3.0
623,8.0,1.0,1.0,15.0,6.0
624,8.0,0.0,0.0,13.0,3.0
625,8.0,1.0,1.0,20.0,6.0
626,6.0,1.0,1.0,12.0,3.0
627,7.0,1.0,1.0,10.0,3.0
628,8.0,1.0,0.0,9.0,3.0
629,8.0,1.0,0.0,9.0,4.0
630,7.0,0.0,0.0,9.0,2.0
631,8.0,1.0,0.0,18.0,7.0
632,8.0,1.0,1.0,16.0,6.0
633,6.0,0.0,0.0,9.0,3.0
634,7.0,1.0,1.0,9.0,4.0
635,8.0,1.0,1.0,10.0,5.0
636,7.0,1.0,1.0,9.0,3.0
637,7.0,2.0,1.0,11.0,6.0
638,8.0,1.0,1.0,12.0,5.0
639,8.0,1.0,1.0,17.0,5.0
640,7.0,0.0,0.0,15.0,5.0
641,7.0,1.0,0.0,10.0,4.0
642,8.0,1.0,1.0,14.0,6.0
643,7.0,1.0,1.0,10.0,6.0
644,6.0,1.0,0.0,9.0,3.0
645,8.0,1.0,1.0,12.0,3.0
646,8.0,1.0,1.0,15.0,5.0
647,7.0,1.0,0.0,10.0,2.0
648,7.0,1.0,1.0,9.0,5.0
649,9.0,1.0,1.0,11.0,7.0
650,8.0,1.0,0.0,13.0,7.0
651,7.0,1.0,0.0,9.0,4.0
652,8.0,1.0,0.0,12.0,5.0
653,8.0,1.0,1.0,16.0,7.0
654,8.0,1.0,1.0,10.0,5.0
655,8.0,1.0,1.0,16.0,6.0
656,8.0,1.0,0.0,10.0,3.0
657,7.0,1.0,1.0,9.0,3.0
658,6.0,1.0,0.0,10.0,3.0
659,6.0,0.0,0.0,9.0,2.0
660,8.0,1.0,1.0,14.0,5.0
661,8.0,1.0,1.0,13.0,5.0
662,9.0,2.0,1.0,10.0,6.0
663,8.0,1.0,1.0,14.0,6.0
664,6.0,1.0,0.0,11.0,3.0
665,8.0,1.0,1.0,15.0,6.0
666,7.0,1.0,0.0,9.0,5.0
667,8.0,1.0,1.0,14.0,4.0
668,8.0,1.0,0.0,11.0,5.0
669,8.0,1.0,1.0,18.0,5.0
670,6.0,0.0,0.0,11.0,2.0
671,7.0,1.0,1.0,10.0,5.0
672,7.0,1.0,0.0,14.0,5.0
673,7.0,1.0,1.0,11.0,4.0
674,5.0,0.0,0.0,10.0,2.0
675,8.0,1.0,1.0,11.0,6.0
676,8.0,1.0,1.0,12.0,5.0
677,7.0,1.0,1.0,10.0,5.0
678,8.0,1.0,1.0,11.0,5.0
679,8.0,1.0,1.0,11.0,6.0
680,7.0,2.0,1.0,13.0,5.0
681,9.0,1.0,1.0,15.0,6.0
682,10.0,1.0,1.0,18.0,6.0
683,7.0,1.0,1.0,9.0,4.0
684,7.0,1.0,0.0,10.0,2.0
685,7.0,1.0,1.0,9.0,3.0
686,7.0,1.0,1.0,12.0,3.0
687,8.0,1.0,1.0,15.0,6.0
688,8.0,1.0,0.0,12.0,4.0
689,7.0,1.0,0.0,10.0,3.0
690,8.0,1.0,1.0,12.0,5.0
691,9.0,1.0,1.0,16.0,6.0
692,7.0,1.0,1.0,13.0,4.0
693,6.0,0.0,0.0,9.0,6.0
694,8.0,1.0,1.0,15.0,5.0
695,7.0,1.0,0.0,9.0,3.0
696,9.0,1.0,0.0,20.0,7.0
697,8.0,1.0,1.0,11.0,5.0
698,8.0,1.0,1.0,12.0,5.0
699,8.0,1.0,1.0,15.0,6.0
700,7.0,1.0,1.0,10.0,4.0
701,9.0,1.0,1.0,15.0,6.0
702,7.0,1.0,1.0,11.0,4.0
703,8.0,1.0,1.0,18.0,4.0
704,8.0,1.0,1.0,12.0,4.0
705,8.0,1.0,1.0,16.0,6.0
706,7.0,1.0,1.0,12.0,7.0
707,7.0,1.0,0.0,10.0,3.0
708,8.0,1.0,1.0,14.0,5.0
709,9.0,1.0,1.0,11.0,5.0
710,5.0,0.0,0.0,8.0,2.0
711,8.0,1.0,0.0,17.0,6.0
712,9.0,1.0,0.0,14.0,4.0
713,9.0,1.0,1.0,15.0,7.0
714,7.0,1.0,0.0,10.0,3.0
715,7.0,1.0,1.0,9.0,4.0
716,9.0,1.0,1.0,14.0,7.0
717,8.0,1.0,1.0,14.0,4.0
718,8.0,1.0,1.0,18.0,6.0
719,8.0,1.0,1.0,17.0,6.0
720,6.0,1.0,0.0,10.0,3.0
721,8.0,1.0,1.0,19.0,6.0
722,8.0,1.0,1.0,11.0,5.0
723,7.0,1.0,0.0,10.0,4.0
724,7.0,1.0,1.0,9.0,5.0
725,8.0,1.0,0.0,10.0,3.0
726,8.0,1.0,0.0,13.0,4.0
727,9.0,1.0,1.0,17.0,7.0
728,9.0,1.0,1.0,13.0,4.0
729,8.0,1.0,0.0,11.0,4.0
730,6.0,1.0,0.0,10.0,3.0
731,8.0,1.0,1.0,13.0,6.0
732,5.0,0.0,0.0,10.0,2.0
733,7.0,1.0,0.0,11.0,4.0
734,9.0,1.0,0.0,15.0,6.0
735,8.0,1.0,1.0,13.0,5.0
736,6.0,0.0,0.0,8.0,2.0
737,8.0,1.0,1.0,9.0,4.0
738,7.0,1.0,0.0,10.0,3.0
739,8.0,1.0,1.0,14.0,5.0
740,6.0,1.0,0.0,10.0,3.0
741,6.0,1.0,1.0,11.0,3.0
742,8.0,1.0,1.0,14.0,4.0
743,8.0,1.0,1.0,15.0,5.0
744,8.0,1.0,0.0,10.0,4.0
745,8.0,1.0,1.0,17.0,6.0
746,6.0,1.0,0.0,10.0,3.0
747,7.0,1.0,1.0,11.0,5.0
748,7.0,1.0,1.0,9.0,3.0
749,8.0,1.0,1.0,9.0,6.0
750,6.0,1.0,0.0,10.0,3.0
751,8.0,1.0,0.0,13.0,5.0
752,6.0,1.0,0.0,9.0,3.0
753,7.0,1.0,1.0,12.0,4.0
754,7.0,1.0,0.0,9.0,4.0
755,7.0,1.0,1.0,14.0,6.0
756,6.0,1.0,0.0,10.0,3.0
757,6.0,1.0,1.0,9.0,3.0
758,8.0,1.0,1.0,13.0,5.0
759,8.0,1.0,0.0,14.0,4.0
760,6.0,1.0,0.0,11.0,4.0
761,6.0,1.0,1.0,10.0,3.0
762,8.0,1.0,0.0,13.0,4.0
763,8.0,1.0,1.0,18.0,4.0
764,7.0,1.0,1.0,9.0,3.0
765,7.0,1.0,1.0,11.0,4.0
766,7.0,1.0,0.0,8.0,3.0
767,7.0,0.0,0.0,10.0,4.0
768,9.0,1.0,1.0,16.0,6.0
769,8.0,1.0,1.0,12.0,5.0
770,7.0,1.0,0.0,9.0,5.0
771,8.0,1.0,0.0,17.0,6.0
772,6.0,1.0,0.0,10.0,3.0
773,7.0,1.0,1.0,12.0,5.0
774,7.0,1.0,1.0,12.0,4.0
775,7.0,1.0,1.0,15.0,6.0
776,7.0,1.0,1.0,12.0,5.0
777,9.0,1.0,1.0,12.0,5.0
778,8.0,1.0,1.0,13.0,6.0
779,7.0,1.0,1.0,10.0,3.0
780,9.0,1.0,1.0,12.0,3.0
781,7.0,1.0,0.0,14.0,3.0
782,8.0,1.0,1.0,11.0,4.0
783,8.0,1.0,1.0,13.0,6.0
784,7.0,1.0,1.0,10.0,4.0
785,6.0,1.0,1.0,9.0,3.0
786,7.0,1.0,1.0,10.0,4.0
787,9.0,1.0,0.0,10.0,6.0
788,8.0,1.0,1.0,15.0,5.0
789,8.0,1.0,0.0,10.0,6.0
790,7.0,2.0,2.0,12.0,5.0
791,7.0,1.0,1.0,9.0,3.0
792,8.0,1.0,0.0,9.0,3.0
793,8.0,1.0,0.0,10.0,5.0
794,8.0,1.0,1.0,11.0,4.0
795,8.0,2.0,1.0,19.0,6.0
796,9.0,1.0,0.0,12.0,6.0
797,8.0,1.0,0.0,9.0,3.0
798,6.0,1.0,1.0,11.0,3.0
799,9.0,1.0,1.0,18.0,7.0
800,10.0,1.0,1.0,20.0,7.0
801,9.0,1.0,1.0,19.0,7.0
802,8.0,1.0,1.0,14.0,4.0
803,6.0,1.0,1.0,10.0,3.0
804,8.0,1.0,1.0,13.0,6.0
805,7.0,1.0,0.0,9.0,3.0
806,8.0,1.0,1.0,18.0,6.0
807,7.0,1.0,1.0,9.0,4.0
808,8.0,1.0,0.0,14.0,3.0
809,9.0,1.0,1.0,20.0,6.0
810,8.0,1.0,1.0,17.0,5.0
811,8.0,0.0,0.0,9.0,3.0
812,9.0,1.0,1.0,14.0,6.0
813,7.0,2.0,1.0,16.0,6.0
814,8.0,1.0,1.0,16.0,6.0
815,7.0,1.0,1.0,14.0,5.0
816,7.0,1.0,1.0,10.0,4.0
817,7.0,0.0,0.0,10.0,3.0
818,8.0,1.0,1.0,9.0,3.0
819,8.0,1.0,0.0,10.0,5.0
820,7.0,1.0,0.0,9.0,3.0
821,8.0,1.0,1.0,12.0,6.0
822,8.0,1.0,1.0,13.0,5.0
823,8.0,1.0,1.0,9.0,4.0
824,7.0,0.0,0.0,10.0,2.0
825,8.0,1.0,1.0,11.0,5.0
826,7.0,1.0,1.0,11.0,5.0
827,7.0,1.0,1.0,10.0,3.0
828,8.0,1.0,0.0,12.0,4.0
829,7.0,1.0,1.0,9.0,3.0
830,6.0,1.0,0.0,10.0,4.0
831,5.0,0.0,0.0,9.0,2.0
832,6.0,0.0,0.0,12.0,3.0
833,7.0,2.0,1.0,12.0,4.0
834,8.0,1.0,1.0,12.0,4.0
835,8.0,1.0,1.0,11.0,6.0
836,7.0,0.0,0.0,11.0,3.0
837,9.0,1.0,1.0,17.0,7.0
838,6.0,1.0,1.0,10.0,3.0
839,5.0,0.0,0.0,10.0,2.0
840,9.0,0.0,0.0,10.0,7.0
841,8.0,1.0,1.0,15.0,5.0
842,7.0,1.0,0.0,13.0,3.0
843,7.0,1.0,1.0,11.0,6.0
844,8.0,1.0,1.0,14.0,4.0
845,8.0,1.0,1.0,16.0,6.0
846,7.0,1.0,1.0,13.0,4.0
847,8.0,1.0,1.0,9.0,6.0
848,9.0,1.0,1.0,18.0,6.0
849,8.0,1.0,1.0,10.0,5.0
850,8.0,1.0,1.0,14.0,6.0
851,7.0,0.0,0.0,10.0,4.0
852,8.0,1.0,0.0,15.0,4.0
853,6.0,0.0,0.0,10.0,2.0
854,9.0,1.0,0.0,15.0,6.0
855,7.0,1.0,1.0,10.0,4.0
856,8.0,1.0,1.0,17.0,6.0
857,6.0,1.0,1.0,11.0,3.0
858,8.0,1.0,1.0,10.0,3.0
859,8.0,1.0,0.0,11.0,6.0
860,7.0,1.0,1.0,10.0,5.0
861,8.0,1.0,0.0,16.0,6.0
862,7.0,1.0,1.0,12.0,5.0
863,8.0,1.0,1.0,10.0,5.0
864,8.0,1.0,0.0,16.0,6.0
865,7.0,1.0,1.0,9.0,3.0
866,6.0,1.0,0.0,9.0,3.0
867,9.0,1.0,1.0,15.0,6.0
868,9.0,1.0,1.0,17.0,6.0
869,8.0,1.0,0.0,13.0,6.0
870,9.0,1.0,0.0,12.0,6.0
871,7.0,2.0,1.0,15.0,6.0
872,7.0,1.0,1.0,9.0,5.0
873,9.0,1.0,1.0,11.0,6.0
874,9.0,1.0,0.0,15.0,5.0
875,7.0,1.0,1.0,10.0,6.0
876,8.0,1.0,1.0,10.0,6.0
877,7.0,1.0,0.0,10.0,5.0
878,7.0,1.0,1.0,13.0,4.0
879,9.0,1.0,0.0,13.0,4.0
880,7.0,1.0,1.0,9.0,5.0
881,10.0,1.0,1.0,17.0,6.0
882,8.0,1.0,1.0,13.0,6.0
883,7.0,1.0,0.0,9.0,3.0
884,8.0,1.0,1.0,17.0,5.0
885,6.0,1.0,0.0,12.0,3.0
886,8.0,1.0,0.0,15.0,5.0
887,7.0,1.0,0.0,11.0,4.0
888,7.0,1.0,1.0,14.0,6.0
889,8.0,1.0,1.0,10.0,3.0
890,7.0,1.0,1.0,9.0,3.0
891,7.0,1.0,0.0,11.0,5.0
892,7.0,1.0,1.0,12.0,3.0
893,8.0,1.0,1.0,19.0,6.0
894,7.0,1.0,1.0,12.0,4.0
895,7.0,1.0,1.0,10.0,5.0
896,8.0,1.0,1.0,15.0,5.0
897,6.0,1.0,1.0,9.0,3.0
898,8.0,1.0,0.0,13.0,5.0
899,7.0,1.0,0.0,10.0,6.0
900,8.0,1.0,0.0,10.0,5.0
901,8.0,1.0,0.0,11.0,7.0
902,8.0,1.0,1.0,9.0,6.0
903,8.0,1.0,0.0,10.0,5.0
904,8.0,1.0,1.0,11.0,4.0
905,6.0,1.0,0.0,10.0,3.0
906,7.0,1.0,1.0,9.0,5.0
907,8.0,1.0,1.0,10.0,5.0
908,8.0,1.0,1.0,17.0,6.0
909,0.0,1.0,0.0,12.0,6.0
910,7.0,1.0,1.0,9.0,5.0
911,8.0,1.0,1.0,17.0,6.0
912,7.0,1.0,0.0,13.0,5.0
913,8.0,1.0,1.0,15.0,5.0
914,8.0,2.0,1.0,12.0,6.0
915,8.0,1.0,1.0,18.0,4.0
916,9.0,1.0,0.0,12.0,6.0
917,7.0,1.0,0.0,15.0,6.0
918,9.0,1.0,0.0,15.0,7.0
919,8.0,1.0,1.0,9.0,6.0
920,8.0,1.0,1.0,14.0,5.0
921,8.0,1.0,1.0,16.0,6.0
922,8.0,1.0,1.0,17.0,5.0
923,7.0,0.0,0.0,8.0,2.0
924,8.0,2.0,1.0,14.0,6.0
925,6.0,1.0,0.0,10.0,3.0
926,7.0,1.0,1.0,11.0,6.0
927,8.0,2.0,1.0,13.0,5.0
928,8.0,1.0,1.0,16.0,5.0
929,9.0,0.0,0.0,12.0,6.0
930,9.0,1.0,1.0,13.0,6.0
931,7.0,1.0,1.0,10.0,3.0
932,7.0,1.0,1.0,9.0,5.0
933,5.0,1.0,0.0,10.0,3.0
934,8.0,1.0,0.0,15.0,5.0
935,8.0,0.0,0.0,13.0,6.0
936,5.0,0.0,0.0,9.0,2.0
937,8.0,1.0,1.0,9.0,4.0
938,8.0,1.0,1.0,11.0,4.0
939,7.0,1.0,1.0,14.0,3.0
940,7.0,1.0,1.0,10.0,5.0
941,6.0,1.0,1.0,10.0,3.0
942,8.0,1.0,1.0,12.0,6.0
943,7.0,1.0,1.0,13.0,4.0
944,8.0,2.0,1.0,16.0,5.0
945,7.0,1.0,1.0,10.0,6.0
946,9.0,1.0,1.0,13.0,7.0
947,8.0,1.0,0.0,12.0,7.0
948,8.0,1.0,1.0,9.0,4.0
949,7.0,1.0,1.0,11.0,3.0
950,8.0,0.0,0.0,10.0,2.0
951,8.0,1.0,1.0,16.0,6.0
952,8.0,1.0,1.0,13.0,6.0
953,8.0,2.0,1.0,19.0,5.0
954,9.0,1.0,1.0,15.0,5.0
955,7.0,1.0,0.0,9.0,3.0
956,6.0,1.0,0.0,9.0,3.0
957,7.0,1.0,1.0,14.0,6.0
958,8.0,1.0,0.0,11.0,6.0
959,6.0,1.0,1.0,9.0,3.0
960,7.0,1.0,1.0,11.0,5.0
961,7.0,1.0,1.0,16.0,6.0
962,8.0,1.0,1.0,12.0,5.0
963,6.0,1.0,1.0,10.0,4.0
964,6.0,1.0,0.0,8.0,2.0
965,8.0,1.0,0.0,9.0,4.0
966,7.0,1.0,1.0,10.0,5.0
967,9.0,1.0,0.0,16.0,6.0
968,8.0,1.0,1.0,14.0,6.0
969,9.0,1.0,1.0,15.0,6.0
970,8.0,1.0,1.0,11.0,6.0
971,8.0,1.0,1.0,10.0,5.0
972,8.0,1.0,1.0,11.0,5.0
973,7.0,1.0,1.0,9.0,4.0
974,8.0,1.0,1.0,13.0,5.0
975,8.0,1.0,1.0,14.0,6.0
976,7.0,1.0,1.0,10.0,3.0
977,9.0,1.0,1.0,11.0,7.0
978,7.0,1.0,1.0,11.0,6.0
979,7.0,2.0,1.0,12.0,5.0
980,8.0,1.0,1.0,12.0,4.0
981,7.0,1.0,1.0,11.0,5.0
982,6.0,1.0,0.0,10.0,3.0
983,7.0,1.0,0.0,13.0,4.0
984,9.0,0.0,0.0,17.0,6.0
985,7.0,1.0,1.0,9.0,4.0
986,8.0,1.0,1.0,16.0,6.0
987,8.0,1.0,1.0,10.0,3.0
988,8.0,1.0,1.0,16.0,6.0
989,7.0,0.0,0.0,12.0,3.0
990,8.0,1.0,0.0,10.0,4.0
991,6.0,1.0,1.0,9.0,3.0
992,8.0,1.0,1.0,15.0,5.0
993,8.0,1.0,0.0,12.0,7.0
994,6.0,0.0,0.0,10.0,2.0
995,7.0,1.0,1.0,17.0,5.0
996,7.0,1.0,1.0,9.0,3.0
997,8.0,1.0,1.0,17.0,6.0
998,7.0,1.0,1.0,12.0,4.0
999,6.0,0.0,0.0,10.0,2.0
1000,7.0,1.0,1.0,12.0,6.0
1001,7.0,1.0,0.0,11.0,4.0
1002,6.0,1.0,1.0,10.0,3.0
1003,10.0,1.0,1.0,19.0,6.0
1004,7.0,1.0,1.0,11.0,4.0
1005,7.0,1.0,0.0,9.0,2.0
1006,9.0,1.0,1.0,13.0,5.0
1007,8.0,1.0,1.0,19.0,6.0
1008,8.0,1.0,1.0,20.0,5.0
1009,9.0,1.0,1.0,12.0,7.0
1010,5.0,1.0,0.0,9.0,3.0
1011,8.0,1.0,1.0,11.0,5.0
1012,7.0,1.0,0.0,9.0,3.0
1013,7.0,1.0,1.0,9.0,3.0
1014,6.0,1.0,1.0,12.0,3.0
1015,9.0,1.0,0.0,11.0,4.0
1016,7.0,2.0,1.0,13.0,6.0
1017,8.0,1.0,1.0,15.0,6.0
1018,7.0,1.0,1.0,14.0,4.0
1019,6.0,0.0,0.0,9.0,3.0
1020,6.0,1.0,1.0,10.0,3.0
1021,9.0,1.0,1.0,13.0,5.0
1022,9.0,1.0,1.0,16.0,5.0
1023,6.0,1.0,1.0,12.0,3.0
