,none,E2,E3,E4,I2
0,8.0,3.0,3.0,7.0,122.0
1,5.0,2.0,3.0,3.0,8.0
2,4.0,2.0,3.0,3.0,101.0
3,5.0,1.0,3.0,5.0,32.0
4,4.0,2.0,3.0,2.0,8.0
5,4.0,3.0,3.0,3.0,10.0
6,5.0,1.0,3.0,5.0,15.0
7,5.0,3.0,3.0,5.0,21.0
8,4.0,2.0,3.0,3.0,33.0
9,3.0,1.0,2.0,2.0,8.0
10,3.0,1.0,2.0,2.0,8.0
11,4.0,2.0,2.0,2.0,8.0
12,5.0,2.0,3.0,3.0,12.0
13,5.0,1.0,3.0,5.0,13.0
14,7.0,2.0,3.0,5.0,42.0
15,4.0,2.0,3.0,3.0,9.0
16,4.0,2.0,3.0,3.0,11.0
17,5.0,2.0,2.0,2.0,8.0
18,5.0,1.0,3.0,4.0,36.0
19,5.0,2.0,3.0,5.0,32.0
20,5.0,1.0,3.0,3.0,27.0
21,5.0,2.0,3.0,5.0,18.0
22,7.0,5.0,3.0,5.0,19.0
23,5.0,2.0,3.0,3.0,18.0
24,4.0,2.0,3.0,3.0,11.0
25,1.0,1.0,2.0,1.0,2.0
26,2.0,2.0,2.0,2.0,14.0
27,3.0,3.0,3.0,3.0,4.0
28,3.0,2.0,2.0,2.0,8.0
29,1.0,1.0,2.0,1.0,7.0
30,4.0,2.0,3.0,3.0,22.0
31,5.0,1.0,3.0,5.0,31.0
32,5.0,11.0,3.0,8.0,62.0
33,5.0,2.0,3.0,5.0,29.0
34,4.0,2.0,2.0,2.0,8.0
35,5.0,2.0,3.0,4.0,21.0
36,4.0,2.0,3.0,3.0,9.0
37,5.0,2.0,3.0,5.0,122.0
38,4.0,1.0,3.0,3.0,9.0
39,1.0,1.0,2.0,2.0,7.0
40,3.0,3.0,3.0,3.0,83.0
41,3.0,2.0,3.0,3.0,7.0
42,4.0,1.0,2.0,2.0,26.0
43,4.0,28.0,3.0,3.0,28.0
44,5.0,2.0,3.0,5.0,16.0
45,5.0,2.0,3.0,3.0,99.0
46,6.0,1.0,2.0,5.0,28.0
47,1.0,1.0,2.0,2.0,7.0
48,5.0,8.0,3.0,5.0,66.0
49,4.0,2.0,3.0,3.0,8.0
50,4.0,4.0,3.0,3.0,22.0
51,10.0,14.0,3.0,5.0,99.0
52,4.0,2.0,3.0,3.0,7.0
53,5.0,1.0,3.0,3.0,15.0
54,4.0,2.0,2.0,2.0,8.0
55,5.0,2.0,3.0,7.0,29.0
56,4.0,1.0,3.0,2.0,8.0
57,5.0,1.0,3.0,5.0,57.0
58,1.0,1.0,2.0,1.0,7.0
59,6.0,2.0,3.0,4.0,87.0
60,5.0,8.0,3.0,4.0,37.0
61,3.0,2.0,2.0,2.0,5.0
62,4.0,2.0,3.0,3.0,10.0
63,5.0,1.0,3.0,5.0,27.0
64,4.0,2.0,3.0,3.0,9.0
65,4.0,2.0,3.0,3.0,100.0
66,4.0,2.0,3.0,3.0,8.0
67,5.0,10.0,3.0,5.0,92.0
68,5.0,2.0,3.0,4.0,30.0
69,3.0,2.0,3.0,3.0,29.0
70,5.0,4.0,3.0,5.0,22.0
71,8.0,8.0,3.0,9.0,67.0
72,5.0,2.0,3.0,5.0,14.0
73,3.0,2.0,3.0,2.0,5.0
74,1.0,1.0,2.0,2.0,4.0
75,8.0,3.0,3.0,5.0,99.0
76,5.0,1.0,2.0,2.0,16.0
77,5.0,2.0,2.0,2.0,11.0
78,5.0,2.0,3.0,3.0,34.0
79,4.0,3.0,3.0,3.0,38.0
80,2.0,1.0,2.0,2.0,15.0
81,4.0,2.0,2.0,2.0,21.0
82,3.0,1.0,2.0,2.0,5.0
83,3.0,2.0,3.0,3.0,56.0
84,5.0,2.0,3.0,3.0,8.0
85,5.0,1.0,3.0,5.0,19.0
86,5.0,1.0,3.0,3.0,98.0
87,5.0,10.0,3.0,5.0,77.0
88,3.0,2.0,3.0,2.0,4.0
89,3.0,2.0,3.0,3.0,7.0
90,5.0,2.0,3.0,3.0,8.0
91,4.0,1.0,3.0,5.0,24.0
92,4.0,1.0,3.0,3.0,8.0
93,3.0,2.0,3.0,2.0,5.0
94,4.0,4.0,3.0,3.0,8.0
95,5.0,2.0,3.0,4.0,34.0
96,5.0,3.0,3.0,4.0,10.0
97,4.0,1.0,3.0,4.0,20.0
98,3.0,2.0,2.0,2.0,4.0
99,6.0,4.0,3.0,8.0,83.0
100,2.0,1.0,2.0,2.0,30.0
101,5.0,4.0,3.0,11.0,60.0
102,4.0,2.0,2.0,2.0,10.0
103,4.0,2.0,2.0,2.0,8.0
104,5.0,2.0,3.0,5.0,14.0
105,3.0,1.0,2.0,1.0,8.0
106,3.0,2.0,3.0,3.0,8.0
107,3.0,2.0,3.0,2.0,7.0
108,1.0,1.0,2.0,2.0,7.0
109,4.0,2.0,2.0,2.0,7.0
110,2.0,2.0,2.0,2.0,7.0
111,4.0,2.0,3.0,3.0,17.0
112,5.0,2.0,3.0,5.0,26.0
113,5.0,2.0,2.0,2.0,8.0
114,6.0,1.0,3.0,5.0,45.0
115,4.0,2.0,3.0,3.0,9.0
116,4.0,2.0,2.0,3.0,22.0
117,4.0,1.0,2.0,2.0,18.0
118,3.0,1.0,2.0,1.0,6.0
119,3.0,1.0,2.0,2.0,7.0
120,2.0,2.0,2.0,2.0,2.0
121,5.0,8.0,3.0,3.0,11.0
122,4.0,2.0,2.0,2.0,6.0
123,3.0,1.0,3.0,2.0,8.0
124,5.0,1.0,3.0,5.0,34.0
125,5.0,11.0,3.0,5.0,82.0
126,2.0,1.0,2.0,2.0,8.0
127,1.0,1.0,1.0,1.0,6.0
128,4.0,2.0,3.0,3.0,7.0
129,5.0,2.0,3.0,3.0,79.0
130,6.0,11.0,3.0,5.0,31.0
131,5.0,2.0,2.0,2.0,75.0
132,4.0,1.0,3.0,3.0,16.0
133,4.0,1.0,2.0,2.0,12.0
134,6.0,1.0,3.0,5.0,10.0
135,3.0,1.0,2.0,2.0,8.0
136,5.0,9.0,3.0,5.0,35.0
137,4.0,1.0,2.0,2.0,14.0
138,3.0,1.0,3.0,3.0,17.0
139,4.0,2.0,3.0,3.0,11.0
140,3.0,2.0,2.0,2.0,9.0
141,5.0,1.0,3.0,5.0,14.0
142,5.0,1.0,2.0,5.0,60.0
143,4.0,1.0,3.0,3.0,32.0
144,4.0,2.0,3.0,3.0,8.0
145,1.0,1.0,1.0,1.0,6.0
146,4.0,4.0,3.0,3.0,9.0
147,3.0,2.0,3.0,2.0,8.0
148,5.0,9.0,3.0,3.0,32.0
149,2.0,1.0,2.0,2.0,13.0
150,4.0,2.0,2.0,2.0,8.0
151,5.0,3.0,3.0,5.0,15.0
152,1.0,1.0,2.0,2.0,25.0
153,5.0,1.0,3.0,5.0,14.0
154,5.0,2.0,3.0,5.0,16.0
155,5.0,2.0,3.0,3.0,8.0
156,4.0,2.0,3.0,3.0,7.0
157,2.0,2.0,3.0,3.0,8.0
158,2.0,2.0,2.0,2.0,7.0
159,4.0,2.0,3.0,3.0,9.0
160,4.0,1.0,2.0,2.0,7.0
161,8.0,2.0,3.0,5.0,39.0
162,4.0,2.0,2.0,2.0,11.0
163,5.0,9.0,3.0,5.0,12.0
164,4.0,2.0,3.0,3.0,15.0
165,4.0,2.0,3.0,3.0,9.0
166,5.0,2.0,3.0,3.0,22.0
167,5.0,1.0,3.0,4.0,59.0
168,4.0,2.0,3.0,3.0,12.0
169,4.0,2.0,3.0,3.0,12.0
170,4.0,1.0,3.0,3.0,7.0
171,3.0,2.0,2.0,2.0,7.0
172,3.0,2.0,3.0,3.0,8.0
173,5.0,7.0,3.0,5.0,19.0
174,4.0,3.0,3.0,4.0,13.0
175,5.0,6.0,3.0,3.0,14.0
176,5.0,1.0,3.0,5.0,25.0
177,5.0,1.0,3.0,2.0,81.0
178,3.0,1.0,2.0,2.0,26.0
179,3.0,2.0,3.0,3.0,10.0
180,2.0,1.0,2.0,2.0,8.0
181,1.0,1.0,2.0,2.0,8.0
182,4.0,2.0,3.0,3.0,9.0
183,5.0,2.0,3.0,5.0,19.0
184,7.0,5.0,3.0,5.0,108.0
185,4.0,2.0,3.0,2.0,9.0
186,4.0,1.0,2.0,5.0,27.0
187,1.0,1.0,2.0,2.0,5.0
188,5.0,1.0,2.0,2.0,8.0
189,4.0,1.0,2.0,5.0,13.0
190,5.0,2.0,3.0,5.0,36.0
191,5.0,2.0,3.0,5.0,30.0
192,4.0,1.0,2.0,2.0,15.0
193,5.0,2.0,3.0,5.0,19.0
194,5.0,2.0,3.0,3.0,74.0
195,3.0,2.0,3.0,3.0,8.0
196,1.0,1.0,1.0,1.0,3.0
197,5.0,3.0,3.0,5.0,13.0
198,2.0,1.0,2.0,2.0,7.0
199,5.0,1.0,2.0,4.0,28.0
200,1.0,1.0,2.0,2.0,6.0
201,4.0,2.0,3.0,2.0,7.0
202,3.0,2.0,2.0,2.0,4.0
203,5.0,2.0,3.0,5.0,79.0
204,5.0,1.0,2.0,2.0,14.0
205,5.0,1.0,3.0,5.0,20.0
206,4.0,2.0,3.0,3.0,22.0
207,7.0,8.0,3.0,5.0,91.0
208,3.0,1.0,2.0,2.0,9.0
209,6.0,3.0,3.0,5.0,78.0
210,1.0,1.0,2.0,2.0,1.0
211,5.0,3.0,3.0,3.0,13.0
212,3.0,1.0,2.0,2.0,7.0
213,2.0,1.0,2.0,2.0,16.0
214,5.0,2.0,3.0,3.0,86.0
215,4.0,2.0,3.0,3.0,7.0
216,4.0,2.0,2.0,2.0,7.0
217,4.0,7.0,3.0,3.0,8.0
218,6.0,3.0,3.0,6.0,38.0
219,4.0,3.0,3.0,3.0,11.0
220,5.0,3.0,3.0,5.0,15.0
221,1.0,1.0,2.0,2.0,4.0
222,4.0,1.0,2.0,2.0,8.0
223,4.0,1.0,2.0,2.0,8.0
224,5.0,2.0,3.0,3.0,41.0
225,9.0,11.0,3.0,5.0,28.0
226,3.0,2.0,3.0,2.0,12.0
227,4.0,2.0,3.0,3.0,16.0
228,3.0,2.0,3.0,2.0,7.0
229,1.0,1.0,2.0,2.0,7.0
230,5.0,2.0,3.0,3.0,37.0
231,2.0,2.0,2.0,2.0,3.0
232,4.0,1.0,2.0,2.0,14.0
233,4.0,1.0,2.0,2.0,13.0
234,1.0,1.0,2.0,2.0,8.0
235,3.0,2.0,3.0,2.0,8.0
236,4.0,3.0,3.0,3.0,7.0
237,5.0,2.0,3.0,3.0,15.0
238,4.0,2.0,3.0,3.0,8.0
239,5.0,2.0,3.0,5.0,25.0
240,5.0,2.0,3.0,4.0,13.0
241,4.0,1.0,3.0,3.0,7.0
242,5.0,1.0,3.0,3.0,13.0
243,5.0,1.0,3.0,3.0,10.0
244,5.0,3.0,3.0,5.0,24.0
245,3.0,2.0,3.0,3.0,8.0
246,3.0,1.0,2.0,2.0,8.0
247,4.0,3.0,3.0,3.0,12.0
248,4.0,2.0,3.0,4.0,63.0
249,4.0,2.0,3.0,3.0,8.0
250,2.0,2.0,2.0,2.0,9.0
251,5.0,1.0,3.0,3.0,12.0
252,3.0,1.0,3.0,2.0,8.0
253,5.0,2.0,3.0,5.0,10.0
254,4.0,2.0,2.0,2.0,12.0
255,4.0,2.0,2.0,3.0,8.0
256,1.0,1.0,2.0,1.0,7.0
257,4.0,2.0,3.0,3.0,7.0
258,5.0,2.0,3.0,3.0,14.0
259,3.0,3.0,3.0,3.0,7.0
260,5.0,1.0,3.0,5.0,82.0
261,5.0,2.0,2.0,5.0,36.0
262,5.0,1.0,2.0,5.0,105.0
263,5.0,4.0,3.0,5.0,14.0
264,3.0,1.0,2.0,2.0,15.0
265,5.0,3.0,3.0,3.0,9.0
266,4.0,1.0,2.0,5.0,26.0
267,4.0,2.0,3.0,3.0,8.0
268,2.0,2.0,2.0,2.0,7.0
269,5.0,2.0,3.0,3.0,86.0
270,4.0,2.0,3.0,2.0,8.0
271,4.0,2.0,3.0,3.0,33.0
272,5.0,1.0,3.0,2.0,14.0
273,4.0,3.0,3.0,3.0,13.0
274,5.0,3.0,3.0,5.0,98.0
275,5.0,1.0,3.0,2.0,12.0
276,5.0,2.0,3.0,3.0,13.0
277,4.0,1.0,3.0,5.0,58.0
278,5.0,3.0,3.0,5.0,83.0
279,4.0,2.0,3.0,3.0,10.0
280,5.0,4.0,3.0,3.0,13.0
281,4.0,2.0,3.0,3.0,8.0
282,4.0,6.0,2.0,2.0,25.0
283,4.0,2.0,3.0,2.0,8.0
284,4.0,1.0,2.0,4.0,15.0
285,2.0,2.0,2.0,2.0,7.0
286,6.0,1.0,2.0,2.0,98.0
287,8.0,10.0,3.0,6.0,97.0
288,3.0,2.0,3.0,3.0,8.0
289,4.0,1.0,3.0,4.0,15.0
290,5.0,2.0,3.0,5.0,20.0
291,3.0,1.0,3.0,2.0,11.0
292,7.0,1.0,2.0,5.0,28.0
293,3.0,1.0,3.0,2.0,8.0
294,4.0,8.0,3.0,3.0,16.0
295,5.0,1.0,3.0,5.0,87.0
296,1.0,1.0,2.0,2.0,6.0
297,4.0,2.0,3.0,2.0,8.0
298,6.0,1.0,2.0,2.0,14.0
299,3.0,2.0,3.0,2.0,8.0
300,5.0,4.0,3.0,5.0,7.0
301,6.0,1.0,3.0,11.0,37.0
302,5.0,2.0,3.0,5.0,13.0
303,5.0,9.0,3.0,5.0,93.0
304,3.0,2.0,3.0,2.0,8.0
305,5.0,2.0,3.0,3.0,78.0
306,5.0,2.0,3.0,5.0,81.0
307,5.0,2.0,3.0,3.0,16.0
308,2.0,2.0,2.0,2.0,7.0
309,5.0,1.0,3.0,5.0,21.0
310,3.0,2.0,3.0,2.0,6.0
311,6.0,4.0,3.0,7.0,33.0
312,3.0,2.0,3.0,3.0,8.0
313,4.0,2.0,3.0,3.0,8.0
314,6.0,3.0,3.0,5.0,25.0
315,5.0,3.0,3.0,3.0,32.0
316,5.0,15.0,3.0,5.0,35.0
317,5.0,3.0,3.0,5.0,28.0
318,4.0,2.0,3.0,3.0,8.0
319,5.0,2.0,3.0,3.0,16.0
320,5.0,3.0,3.0,5.0,65.0
321,3.0,1.0,3.0,2.0,8.0
322,1.0,1.0,2.0,1.0,3.0
323,5.0,2.0,3.0,5.0,15.0
324,4.0,2.0,3.0,4.0,19.0
325,7.0,1.0,2.0,5.0,80.0
326,5.0,2.0,3.0,5.0,29.0
327,4.0,2.0,3.0,3.0,7.0
328,3.0,2.0,3.0,3.0,7.0
329,2.0,2.0,2.0,2.0,8.0
330,4.0,2.0,3.0,3.0,8.0
331,5.0,8.0,3.0,4.0,16.0
332,5.0,2.0,3.0,3.0,43.0
333,4.0,2.0,3.0,3.0,8.0
334,4.0,2.0,3.0,3.0,28.0
335,5.0,6.0,3.0,3.0,26.0
336,5.0,1.0,2.0,5.0,16.0
337,5.0,4.0,3.0,5.0,17.0
338,3.0,2.0,3.0,3.0,8.0
339,4.0,2.0,3.0,3.0,14.0
340,5.0,2.0,3.0,3.0,15.0
341,5.0,3.0,3.0,5.0,21.0
342,5.0,3.0,3.0,5.0,13.0
343,4.0,2.0,2.0,2.0,8.0
344,4.0,2.0,2.0,2.0,8.0
345,4.0,2.0,3.0,5.0,83.0
346,5.0,2.0,3.0,3.0,13.0
347,2.0,2.0,2.0,2.0,4.0
348,4.0,2.0,3.0,2.0,7.0
349,5.0,3.0,3.0,5.0,73.0
350,5.0,9.0,3.0,3.0,72.0
351,4.0,2.0,2.0,2.0,7.0
352,5.0,2.0,3.0,5.0,14.0
353,5.0,2.0,3.0,5.0,18.0
354,4.0,2.0,3.0,3.0,9.0
355,4.0,1.0,2.0,2.0,15.0
356,2.0,1.0,3.0,2.0,67.0
357,5.0,3.0,3.0,5.0,80.0
358,4.0,2.0,2.0,2.0,8.0
359,4.0,2.0,3.0,2.0,8.0
360,4.0,2.0,3.0,3.0,8.0
361,2.0,1.0,2.0,2.0,8.0
362,2.0,1.0,3.0,2.0,7.0
363,4.0,1.0,2.0,3.0,20.0
364,6.0,10.0,3.0,3.0,8.0
365,3.0,2.0,2.0,2.0,5.0
366,4.0,2.0,3.0,3.0,63.0
367,4.0,1.0,3.0,2.0,7.0
368,3.0,1.0,2.0,2.0,8.0
369,3.0,1.0,2.0,1.0,6.0
370,2.0,1.0,2.0,2.0,8.0
371,5.0,1.0,3.0,2.0,13.0
372,4.0,2.0,3.0,3.0,94.0
373,4.0,1.0,2.0,2.0,8.0
374,5.0,2.0,3.0,5.0,41.0
375,5.0,1.0,2.0,5.0,27.0
376,5.0,11.0,3.0,5.0,54.0
377,5.0,10.0,3.0,6.0,89.0
378,5.0,2.0,3.0,3.0,36.0
379,4.0,1.0,2.0,2.0,10.0
380,4.0,1.0,2.0,2.0,9.0
381,1.0,1.0,2.0,2.0,8.0
382,6.0,1.0,3.0,3.0,13.0
383,5.0,2.0,3.0,5.0,84.0
384,4.0,1.0,3.0,3.0,16.0
385,7.0,2.0,3.0,5.0,116.0
386,4.0,2.0,3.0,3.0,34.0
387,2.0,2.0,2.0,2.0,7.0
388,4.0,1.0,3.0,4.0,13.0
389,5.0,2.0,3.0,4.0,13.0
390,3.0,2.0,3.0,3.0,6.0
391,4.0,1.0,3.0,3.0,30.0
392,5.0,2.0,3.0,5.0,17.0
393,4.0,2.0,3.0,2.0,7.0
394,2.0,2.0,3.0,2.0,7.0
395,2.0,2.0,3.0,3.0,8.0
396,5.0,2.0,3.0,5.0,19.0
397,5.0,2.0,3.0,2.0,10.0
398,6.0,3.0,3.0,3.0,8.0
399,4.0,1.0,2.0,5.0,33.0
400,3.0,2.0,3.0,3.0,12.0
401,3.0,2.0,3.0,2.0,6.0
402,2.0,1.0,2.0,2.0,7.0
403,3.0,2.0,3.0,3.0,9.0
404,2.0,1.0,2.0,2.0,7.0
405,5.0,1.0,3.0,5.0,30.0
406,5.0,2.0,3.0,5.0,42.0
407,5.0,4.0,3.0,5.0,69.0
408,4.0,2.0,3.0,3.0,10.0
409,5.0,1.0,3.0,5.0,14.0
410,2.0,1.0,2.0,1.0,8.0
411,5.0,2.0,3.0,5.0,83.0
412,4.0,2.0,3.0,3.0,11.0
413,4.0,2.0,3.0,3.0,8.0
414,5.0,7.0,3.0,3.0,84.0
415,1.0,1.0,2.0,1.0,3.0
416,5.0,2.0,3.0,10.0,23.0
417,3.0,2.0,3.0,3.0,10.0
418,4.0,2.0,2.0,2.0,10.0
419,6.0,3.0,3.0,3.0,14.0
420,2.0,1.0,2.0,2.0,6.0
421,5.0,8.0,3.0,3.0,26.0
422,3.0,1.0,2.0,2.0,7.0
423,5.0,6.0,3.0,5.0,27.0
424,3.0,2.0,2.0,2.0,8.0
425,4.0,3.0,3.0,3.0,7.0
426,3.0,1.0,1.0,1.0,6.0
427,5.0,2.0,3.0,5.0,14.0
428,4.0,2.0,3.0,3.0,26.0
429,6.0,3.0,3.0,5.0,25.0
430,3.0,1.0,3.0,3.0,8.0
431,5.0,10.0,3.0,5.0,33.0
432,4.0,2.0,3.0,2.0,8.0
433,1.0,1.0,2.0,2.0,8.0
434,2.0,2.0,2.0,2.0,3.0
435,5.0,1.0,3.0,5.0,19.0
436,5.0,2.0,3.0,3.0,23.0
437,5.0,1.0,3.0,2.0,12.0
438,5.0,1.0,3.0,5.0,14.0
439,4.0,2.0,3.0,2.0,8.0
440,7.0,1.0,3.0,5.0,30.0
441,4.0,2.0,3.0,2.0,8.0
442,5.0,3.0,3.0,5.0,13.0
443,3.0,1.0,2.0,1.0,7.0
444,4.0,1.0,3.0,3.0,8.0
445,5.0,3.0,3.0,5.0,28.0
446,5.0,1.0,3.0,3.0,10.0
447,2.0,1.0,3.0,2.0,4.0
448,7.0,10.0,3.0,5.0,16.0
449,4.0,1.0,3.0,3.0,10.0
450,3.0,2.0,2.0,2.0,8.0
451,3.0,2.0,3.0,3.0,9.0
452,5.0,2.0,3.0,5.0,24.0
453,1.0,1.0,2.0,1.0,4.0
454,7.0,3.0,3.0,5.0,37.0
455,4.0,2.0,3.0,3.0,8.0
456,1.0,1.0,2.0,1.0,5.0
457,3.0,3.0,3.0,3.0,8.0
458,1.0,1.0,2.0,1.0,10.0
459,3.0,1.0,2.0,2.0,8.0
460,5.0,10.0,3.0,5.0,30.0
461,5.0,1.0,3.0,5.0,28.0
462,2.0,2.0,2.0,3.0,13.0
463,5.0,1.0,3.0,5.0,14.0
464,3.0,2.0,3.0,2.0,13.0
465,4.0,1.0,3.0,4.0,9.0
466,6.0,2.0,3.0,5.0,26.0
467,3.0,2.0,2.0,2.0,10.0
468,9.0,10.0,3.0,5.0,35.0
469,2.0,1.0,2.0,1.0,8.0
470,5.0,1.0,3.0,2.0,10.0
471,1.0,1.0,2.0,1.0,1.0
472,1.0,1.0,2.0,2.0,1.0
473,5.0,2.0,3.0,3.0,19.0
474,4.0,2.0,3.0,3.0,8.0
475,5.0,1.0,3.0,4.0,16.0
476,4.0,2.0,3.0,3.0,40.0
477,5.0,1.0,2.0,2.0,14.0
478,2.0,2.0,2.0,2.0,8.0
479,4.0,2.0,2.0,2.0,7.0
480,3.0,2.0,3.0,3.0,7.0
481,4.0,1.0,2.0,3.0,11.0
482,2.0,2.0,3.0,3.0,14.0
483,3.0,2.0,3.0,2.0,7.0
484,3.0,2.0,2.0,2.0,7.0
485,4.0,2.0,3.0,2.0,14.0
486,3.0,2.0,3.0,3.0,7.0
487,2.0,1.0,2.0,1.0,3.0
488,3.0,2.0,3.0,3.0,11.0
489,2.0,1.0,2.0,2.0,4.0
490,5.0,2.0,2.0,2.0,18.0
491,4.0,2.0,3.0,5.0,29.0
492,5.0,1.0,3.0,3.0,13.0
493,4.0,2.0,3.0,2.0,30.0
494,5.0,2.0,3.0,5.0,8.0
495,5.0,2.0,3.0,3.0,98.0
496,4.0,1.0,3.0,3.0,13.0
497,4.0,2.0,3.0,3.0,8.0
498,5.0,1.0,3.0,11.0,24.0
499,5.0,1.0,3.0,5.0,19.0
500,2.0,2.0,2.0,2.0,4.0
501,6.0,8.0,3.0,5.0,83.0
502,3.0,2.0,2.0,2.0,7.0
503,4.0,2.0,3.0,3.0,8.0
504,5.0,2.0,3.0,2.0,16.0
505,5.0,2.0,3.0,5.0,31.0
506,4.0,1.0,2.0,2.0,18.0
507,5.0,2.0,3.0,3.0,7.0
508,5.0,1.0,2.0,3.0,27.0
509,3.0,2.0,3.0,3.0,4.0
510,3.0,1.0,3.0,3.0,9.0
511,5.0,2.0,3.0,5.0,71.0
512,3.0,1.0,3.0,2.0,10.0
513,5.0,2.0,3.0,4.0,12.0
514,4.0,2.0,3.0,3.0,22.0
515,2.0,1.0,3.0,2.0,72.0
516,4.0,3.0,3.0,3.0,82.0
517,5.0,2.0,3.0,3.0,31.0
518,2.0,1.0,3.0,2.0,7.0
519,2.0,2.0,3.0,2.0,6.0
520,5.0,9.0,3.0,5.0,30.0
521,4.0,2.0,3.0,3.0,8.0
522,4.0,2.0,3.0,3.0,9.0
523,5.0,4.0,3.0,3.0,81.0
524,4.0,1.0,2.0,2.0,63.0
525,5.0,2.0,3.0,5.0,43.0
526,4.0,1.0,3.0,3.0,74.0
527,5.0,1.0,3.0,2.0,10.0
528,4.0,2.0,3.0,3.0,12.0
529,1.0,1.0,2.0,1.0,2.0
530,3.0,2.0,3.0,2.0,8.0
531,3.0,2.0,3.0,3.0,8.0
532,1.0,1.0,1.0,1.0,1.0
533,4.0,2.0,3.0,3.0,8.0
534,5.0,4.0,3.0,4.0,28.0
535,5.0,1.0,3.0,4.0,14.0
536,5.0,2.0,2.0,2.0,32.0
537,4.0,2.0,3.0,3.0,8.0
538,4.0,2.0,3.0,3.0,7.0
539,6.0,1.0,3.0,5.0,37.0
540,2.0,2.0,2.0,2.0,2.0
541,4.0,1.0,3.0,3.0,8.0
542,5.0,3.0,3.0,5.0,95.0
543,4.0,1.0,3.0,3.0,7.0
544,5.0,1.0,2.0,2.0,8.0
545,4.0,2.0,3.0,4.0,13.0
546,3.0,2.0,3.0,3.0,7.0
547,4.0,2.0,3.0,3.0,8.0
548,4.0,1.0,2.0,2.0,14.0
549,4.0,1.0,3.0,3.0,15.0
550,3.0,1.0,3.0,2.0,8.0
551,4.0,2.0,2.0,2.0,8.0
552,4.0,1.0,3.0,4.0,14.0
553,3.0,2.0,2.0,2.0,4.0
554,2.0,1.0,2.0,2.0,2.0
555,4.0,1.0,3.0,5.0,18.0
556,4.0,1.0,3.0,3.0,15.0
557,2.0,2.0,2.0,2.0,7.0
558,2.0,2.0,2.0,2.0,4.0
559,4.0,2.0,3.0,3.0,8.0
560,4.0,1.0,2.0,2.0,102.0
561,5.0,2.0,3.0,3.0,7.0
562,3.0,2.0,3.0,2.0,10.0
563,6.0,8.0,3.0,5.0,17.0
564,5.0,2.0,2.0,3.0,30.0
565,4.0,1.0,2.0,3.0,77.0
566,5.0,1.0,3.0,3.0,9.0
567,5.0,2.0,3.0,2.0,20.0
568,4.0,4.0,3.0,2.0,8.0
569,5.0,7.0,3.0,5.0,25.0
570,2.0,2.0,2.0,2.0,7.0
571,9.0,4.0,3.0,5.0,33.0
572,6.0,1.0,3.0,3.0,30.0
573,4.0,2.0,3.0,3.0,25.0
574,4.0,1.0,3.0,2.0,12.0
575,4.0,2.0,2.0,2.0,8.0
576,3.0,2.0,3.0,3.0,10.0
577,3.0,2.0,2.0,2.0,8.0
578,4.0,2.0,3.0,2.0,6.0
579,5.0,1.0,3.0,2.0,10.0
580,4.0,2.0,3.0,3.0,7.0
581,14.0,7.0,3.0,7.0,76.0
582,6.0,3.0,3.0,5.0,13.0
583,5.0,2.0,3.0,3.0,10.0
584,4.0,2.0,3.0,2.0,8.0
585,2.0,2.0,2.0,2.0,6.0
586,1.0,1.0,2.0,2.0,8.0
587,2.0,1.0,2.0,2.0,8.0
588,2.0,2.0,2.0,2.0,8.0
589,10.0,9.0,3.0,5.0,41.0
590,6.0,1.0,3.0,5.0,89.0
591,5.0,6.0,3.0,3.0,14.0
592,6.0,3.0,3.0,5.0,32.0
593,4.0,1.0,2.0,2.0,9.0
594,3.0,2.0,2.0,2.0,4.0
595,5.0,3.0,3.0,5.0,22.0
596,4.0,2.0,2.0,2.0,14.0
597,5.0,2.0,3.0,4.0,29.0
598,5.0,2.0,3.0,4.0,34.0
599,6.0,1.0,3.0,5.0,27.0
600,5.0,2.0,3.0,5.0,15.0
601,1.0,1.0,2.0,2.0,2.0
602,2.0,1.0,2.0,2.0,7.0
603,4.0,2.0,3.0,3.0,14.0
604,3.0,2.0,2.0,2.0,7.0
605,3.0,2.0,2.0,2.0,7.0
606,3.0,2.0,3.0,3.0,8.0
607,4.0,1.0,3.0,3.0,15.0
608,4.0,2.0,3.0,3.0,14.0
609,4.0,2.0,3.0,3.0,15.0
610,3.0,3.0,3.0,3.0,7.0
611,5.0,1.0,3.0,2.0,14.0
612,2.0,2.0,2.0,3.0,10.0
613,4.0,1.0,2.0,2.0,8.0
614,2.0,2.0,2.0,2.0,7.0
615,11.0,12.0,3.0,10.0,47.0
616,2.0,2.0,2.0,2.0,8.0
617,5.0,2.0,3.0,3.0,17.0
618,1.0,1.0,1.0,1.0,1.0
619,4.0,1.0,3.0,3.0,8.0
620,5.0,3.0,3.0,3.0,64.0
621,2.0,1.0,2.0,1.0,8.0
622,4.0,2.0,3.0,2.0,13.0
623,5.0,2.0,3.0,5.0,62.0
624,4.0,1.0,3.0,2.0,23.0
625,7.0,1.0,3.0,5.0,26.0
626,4.0,1.0,2.0,3.0,14.0
627,1.0,1.0,1.0,1.0,1.0
628,6.0,1.0,3.0,5.0,19.0
629,4.0,3.0,3.0,4.0,13.0
630,5.0,8.0,3.0,3.0,15.0
631,6.0,15.0,3.0,3.0,59.0
632,3.0,2.0,2.0,2.0,7.0
633,5.0,1.0,2.0,5.0,19.0
634,5.0,1.0,3.0,6.0,27.0
635,5.0,1.0,3.0,5.0,34.0
636,5.0,2.0,3.0,3.0,9.0
637,4.0,1.0,2.0,2.0,12.0
638,1.0,1.0,2.0,2.0,2.0
639,4.0,2.0,3.0,3.0,7.0
640,5.0,2.0,3.0,5.0,26.0
641,4.0,1.0,3.0,4.0,104.0
642,4.0,2.0,3.0,3.0,7.0
643,4.0,2.0,2.0,2.0,8.0
644,3.0,2.0,3.0,3.0,8.0
645,4.0,1.0,3.0,2.0,10.0
646,4.0,1.0,3.0,4.0,11.0
647,5.0,3.0,3.0,3.0,56.0
648,5.0,2.0,3.0,5.0,16.0
649,2.0,1.0,3.0,2.0,8.0
650,4.0,2.0,3.0,3.0,11.0
651,4.0,2.0,2.0,2.0,8.0
652,6.0,2.0,3.0,5.0,30.0
653,3.0,2.0,3.0,2.0,8.0
654,5.0,1.0,3.0,3.0,19.0
655,5.0,2.0,3.0,4.0,14.0
656,4.0,2.0,3.0,2.0,8.0
657,8.0,10.0,3.0,5.0,90.0
658,3.0,2.0,3.0,3.0,6.0
659,7.0,2.0,3.0,5.0,80.0
660,3.0,1.0,3.0,2.0,8.0
661,13.0,13.0,3.0,9.0,44.0
662,7.0,7.0,3.0,5.0,109.0
663,1.0,1.0,2.0,2.0,8.0
664,2.0,2.0,3.0,2.0,8.0
665,2.0,1.0,2.0,2.0,8.0
666,4.0,1.0,3.0,2.0,12.0
667,3.0,2.0,3.0,2.0,8.0
668,4.0,2.0,3.0,2.0,7.0
669,4.0,1.0,2.0,2.0,30.0
670,4.0,2.0,3.0,3.0,13.0
671,3.0,2.0,3.0,3.0,12.0
672,8.0,9.0,3.0,5.0,29.0
673,1.0,1.0,2.0,2.0,3.0
674,3.0,2.0,3.0,2.0,7.0
675,4.0,1.0,3.0,3.0,8.0
676,4.0,4.0,3.0,4.0,21.0
677,7.0,3.0,3.0,7.0,45.0
678,2.0,2.0,2.0,2.0,2.0
679,5.0,1.0,3.0,5.0,31.0
680,4.0,1.0,3.0,4.0,15.0
681,4.0,2.0,3.0,3.0,13.0
682,3.0,2.0,3.0,2.0,6.0
683,5.0,6.0,3.0,5.0,29.0
684,5.0,2.0,3.0,3.0,10.0
685,1.0,2.0,2.0,2.0,7.0
686,2.0,1.0,2.0,2.0,8.0
687,2.0,1.0,2.0,1.0,7.0
688,5.0,1.0,3.0,3.0,21.0
689,2.0,1.0,2.0,1.0,11.0
690,4.0,2.0,3.0,2.0,7.0
691,5.0,2.0,3.0,3.0,28.0
692,3.0,1.0,2.0,2.0,7.0
693,2.0,1.0,2.0,2.0,8.0
694,5.0,2.0,3.0,5.0,12.0
695,5.0,4.0,3.0,8.0,12.0
696,5.0,1.0,3.0,5.0,83.0
697,1.0,1.0,2.0,1.0,1.0
698,1.0,1.0,2.0,2.0,4.0
699,3.0,1.0,3.0,3.0,22.0
700,5.0,2.0,3.0,4.0,98.0
701,4.0,2.0,2.0,2.0,8.0
702,4.0,2.0,2.0,2.0,7.0
703,4.0,1.0,3.0,3.0,9.0
704,8.0,3.0,3.0,8.0,37.0
705,4.0,1.0,3.0,4.0,10.0
706,7.0,10.0,3.0,6.0,44.0
707,7.0,4.0,3.0,5.0,38.0
708,5.0,2.0,3.0,3.0,9.0
709,3.0,2.0,2.0,2.0,9.0
710,4.0,1.0,2.0,4.0,21.0
711,4.0,1.0,3.0,3.0,85.0
712,4.0,1.0,3.0,3.0,13.0
713,3.0,1.0,2.0,2.0,8.0
714,2.0,1.0,2.0,2.0,2.0
715,1.0,1.0,2.0,1.0,1.0
716,5.0,2.0,3.0,2.0,8.0
717,5.0,2.0,3.0,5.0,78.0
718,1.0,1.0,2.0,2.0,9.0
719,4.0,1.0,3.0,3.0,57.0
720,5.0,2.0,3.0,5.0,25.0
721,4.0,2.0,2.0,3.0,8.0
722,5.0,1.0,3.0,5.0,34.0
723,3.0,1.0,2.0,1.0,9.0
724,5.0,1.0,2.0,5.0,37.0
725,2.0,2.0,2.0,2.0,2.0
726,4.0,1.0,3.0,2.0,19.0
727,4.0,4.0,3.0,3.0,17.0
728,4.0,2.0,3.0,3.0,8.0
729,5.0,2.0,2.0,2.0,80.0
730,4.0,2.0,3.0,3.0,11.0
731,4.0,2.0,3.0,5.0,31.0
732,5.0,11.0,2.0,5.0,81.0
733,1.0,1.0,2.0,1.0,1.0
734,4.0,2.0,3.0,3.0,21.0
735,6.0,2.0,2.0,5.0,33.0
736,4.0,2.0,3.0,3.0,8.0
737,5.0,3.0,3.0,3.0,15.0
738,5.0,2.0,3.0,3.0,21.0
739,4.0,1.0,2.0,2.0,8.0
740,4.0,2.0,3.0,3.0,11.0
741,4.0,2.0,2.0,2.0,7.0
742,3.0,2.0,2.0,2.0,8.0
743,3.0,2.0,3.0,2.0,12.0
744,5.0,7.0,3.0,3.0,13.0
745,4.0,2.0,3.0,3.0,82.0
746,5.0,2.0,3.0,3.0,10.0
747,5.0,2.0,3.0,4.0,91.0
748,4.0,1.0,3.0,2.0,25.0
749,5.0,8.0,3.0,5.0,30.0
750,3.0,2.0,3.0,2.0,7.0
751,5.0,2.0,3.0,4.0,86.0
752,4.0,2.0,3.0,3.0,9.0
753,4.0,2.0,3.0,3.0,7.0
754,5.0,1.0,3.0,3.0,45.0
755,4.0,2.0,3.0,3.0,13.0
756,2.0,1.0,2.0,2.0,7.0
757,5.0,2.0,3.0,3.0,25.0
758,6.0,5.0,3.0,5.0,23.0
759,1.0,1.0,1.0,1.0,1.0
760,4.0,2.0,3.0,3.0,20.0
761,1.0,1.0,1.0,1.0,1.0
762,6.0,1.0,3.0,3.0,8.0
763,4.0,1.0,3.0,2.0,15.0
764,2.0,1.0,2.0,2.0,8.0
765,5.0,3.0,3.0,5.0,31.0
766,5.0,2.0,3.0,5.0,31.0
767,4.0,2.0,3.0,2.0,7.0
768,4.0,2.0,3.0,3.0,8.0
769,5.0,1.0,3.0,5.0,13.0
770,5.0,3.0,3.0,5.0,18.0
771,5.0,2.0,3.0,3.0,13.0
772,5.0,1.0,3.0,5.0,17.0
773,4.0,2.0,2.0,2.0,9.0
774,5.0,2.0,3.0,5.0,15.0
775,5.0,1.0,3.0,5.0,14.0
776,5.0,1.0,3.0,4.0,26.0
777,5.0,2.0,3.0,3.0,12.0
778,1.0,1.0,2.0,2.0,13.0
779,4.0,1.0,2.0,2.0,8.0
780,5.0,2.0,2.0,2.0,34.0
781,5.0,2.0,2.0,5.0,27.0
782,4.0,1.0,3.0,5.0,16.0
783,4.0,2.0,2.0,2.0,7.0
784,1.0,1.0,2.0,2.0,7.0
785,3.0,2.0,3.0,3.0,10.0
786,5.0,2.0,3.0,5.0,14.0
787,3.0,2.0,3.0,3.0,8.0
788,4.0,1.0,2.0,3.0,15.0
789,3.0,1.0,2.0,2.0,8.0
790,4.0,2.0,3.0,3.0,20.0
791,4.0,2.0,3.0,3.0,11.0
792,4.0,1.0,3.0,3.0,9.0
793,6.0,7.0,3.0,5.0,24.0
794,5.0,4.0,3.0,5.0,25.0
795,4.0,2.0,3.0,3.0,78.0
796,1.0,1.0,2.0,2.0,83.0
797,1.0,1.0,2.0,2.0,28.0
798,1.0,1.0,2.0,2.0,7.0
799,4.0,1.0,3.0,3.0,27.0
800,2.0,2.0,2.0,2.0,2.0
801,8.0,1.0,2.0,4.0,13.0
802,7.0,1.0,2.0,5.0,25.0
803,4.0,4.0,3.0,3.0,7.0
804,4.0,2.0,3.0,3.0,22.0
805,5.0,8.0,3.0,5.0,18.0
806,5.0,1.0,3.0,5.0,37.0
807,5.0,2.0,3.0,5.0,15.0
808,3.0,2.0,2.0,3.0,9.0
809,5.0,2.0,3.0,4.0,21.0
810,4.0,2.0,3.0,3.0,12.0
811,5.0,7.0,2.0,2.0,15.0
812,8.0,6.0,3.0,9.0,41.0
813,4.0,2.0,3.0,7.0,19.0
814,4.0,8.0,3.0,3.0,16.0
815,4.0,1.0,3.0,2.0,8.0
816,1.0,1.0,2.0,2.0,5.0
817,7.0,9.0,3.0,5.0,17.0
818,4.0,1.0,3.0,2.0,12.0
819,1.0,1.0,2.0,1.0,1.0
820,4.0,3.0,3.0,3.0,8.0
821,4.0,1.0,3.0,2.0,8.0
822,5.0,3.0,3.0,3.0,30.0
823,2.0,1.0,2.0,1.0,7.0
824,4.0,1.0,2.0,3.0,12.0
825,5.0,4.0,3.0,5.0,28.0
826,3.0,2.0,2.0,2.0,7.0
827,5.0,2.0,2.0,2.0,10.0
828,5.0,2.0,3.0,3.0,16.0
829,4.0,2.0,3.0,2.0,8.0
830,6.0,1.0,3.0,2.0,16.0
831,1.0,1.0,2.0,2.0,7.0
832,2.0,1.0,2.0,2.0,7.0
833,4.0,1.0,3.0,2.0,10.0
834,2.0,2.0,2.0,2.0,6.0
835,2.0,2.0,2.0,2.0,5.0
836,4.0,1.0,3.0,5.0,13.0
837,4.0,3.0,3.0,3.0,8.0
838,4.0,2.0,3.0,3.0,19.0
839,3.0,1.0,2.0,1.0,8.0
840,4.0,2.0,3.0,3.0,11.0
841,3.0,3.0,3.0,3.0,7.0
842,4.0,1.0,2.0,2.0,12.0
843,1.0,1.0,2.0,1.0,2.0
844,5.0,1.0,3.0,5.0,25.0
845,5.0,2.0,3.0,5.0,15.0
846,5.0,2.0,3.0,5.0,13.0
847,3.0,2.0,3.0,3.0,7.0
848,3.0,1.0,3.0,3.0,30.0
849,4.0,2.0,3.0,3.0,8.0
850,4.0,2.0,3.0,3.0,79.0
851,4.0,2.0,3.0,2.0,7.0
852,5.0,2.0,3.0,3.0,9.0
853,5.0,9.0,3.0,5.0,12.0
854,1.0,1.0,2.0,2.0,8.0
855,1.0,1.0,2.0,2.0,8.0
856,8.0,6.0,3.0,9.0,105.0
857,4.0,2.0,3.0,3.0,12.0
858,4.0,2.0,2.0,2.0,7.0
859,4.0,1.0,2.0,2.0,37.0
860,2.0,2.0,3.0,2.0,8.0
861,1.0,1.0,3.0,2.0,7.0
862,4.0,1.0,3.0,2.0,19.0
863,4.0,1.0,3.0,4.0,21.0
864,4.0,5.0,2.0,4.0,81.0
865,4.0,1.0,3.0,3.0,10.0
866,5.0,1.0,3.0,2.0,8.0
867,10.0,10.0,3.0,5.0,47.0
868,4.0,2.0,3.0,4.0,60.0
869,4.0,1.0,3.0,4.0,13.0
870,2.0,1.0,2.0,2.0,8.0
871,1.0,1.0,2.0,1.0,5.0
872,4.0,1.0,2.0,2.0,16.0
873,5.0,2.0,3.0,5.0,95.0
874,5.0,1.0,3.0,4.0,8.0
875,3.0,1.0,2.0,2.0,9.0
876,3.0,2.0,3.0,3.0,21.0
877,4.0,6.0,3.0,3.0,13.0
878,3.0,2.0,2.0,2.0,6.0
879,5.0,7.0,3.0,5.0,28.0
880,5.0,1.0,3.0,3.0,9.0
881,2.0,1.0,2.0,1.0,6.0
882,4.0,1.0,3.0,4.0,90.0
883,1.0,1.0,2.0,1.0,7.0
884,3.0,1.0,3.0,2.0,8.0
885,4.0,2.0,3.0,2.0,12.0
886,3.0,2.0,3.0,2.0,9.0
887,3.0,1.0,3.0,2.0,7.0
888,5.0,2.0,3.0,3.0,19.0
889,5.0,8.0,3.0,5.0,25.0
890,3.0,1.0,2.0,2.0,10.0
891,4.0,1.0,3.0,3.0,14.0
892,4.0,2.0,3.0,3.0,18.0
893,4.0,2.0,3.0,3.0,17.0
894,5.0,9.0,3.0,5.0,26.0
895,5.0,3.0,3.0,5.0,27.0
896,4.0,3.0,3.0,3.0,11.0
897,4.0,2.0,2.0,3.0,20.0
898,4.0,1.0,2.0,4.0,15.0
899,2.0,2.0,3.0,2.0,7.0
900,4.0,3.0,3.0,3.0,8.0
901,5.0,3.0,3.0,5.0,15.0
902,4.0,2.0,3.0,3.0,8.0
903,3.0,2.0,3.0,3.0,6.0
904,1.0,1.0,2.0,2.0,8.0
905,5.0,2.0,3.0,3.0,13.0
906,5.0,2.0,3.0,3.0,32.0
907,4.0,2.0,3.0,3.0,11.0
908,8.0,1.0,3.0,5.0,93.0
909,1.0,1.0,2.0,2.0,8.0
910,5.0,1.0,3.0,4.0,89.0
911,2.0,1.0,2.0,2.0,8.0
912,5.0,76.0,3.0,5.0,32.0
913,4.0,2.0,3.0,3.0,15.0
914,2.0,2.0,2.0,2.0,8.0
915,5.0,2.0,2.0,3.0,21.0
916,10.0,12.0,3.0,6.0,29.0
917,6.0,1.0,3.0,5.0,34.0
918,4.0,2.0,3.0,3.0,13.0
919,3.0,2.0,3.0,2.0,7.0
920,2.0,1.0,2.0,1.0,10.0
921,5.0,2.0,3.0,5.0,27.0
922,1.0,1.0,2.0,1.0,4.0
923,5.0,4.0,3.0,5.0,64.0
924,2.0,1.0,2.0,2.0,9.0
925,2.0,2.0,3.0,3.0,5.0
926,2.0,1.0,3.0,3.0,7.0
927,5.0,1.0,3.0,3.0,11.0
928,4.0,2.0,2.0,2.0,7.0
929,4.0,2.0,3.0,3.0,15.0
930,5.0,4.0,3.0,5.0,33.0
931,4.0,1.0,3.0,3.0,14.0
932,4.0,4.0,3.0,5.0,26.0
933,3.0,1.0,2.0,1.0,30.0
934,3.0,2.0,2.0,2.0,7.0
935,4.0,1.0,3.0,3.0,8.0
936,6.0,2.0,2.0,4.0,23.0
937,5.0,1.0,2.0,2.0,15.0
938,1.0,1.0,2.0,1.0,2.0
939,4.0,1.0,3.0,2.0,7.0
940,5.0,9.0,3.0,5.0,28.0
941,4.0,1.0,3.0,3.0,8.0
942,5.0,2.0,3.0,2.0,10.0
943,5.0,2.0,3.0,3.0,16.0
944,4.0,1.0,3.0,2.0,8.0
945,4.0,2.0,2.0,2.0,16.0
946,5.0,8.0,3.0,5.0,88.0
947,5.0,1.0,2.0,4.0,11.0
948,4.0,2.0,3.0,3.0,13.0
949,3.0,1.0,3.0,2.0,8.0
950,4.0,3.0,3.0,3.0,7.0
951,1.0,1.0,1.0,1.0,1.0
952,5.0,4.0,3.0,4.0,34.0
953,7.0,5.0,3.0,6.0,39.0
954,2.0,2.0,2.0,2.0,6.0
955,8.0,5.0,3.0,4.0,30.0
956,2.0,1.0,2.0,2.0,8.0
957,4.0,1.0,3.0,2.0,17.0
958,2.0,2.0,3.0,2.0,5.0
959,5.0,8.0,2.0,5.0,14.0
960,6.0,1.0,2.0,5.0,37.0
961,4.0,2.0,2.0,3.0,15.0
962,3.0,1.0,2.0,2.0,8.0
963,2.0,1.0,2.0,1.0,3.0
964,4.0,2.0,3.0,3.0,8.0
965,4.0,2.0,3.0,4.0,14.0
966,3.0,2.0,3.0,2.0,12.0
967,5.0,2.0,3.0,5.0,33.0
968,5.0,1.0,3.0,5.0,84.0
969,3.0,1.0,2.0,2.0,11.0
970,4.0,1.0,2.0,2.0,10.0
971,4.0,2.0,3.0,3.0,7.0
972,4.0,2.0,3.0,3.0,8.0
973,8.0,10.0,3.0,5.0,75.0
974,5.0,2.0,3.0,5.0,7.0
975,4.0,1.0,3.0,2.0,10.0
976,4.0,2.0,2.0,2.0,10.0
977,5.0,2.0,2.0,3.0,13.0
978,3.0,2.0,3.0,3.0,8.0
979,4.0,2.0,3.0,3.0,8.0
980,4.0,2.0,3.0,3.0,87.0
981,2.0,1.0,2.0,1.0,4.0
982,5.0,2.0,3.0,3.0,12.0
983,3.0,2.0,2.0,2.0,5.0
984,4.0,1.0,3.0,5.0,16.0
985,5.0,1.0,2.0,5.0,75.0
986,4.0,2.0,3.0,3.0,19.0
987,6.0,2.0,2.0,5.0,16.0
988,2.0,2.0,2.0,2.0,3.0
989,4.0,1.0,3.0,3.0,14.0
990,4.0,2.0,3.0,3.0,8.0
991,4.0,2.0,2.0,2.0,5.0
992,1.0,1.0,2.0,1.0,4.0
993,3.0,1.0,2.0,2.0,8.0
994,5.0,1.0,3.0,5.0,14.0
995,5.0,8.0,3.0,3.0,13.0
996,3.0,1.0,2.0,2.0,8.0
997,5.0,3.0,3.0,3.0,28.0
998,2.0,2.0,2.0,2.0,5.0
999,4.0,11.0,3.0,5.0,21.0
1000,4.0,2.0,3.0,3.0,14.0
1001,3.0,2.0,3.0,3.0,8.0
1002,3.0,1.0,2.0,2.0,7.0
1003,5.0,1.0,2.0,2.0,8.0
1004,3.0,1.0,2.0,2.0,30.0
1005,4.0,1.0,2.0,2.0,8.0
1006,5.0,1.0,3.0,5.0,14.0
1007,2.0,1.0,2.0,2.0,8.0
1008,4.0,1.0,3.0,2.0,9.0
1009,5.0,2.0,3.0,5.0,27.0
1010,3.0,1.0,2.0,3.0,36.0
1011,5.0,2.0,3.0,3.0,12.0
1012,5.0,2.0,3.0,2.0,8.0
1013,1.0,1.0,2.0,1.0,2.0
1014,4.0,2.0,3.0,3.0,9.0
1015,1.0,1.0,2.0,2.0,7.0
1016,5.0,1.0,3.0,5.0,22.0
1017,4.0,2.0,2.0,2.0,17.0
1018,7.0,2.0,3.0,5.0,70.0
1019,4.0,8.0,3.0,3.0,12.0
1020,2.0,2.0,2.0,2.0,4.0
1021,1.0,1.0,2.0,2.0,8.0
1022,7.0,4.0,3.0,5.0,38.0
1023,4.0,2.0,3.0,2.0,6.0
