,none,gain,threshold,time constant,max rate
0,0.9813349843025208,0.7682873010635376,0.8745280504226685,1.0,0.9807680249214172
1,0.9988049864768982,0.999645471572876,0.9994570016860962,0.8175585269927979,0.9988020062446594
2,0.9990713000297546,0.9540719985961914,1.0,0.9992430210113525,0.9990876913070679
3,0.9993656873703003,0.8589882850646973,0.9853672981262207,0.9995600581169128,0.9993866682052612
4,0.994415283203125,0.572737991809845,0.9977489709854126,0.9993237257003784,0.9943713545799255
5,0.99406498670578,1.0,0.9998530149459839,0.9978730082511902,0.9931569695472717
6,0.7483240365982056,0.8887604475021362,0.8796170949935913,0.8780230283737183,0.7449834942817688
7,0.0,0.7695615291595459,0.0915760025382042,0.0,0.0
8,0.94565349817276,0.798137366771698,0.9528470039367676,0.9213783144950867,0.9456949830055237
9,0.0,0.0,0.9744009971618652,0.0,0.0
10,0.9810165166854858,0.9238594770431519,0.9996474981307983,0.9495115280151367,0.9809830188751221
11,0.9904022216796875,0.9989007711410522,0.9991854429244995,0.9735968708992004,0.9903956055641174
12,0.9315462112426758,0.9400767087936401,0.9997033476829529,0.9516332745552063,0.9314994215965271
13,0.954535961151123,0.9984779953956604,0.9988250136375427,0.9959516525268555,0.9560739994049072
14,0.0,0.8800865411758423,0.0,0.0,0.0
15,0.8325170278549194,0.7506265044212341,0.7807270288467407,0.9213644862174988,0.832582950592041
16,0.9985723495483398,0.999081015586853,0.999956488609314,0.9984733462333679,0.9985784292221069
17,0.8769880533218384,0.8402525186538696,0.6222884654998779,0.9391000270843506,0.8765230178833008
18,0.9478340148925781,0.9994274973869324,0.9542019963264465,0.9239825010299683,0.948167085647583
19,0.9997622966766357,0.9999063014984131,0.9998016357421875,0.9729745984077454,0.9997627139091492
20,0.9931229948997498,0.9996005296707153,0.9974265098571777,0.9991400241851807,0.99327552318573
21,1.0,1.0,0.9209342002868652,0.9990734457969666,1.0
22,0.9997990131378174,0.9987130165100098,0.9917290210723877,0.0,0.9996506571769714
23,0.0,0.9565280675888062,0.0,0.0,0.0
24,0.9993770122528076,0.9998729825019836,0.999229371547699,0.9986599683761597,0.9994379878044128
25,0.8714272975921631,0.8288707733154297,0.8966319561004639,0.8854212164878845,0.8707987070083618
26,0.0,0.9991483092308044,0.0,0.0,0.0
27,0.9640814065933228,0.9133952260017395,0.9893280267715454,0.9502443671226501,0.963844895362854
28,0.0,0.0,0.9975104928016663,0.0,0.0
29,0.749954104423523,0.9255005121231079,0.868196964263916,0.784320056438446,0.7111604809761047
30,0.9992250204086304,0.9996764659881592,0.9998890161514282,0.9495062828063965,0.9989824891090393
31,0.9989776611328125,0.9999314546585083,0.9997133612632751,0.9993967413902283,0.9989287257194519
32,0.7933838367462158,0.7838596105575562,0.8453674912452698,0.8601679801940918,0.7938534617424011
33,0.8499265313148499,0.998846709728241,0.9994416236877441,0.8988787531852722,0.8517512083053589
34,0.0,0.0,0.8812587261199951,0.0,0.0
35,0.6258730292320251,1.0,0.0,0.6790423393249512,0.6259733438491821
36,0.0,0.9994139671325684,0.0,0.0,0.0
37,0.6080759763717651,0.555292010307312,0.9994527101516724,0.825764000415802,0.6067600250244141
38,0.9350217580795288,0.9172880053520203,0.9345588684082031,0.9421538710594177,0.9345988631248474
39,0.9023005366325378,0.9246232509613037,0.9987513422966003,0.9204155206680298,0.902800977230072
40,0.8597186803817749,0.9994324445724487,0.99959397315979,0.8630859851837158,0.8592960238456726
41,0.0,0.0,0.9996035099029541,0.0,0.0
42,0.9179924726486206,0.9604207277297974,0.6316480040550232,0.9507924914360046,0.919018030166626
43,0.6633989810943604,0.8827202320098877,0.9379116892814636,0.9913759827613831,0.6631073355674744
44,0.9995099902153015,1.0,0.9991264939308167,0.9986474514007568,0.9994930028915405
45,0.0,0.0,0.769760012626648,0.0,0.0
46,0.0,0.9995844960212708,0.0,0.0,0.0
47,0.0,0.0,0.0,0.0,0.0
48,0.9991434812545776,0.9967822432518005,0.999334990978241,0.9969934821128845,0.999149739742279
49,0.0,0.9998389482498169,0.0,0.0,0.0
50,0.9157982468605042,0.999675989151001,0.907416045665741,0.810835063457489,0.9152777791023254
51,0.9092482328414917,0.9994440078735352,0.9998769760131836,0.974047839641571,0.9094684720039368
52,0.9997445344924927,0.8456403613090515,0.9994726181030273,0.999983012676239,0.9997434616088867
53,0.9993897676467896,0.9972925186157227,0.9994127750396729,0.9680349826812744,0.9994052648544312
54,0.9881147742271423,0.989569365978241,0.9997002482414246,0.9867898225784302,0.9878115653991699
55,0.997340977191925,0.9986559748649597,0.998537003993988,0.8777750134468079,0.9974830150604248
56,0.9964444041252136,0.9291590452194214,0.9989213347434998,0.9793853759765625,0.9968177080154419
57,0.9999510049819946,0.9181809425354004,0.9921200275421143,0.9990954995155334,0.9999859929084778
58,0.9985660314559937,0.9997140169143677,0.9999669790267944,0.9995415210723877,0.9986389875411987
59,0.9994194507598877,0.9996919631958008,0.9988374710083008,0.9493249654769897,0.9994164705276489
60,0.9990144968032837,0.9984185099601746,0.9990749955177307,0.9994210004806519,0.9989024996757507
61,0.8270285129547119,0.8222123980522156,0.8203997611999512,0.9365772604942322,0.8271690011024475
62,0.7899219989776611,0.9445377588272095,0.9819869995117188,0.9989213347434998,0.786641538143158
63,0.0,0.8329144716262817,0.4755820035934448,0.0,0.0
64,0.9999184608459473,0.9354183077812195,0.8400113582611084,0.9990605115890503,1.0
65,0.6657810211181641,0.9993630051612854,0.8451759815216064,0.8785936832427979,0.6656960248947144
66,0.9994443655014038,0.9998006820678711,0.9314862489700317,0.9994913935661316,0.9996249675750732
67,0.9144629836082458,0.8802435398101807,0.9507226943969727,0.9333832263946533,0.9135304689407349
68,0.9986203908920288,0.9982880353927612,0.9999799728393555,0.9996246695518494,0.9987422823905945
69,0.999192476272583,1.0,0.9998334646224976,0.9995434880256653,0.9990350008010864
70,0.9995472431182861,0.9676666259765625,0.9984326362609863,0.9857914447784424,0.9995154738426208
71,0.9255654811859131,0.8845109939575195,0.9000170230865479,1.0,0.9251095056533813
72,0.0,0.9998639822006226,0.0,0.0,0.0
73,0.0,0.9890180230140686,0.9471759796142578,0.0,0.0
74,0.8604493141174316,0.9989190101623535,0.936020016670227,0.9870600700378418,0.860235333442688
75,0.9996169805526733,0.9996005296707153,0.9482834339141846,0.9999113082885742,0.9996360540390015
76,0.9063703417778015,0.9999175071716309,0.8091512322425842,0.9250547289848328,0.9058240652084351
77,0.9945639967918396,0.999131977558136,0.9991170167922974,0.9806270003318787,0.9940609931945801
78,0.9984857439994812,0.9983453750610352,0.989529013633728,0.9998556971549988,0.9983314275741577
79,0.9997950196266174,0.9990130066871643,0.9990090131759644,0.9988750219345093,0.9998199939727783
80,0.9998072385787964,0.999940037727356,0.9989748001098633,0.9989796876907349,0.9997634887695312
81,0.997747540473938,0.9996625185012817,0.9992974996566772,0.9832470417022705,0.9977539777755737
82,0.9895470142364502,0.9998455047607422,0.9941010475158691,0.8042926788330078,0.9897036552429199
83,0.0,0.0,0.0,0.0,0.0
84,0.9094653129577637,0.9996650218963623,0.8220776915550232,0.9669890403747559,0.9095613360404968
85,0.9970885515213013,0.9997469782829285,0.9994990229606628,0.9995465278625488,0.997185468673706
86,0.9993074536323547,0.9999246597290039,0.999787449836731,0.9999987483024597,0.9993305206298828
87,0.0,0.5685557723045349,0.0,0.07071200013160706,0.0
88,0.7321064472198486,0.7143252491950989,0.9632760286331177,0.7441352605819702,0.731711745262146
89,0.9987229704856873,0.9998649954795837,0.9511619806289673,0.9993820190429688,0.9986900091171265
90,0.9275369644165039,0.9988619685173035,0.9046210050582886,0.9090472459793091,0.9273480176925659
91,0.8719400763511658,0.9953930377960205,0.9972190260887146,0.9995499849319458,0.8698408007621765
92,0.9990584850311279,0.9985334873199463,0.9997224807739258,0.9999744892120361,0.9990580081939697
93,0.9999915361404419,1.0,0.9985793828964233,0.9986990094184875,0.9999669790267944
94,0.8191878199577332,0.827192485332489,0.9996354579925537,0.9962058067321777,0.8193198442459106
95,0.9989014863967896,1.0,0.9997589588165283,0.9670284986495972,0.9988685250282288
96,0.8548251390457153,0.7802351713180542,0.797741174697876,0.9151362180709839,0.856223464012146
97,0.0,0.998960018157959,0.0,0.0,0.0
98,0.0,0.9994800090789795,0.0,0.0,0.0
99,0.05873899906873703,0.0,1.0,0.0,0.0
100,0.9970219731330872,1.0,0.7733776569366455,0.9988840222358704,0.9970530271530151
101,0.8942124247550964,0.999611496925354,0.9995045065879822,0.8959000110626221,0.8924373388290405
102,0.9998035430908203,0.9988816976547241,1.0,0.9995360374450684,0.9997454881668091
103,0.9997425079345703,0.984508752822876,0.9995436668395996,0.9735762476921082,0.9998559951782227
104,0.9993389844894409,0.9988130331039429,0.8763683438301086,0.9742299914360046,0.9993715286254883
105,0.0,0.0,0.0,0.0,0.0
106,0.9967380166053772,0.9988279938697815,0.9987640380859375,0.9826585054397583,0.9968289732933044
107,0.9999819993972778,1.0,0.999901294708252,1.0,0.9999949932098389
108,0.806190013885498,0.7396144866943359,0.5305950045585632,0.8167234659194946,0.8057039976119995
109,0.0,0.0,0.7655224800109863,0.0,0.0
110,0.0,0.0,0.0,0.0,0.0
111,0.8629494905471802,0.9341093301773071,0.8490347266197205,0.9236043691635132,0.8629967570304871
112,0.8528693914413452,0.7477604150772095,0.9221783876419067,0.9057110548019409,0.8529596328735352
113,0.0,0.9995229840278625,0.10004299879074097,0.0,0.0
114,0.6253227591514587,0.9987469911575317,0.21250474452972412,0.9965547323226929,0.5750247836112976
115,0.0,0.9986569881439209,0.0,0.0,0.0
116,0.8500752449035645,0.9986574649810791,0.9990879893302917,0.9904016256332397,0.8569401502609253
117,0.9995574951171875,0.9928439855575562,0.999559760093689,1.0,0.9993684887886047
118,0.0,0.9996845126152039,0.0,0.0,0.0
119,0.7951006889343262,0.9997680187225342,0.9039970636367798,0.9354556798934937,0.7950906753540039
120,0.0,0.0,0.0,0.0,0.0
121,0.0,0.9993036985397339,0.0,0.0,0.0
122,0.6271631717681885,0.8390330076217651,0.6931112408638,0.7258476614952087,0.6278060674667358
123,0.9004369974136353,0.8765637874603271,0.9076870083808899,0.999362587928772,0.900417149066925
124,0.9995439648628235,0.9993100166320801,0.9998182654380798,0.9973084926605225,0.9995522499084473
125,0.0,0.8612606525421143,0.9203883409500122,0.0,0.0
126,0.0,0.0,0.0,0.0,0.0
127,0.9989246726036072,0.9998800158500671,0.9997520446777344,0.999330997467041,0.9988953471183777
128,0.0,0.9338943362236023,0.8724310398101807,0.0,0.0
129,0.0,0.9994710087776184,0.0,0.0,0.0
130,0.33998599648475647,0.7633365392684937,0.0,0.47528499364852905,0.3399850130081177
131,0.9084852337837219,0.9989980459213257,0.9996790289878845,0.6229547262191772,0.9092216491699219
132,0.42934298515319824,0.9990530014038086,0.4961340129375458,0.998374342918396,0.4348680078983307
133,0.0,0.9993674755096436,0.0,0.0,0.0
134,0.9224823713302612,0.9998660087585449,0.8872557282447815,0.8358929753303528,0.9226880073547363
135,0.0,0.8395929932594299,0.0,0.0,0.0
136,0.9994480013847351,0.9981294870376587,0.9999145269393921,0.9992624521255493,0.9994584918022156
137,1.0,1.0,0.946430504322052,0.9993565082550049,1.0
138,0.8967447280883789,0.9995856285095215,0.8383132815361023,0.9999680519104004,0.8954499959945679
139,0.9319955110549927,0.9940370917320251,0.8933436870574951,0.9979132413864136,0.927119255065918
140,0.0,0.9978870153427124,0.0,0.0,0.0
141,0.9995700120925903,0.999003529548645,0.9974479675292969,0.9986065030097961,0.9996129870414734
142,0.6714650392532349,0.9502469897270203,0.7346855401992798,0.8614795207977295,0.6726185083389282
143,0.8843996524810791,0.9229216575622559,0.7792930006980896,0.901310384273529,0.8834010362625122
144,0.7780353426933289,0.9875106811523438,0.4781835079193115,0.7387433052062988,0.778598964214325
145,0.6660776734352112,0.9965245127677917,0.9973620176315308,0.665611982345581,0.6660794019699097
146,0.9992640018463135,0.9990890026092529,0.9994499683380127,0.9992284774780273,0.9994980096817017
147,0.786715030670166,0.8230525851249695,0.8653422594070435,0.8385874032974243,0.7878878712654114
148,0.8195759057998657,0.999036967754364,0.9994826316833496,0.9001472592353821,0.8196268081665039
149,0.9995080232620239,0.9999585151672363,0.0,0.998583972454071,0.9995650053024292
150,0.0,0.0,0.9990360140800476,0.0,0.0
151,0.9613184928894043,0.7246620059013367,0.9983763694763184,0.9988598823547363,0.9626607298851013
152,0.9997439980506897,0.9997314214706421,0.9994584918022156,0.998865008354187,0.9996980428695679
153,0.0,1.0,0.8494189977645874,0.0,0.0
154,0.8915485143661499,0.9155227541923523,0.7870005369186401,0.9272066950798035,0.8911560773849487
155,0.0,0.16575899720191956,0.0,0.0,0.0
156,0.995122492313385,0.9929765462875366,0.9987084865570068,0.9987830519676208,0.9951859712600708
157,0.8987095355987549,0.9990720152854919,0.9991739988327026,0.995760977268219,0.8931922316551208
158,0.0,0.9995750188827515,0.0,0.0,0.0
159,1.0,0.9426867365837097,0.9996479749679565,1.0,1.0
160,0.0,0.9457656741142273,0.3359163701534271,0.9993281364440918,0.0
161,0.0,0.8327150344848633,0.0,0.0,0.0
162,0.9990695118904114,0.9985724687576294,0.9993264675140381,1.0,0.9990525245666504
163,0.8669639825820923,0.9391180276870728,0.9450206756591797,0.9007455110549927,0.8668467998504639
164,0.96989905834198,0.8814403414726257,0.9936004877090454,0.9994879961013794,0.9698647260665894
165,0.8419706225395203,0.8867200016975403,0.9996156692504883,1.0,0.8417946696281433
166,0.0,0.0,0.0,0.9994516372680664,0.0
167,0.9982500076293945,0.9998095035552979,0.999722957611084,1.0,0.9982390403747559
168,0.7676985263824463,0.9998174905776978,0.7765053510665894,0.9209536910057068,0.7663187384605408
169,0.771091639995575,0.9983367919921875,0.725231945514679,0.7344821691513062,0.7652139663696289
170,0.9995763301849365,0.9996570348739624,0.9989956617355347,0.9990200400352478,0.9996039867401123
171,0.0,0.9991999864578247,0.34012800455093384,0.0,0.0
172,0.9910283088684082,0.9993789792060852,0.9989504814147949,0.9614843726158142,0.9951326847076416
173,0.9060850143432617,0.9916992783546448,0.9570077657699585,0.998807430267334,0.9055077433586121
174,0.9988905191421509,0.998528242111206,0.9995983839035034,0.9480625987052917,0.9987119436264038
175,1.0,0.8958053588867188,0.0,0.9996479749679565,1.0
176,0.9995120763778687,0.9995154142379761,0.9993113875389099,0.9987496733665466,0.9994813799858093
177,0.9994396567344666,0.9999749660491943,0.9997296333312988,0.8974178433418274,0.9994980096817017
178,0.0,0.9975169897079468,0.0,0.0,0.0
179,0.9992049932479858,0.9547193050384521,0.9999420046806335,0.9995484948158264,0.9994382858276367
180,0.9781522750854492,0.9970405101776123,0.9996033906936646,0.943435788154602,0.977948009967804
181,0.996300995349884,0.9991120100021362,0.9997050166130066,0.9996860027313232,0.9964979887008667
182,0.0,0.9993815422058105,0.6902874708175659,0.0,0.0
183,0.0,0.9997450113296509,0.8025853037834167,0.0,0.0
184,0.9996960163116455,0.9991183280944824,0.9988020658493042,0.9998995065689087,0.999671459197998
185,0.0,0.8092380166053772,0.7920094728469849,0.0,0.0
186,0.9278143644332886,0.9200867414474487,0.9744540452957153,0.9876049757003784,0.9276056289672852
187,0.9223705530166626,0.8148000240325928,0.9995015263557434,0.9639138579368591,0.9224290251731873
188,0.9992983341217041,0.9960689544677734,0.999922513961792,0.9510483741760254,0.9992873668670654
189,0.05365940183401108,0.9991270303726196,0.29106542468070984,0.017964400351047516,0.05018095299601555
190,0.0,0.0,0.999814510345459,0.0,0.0
191,0.0,0.0,0.9995543360710144,0.13604134321212769,0.057274334132671356
192,0.9992790222167969,0.8404563665390015,0.9994180202484131,0.9997564554214478,0.9993339776992798
193,0.9999780058860779,0.87252277135849,0.9996880292892456,0.9994306564331055,1.0
194,0.0,0.0,0.7777490019798279,0.0,0.0
195,0.9985706806182861,0.9995863437652588,0.975060760974884,0.998720645904541,0.9985420107841492
196,0.9995874762535095,0.9987764954566956,0.9996659755706787,0.9993369579315186,0.9994360208511353
197,0.0,0.895222008228302,0.0,0.0,0.0
198,0.8171194791793823,0.0,0.9993433952331543,0.7601520419120789,0.79595547914505
199,0.9998329877853394,0.9995970129966736,0.9949159622192383,0.9993939995765686,0.999858021736145
200,0.0,0.9988719820976257,0.0,0.0,0.0
201,0.9983810186386108,0.9962796568870544,1.0,0.9956049919128418,0.998753011226654
202,0.0,0.0,0.0,0.0,0.0
203,0.9993586540222168,0.9998865127563477,0.865270733833313,0.9803646802902222,0.9993569850921631
204,0.0,0.0,0.0,0.0,0.0
205,0.718447208404541,0.5959477424621582,0.8422514200210571,0.8064548373222351,0.7187398076057434
206,0.9978020191192627,0.9995189905166626,0.9047085046768188,0.9990770220756531,0.997871994972229
207,0.9998582601547241,0.9996969699859619,0.9987787008285522,0.9998392462730408,0.999857485294342
208,0.0,0.0,0.17875400185585022,0.0,0.0
209,0.9356889724731445,0.9945604801177979,0.9693166017532349,0.9939236640930176,0.9326793551445007
210,0.8246004581451416,0.9991074800491333,0.0,0.8636369705200195,0.8243675231933594
211,0.9984729886054993,0.9991170167922974,0.9945384860038757,0.9987260103225708,0.998179018497467
212,0.9988535046577454,1.0,0.880022406578064,0.9989784955978394,0.9985815286636353
213,0.0,0.9993500113487244,0.0,0.0,0.0
214,0.8773881793022156,0.9886142015457153,0.9994234442710876,0.712691605091095,0.8794140815734863
215,0.9955010414123535,0.9960776567459106,0.89459228515625,0.9548273086547852,0.9953770637512207
216,0.9996720552444458,0.9989454746246338,0.9997026920318604,0.9997276663780212,0.9996263384819031
217,0.977387547492981,0.9998073577880859,0.9376195073127747,0.9549880027770996,0.9771865010261536
218,0.9162809252738953,0.9994564056396484,0.920285701751709,0.992709755897522,0.8922238349914551
219,0.9998242855072021,0.9984099864959717,0.999163031578064,0.9998760223388672,0.9997693300247192
220,0.0,0.998960018157959,0.0,0.0,0.0
221,0.7065844535827637,0.8413776755332947,0.9989989995956421,0.8826354742050171,0.7062004804611206
222,0.0,0.0,0.9997900128364563,0.0,0.0
223,0.0,0.802839994430542,0.0,0.0,0.0
224,0.9994189739227295,0.9657624959945679,0.9883906841278076,0.9996050000190735,0.9994100332260132
225,0.9998134970664978,0.9996299743652344,0.9798833727836609,0.99962317943573,0.9998392462730408
226,0.9997130632400513,0.9534477591514587,0.841401994228363,0.9993300437927246,0.9996620416641235
227,0.9995290040969849,0.9992154836654663,0.9993895292282104,0.9998270273208618,0.9995419979095459
228,0.9998664855957031,0.9998284578323364,0.9997940063476562,0.9992259740829468,0.9998890161514282
229,0.9997115135192871,0.9353422522544861,0.9993895292282104,0.9986249804496765,0.9997295141220093
230,0.8281850218772888,0.9972444772720337,0.9904009699821472,0.9541670083999634,0.8079000115394592
231,0.999970018863678,0.9999759793281555,0.7834830284118652,0.8921669721603394,0.9999610185623169
232,0.9994553327560425,0.999642014503479,0.9971824884414673,0.999217689037323,0.9993436336517334
233,0.9996147155761719,0.9660026431083679,0.761093020439148,0.9446172118186951,0.999602735042572
234,0.9077445268630981,0.9995325207710266,0.6119800209999084,1.0,0.9077115058898926
235,0.9909433722496033,0.9904079437255859,1.0,0.9915086627006531,0.9908326864242554
236,0.37697550654411316,0.9990620017051697,0.9951285123825073,0.05641622841358185,0.3173266649246216
237,1.0,0.9996860027313232,0.9995194673538208,0.9995819926261902,1.0
238,0.9998810291290283,0.9991960525512695,0.9997069835662842,0.9989734888076782,0.9998655319213867
239,0.934374988079071,0.9990527629852295,0.9567790031433105,0.9317413568496704,0.9352318048477173
240,0.9997226595878601,0.9680657386779785,0.8686984777450562,0.9993786811828613,0.9997496604919434
241,0.749460756778717,0.6661866903305054,0.9997915029525757,0.9990293383598328,0.7494239807128906
242,0.666329026222229,0.9098360538482666,0.995805025100708,0.9999140501022339,0.9991710186004639
243,0.9816045761108398,0.8829042315483093,0.8887465000152588,0.9994484186172485,0.9807310104370117
244,0.0,0.10575749725103378,0.9408360123634338,0.0,0.0
245,0.797886848449707,0.9389604330062866,0.9996959567070007,0.9753167033195496,0.7967101335525513
246,0.9353205561637878,0.9606043696403503,0.9429609775543213,0.9121276140213013,0.9354494214057922
247,0.9372291564941406,0.7917947769165039,0.8046387434005737,0.9559944868087769,0.9371402263641357
248,0.9987046718597412,0.999342679977417,0.9991633296012878,0.9809540510177612,0.9987420439720154
249,0.9963785409927368,1.0,0.9965415000915527,0.9977970123291016,0.9961979985237122
250,0.9994004964828491,0.0,0.9714163541793823,0.9994574785232544,0.9994645118713379
251,1.0,0.998416006565094,0.9654824733734131,0.9984350204467773,1.0
252,0.9758244752883911,0.999037504196167,0.6025490164756775,0.9769605398178101,0.9915264844894409
253,0.0,0.997518002986908,0.0,0.0,0.0
254,0.6516724824905396,0.999576985836029,0.9995290637016296,0.9159175157546997,0.6594380140304565
255,0.0,0.0,0.0,0.0,0.0
256,0.9996135234832764,0.9983329772949219,0.9994353652000427,0.9994462132453918,0.9996539950370789
257,0.9983572959899902,0.9996700286865234,0.9990900754928589,0.9997432827949524,0.9983490109443665
258,0.9995800256729126,1.0,0.9990659952163696,0.9995620250701904,0.9997950196266174
259,0.9977014660835266,0.9978660941123962,0.9997152090072632,0.9737841486930847,0.9976499676704407
260,0.0,0.9987725019454956,0.0,0.0,0.0
261,0.9967851638793945,0.9990257620811462,0.9997753500938416,0.8971564769744873,0.9968150854110718
262,0.9924013614654541,0.9957770109176636,0.9522089958190918,0.9609397649765015,0.9930597543716431
263,0.9731925129890442,0.9994720220565796,0.9515069723129272,0.9989179968833923,0.9732969999313354
264,0.0,0.9986559748649597,0.0,0.0,0.0
265,0.8178960084915161,0.8545010089874268,0.7680034637451172,0.9023979902267456,0.817346453666687
266,0.9997760057449341,1.0,0.0,0.9987810254096985,0.999770998954773
267,0.3883785009384155,0.902114987373352,0.8900794386863708,0.7711261510848999,0.3763429820537567
268,0.0,0.9993789792060852,0.0,0.0,0.0
269,0.998937726020813,0.9991143941879272,0.9999939799308777,0.9093459844589233,0.9989539980888367
270,0.9997060298919678,0.8336033821105957,0.9991370439529419,0.9210430383682251,0.9993075132369995
271,0.0,0.9698820114135742,0.0,0.0,0.0
272,0.9992200136184692,0.9992173910140991,0.9998725056648254,0.9345293045043945,0.8856816291809082
273,0.9996270537376404,0.7899150252342224,0.9990969896316528,0.9995766878128052,0.999609649181366
274,0.5405707359313965,0.9981659650802612,0.7889114618301392,0.7484642267227173,0.5306287407875061
275,0.0,0.9830577373504639,0.0,0.0,0.0
276,0.6480247974395752,0.8617722392082214,0.49989575147628784,0.6601624488830566,0.6492444276809692
277,0.0,0.0,0.0,0.0,0.0
278,0.0,0.0,0.0,0.0,0.0
279,0.9768167734146118,0.8713366389274597,0.9990349411964417,0.9994574785232544,0.9771422147750854
280,0.0,0.0,0.9980944991111755,0.0,0.0
281,0.0,0.4481169879436493,0.0,0.0,0.0
282,0.999871015548706,0.970441997051239,0.9989705085754395,0.9995044469833374,0.9998409748077393
283,0.9053342342376709,0.6941404938697815,0.9999985098838806,0.9699642062187195,0.904233992099762
284,0.0,0.0,0.8023844957351685,0.0,0.0
285,0.9998109936714172,0.8937117457389832,0.9999020099639893,1.0,0.9998229742050171
286,0.08575599640607834,0.9997069835662842,0.9975619912147522,0.9996955394744873,0.08591800183057785
287,0.8809283971786499,0.9982099533081055,0.9022020101547241,0.967768669128418,0.8866333365440369
288,0.9153913259506226,0.9997605085372925,0.9988669753074646,0.9991873502731323,0.942221999168396
289,0.0,0.7895125150680542,0.0,0.0,0.0
290,0.7970062494277954,0.9986133575439453,0.9989327192306519,0.9994370341300964,0.7982009649276733
291,0.9288350343704224,0.8725357055664062,0.9853249788284302,0.9023706912994385,0.9383906722068787
292,0.8996992111206055,0.9481458067893982,0.9980555176734924,0.9142343401908875,0.9001620411872864
293,0.10976500064134598,0.8357024788856506,0.0,0.4625140130519867,0.0
294,0.0,0.0,0.0,0.0,0.0
295,0.9973742961883545,0.9998189806938171,0.9991495013237,0.9982807040214539,0.9969630241394043
296,0.9993893504142761,0.99856036901474,0.9999043345451355,0.9991953372955322,0.9994072914123535
297,0.9994270205497742,0.9987369775772095,0.9994364976882935,0.9995179772377014,0.9994459748268127
298,0.0,0.0,0.9795727133750916,0.0,0.0
299,0.9993436336517334,0.99173504114151,0.9996030330657959,0.9991550445556641,0.9994360208511353
300,1.0,0.9958770275115967,0.9999569654464722,0.9995315074920654,1.0
301,0.0,0.9998979568481445,0.1744370013475418,0.0,0.0
302,0.9994504451751709,0.99880051612854,0.9417027235031128,0.9694684743881226,0.999843955039978
303,0.7716515064239502,0.0,0.9994864463806152,0.9999610185623169,0.7732305526733398
304,0.7164930105209351,0.6873420476913452,0.7656278014183044,0.8009992837905884,0.7157425284385681
305,0.9844194650650024,0.9809920191764832,0.958378255367279,0.9412023425102234,0.9842820167541504
306,0.9986414909362793,0.9987585544586182,0.9893440008163452,0.9789080023765564,0.9987039566040039
307,0.7906110286712646,1.0,0.9977500438690186,0.9997643232345581,0.7902330160140991
308,0.999392032623291,0.9752296805381775,0.7423406839370728,0.9994710087776184,0.9993565082550049
309,0.9982039928436279,0.8290993571281433,0.999276340007782,0.999376654624939,0.9980659484863281
310,1.0,0.9999215006828308,0.9999569654464722,0.9994534850120544,1.0
311,0.8683286905288696,0.9725756645202637,0.8823604583740234,0.8937496542930603,0.8682329654693604
312,0.9999279975891113,0.9997680187225342,0.9999399781227112,0.9991809725761414,0.9999200105667114
313,0.9996950030326843,0.9997559785842896,0.913782000541687,0.9991894960403442,0.9996869564056396
314,1.0,0.9996980428695679,0.9992523193359375,0.9329572319984436,1.0
315,0.9999410510063171,0.999649703502655,0.8662616610527039,0.9831799864768982,0.999940037727356
316,0.0,0.8122546672821045,0.0,0.0,0.0
317,0.7033838629722595,0.9550743103027344,0.98848956823349,0.7535734176635742,0.7056789398193359
318,0.34062400460243225,0.9993923902511597,0.8359838724136353,0.43089181184768677,0.34079980850219727
319,0.9999290108680725,0.9724159836769104,1.0,0.9129306674003601,0.9999555349349976
320,0.0,0.0,0.0,0.0,0.0
321,0.0,0.7542043924331665,0.998524010181427,0.058789998292922974,0.0
322,0.0,1.0,0.973641037940979,0.0,0.0
323,0.7627293467521667,0.9434553980827332,0.833728015422821,0.9313750267028809,0.7631848454475403
324,0.8850280046463013,0.9999459981918335,0.9994814991950989,0.613318681716919,0.8752745389938354
325,0.9034268856048584,0.9999544620513916,0.9824150204658508,0.8753674626350403,0.9047437310218811
326,0.0,0.9990572929382324,0.0,0.0,0.0
327,0.9999960064888,0.9986865520477295,0.9992530345916748,0.9992309808731079,0.9999669790267944
328,0.934003472328186,0.8642270565032959,0.9004714488983154,0.9989290237426758,0.932665228843689
329,0.9992275238037109,0.9997560381889343,0.9990829825401306,0.9991040229797363,0.9996504783630371
330,0.9975730180740356,0.9957789778709412,0.9993554949760437,0.9989029765129089,0.9977689981460571
331,0.7019339799880981,0.90245521068573,0.8879344463348389,0.5445895195007324,0.7018204927444458
332,0.9982313513755798,0.9979190230369568,0.9759876728057861,0.9779846668243408,0.9982172846794128
333,0.9989603757858276,0.9542255401611328,0.9989327192306519,0.999626636505127,0.9990296363830566
334,0.0,0.0,0.0,0.0,0.0
335,0.9968675374984741,0.9997457265853882,1.0,0.9993194341659546,0.996335506439209
336,0.10249637067317963,0.0,0.4626592993736267,0.2651701867580414,0.17398017644882202
337,0.8985223770141602,0.8645780086517334,0.9989444613456726,0.9998902678489685,0.8985555768013
338,0.0,0.9993444681167603,0.9983789920806885,0.0,0.0
339,0.4594835042953491,0.820264995098114,0.0,0.4965829849243164,0.4594059884548187
340,0.0,1.0,0.0,0.0,0.0
341,0.9100377559661865,0.8779980540275574,0.9920646548271179,0.9515241980552673,0.9093565344810486
342,0.997920036315918,0.9989889860153198,0.9997545480728149,0.9681490063667297,0.9979274868965149
343,0.9990789890289307,0.9978330135345459,0.999180018901825,0.9822149872779846,0.9992659687995911
344,0.9014744758605957,0.8804270029067993,0.9999470114707947,0.9453926086425781,0.8999812602996826
345,0.0,0.9992074966430664,0.9996224641799927,0.0,0.0
346,0.8701935410499573,0.6813053488731384,0.8770996332168579,0.9272757768630981,0.8688439726829529
347,0.8877962231636047,0.9571070075035095,0.840190052986145,0.9260246157646179,0.8873468637466431
348,0.7161840200424194,0.9995834827423096,0.0,0.774836003780365,0.7169380187988281
349,0.18380384147167206,1.0,0.1690904051065445,0.9960635900497437,0.21129333972930908
350,0.7436997294425964,0.6663786768913269,0.9279990196228027,0.85835200548172,0.7442629933357239
351,0.9945390224456787,0.9992889761924744,0.7466824650764465,0.9997259974479675,0.9940490126609802
352,0.9100112915039062,0.9998559951782227,0.8699560165405273,0.8820947408676147,0.9106490015983582
353,0.28532055020332336,0.9992219805717468,0.9926612377166748,0.48821988701820374,0.28180554509162903
354,0.8945874571800232,0.999459981918335,0.9391930103302002,0.961327850818634,0.9038848280906677
355,0.9980113506317139,0.9367950558662415,0.9896702766418457,0.9261946678161621,0.9979965090751648
356,0.0,0.9673770070075989,0.0,0.0,0.0
357,0.0,0.9995865225791931,0.0,0.0,0.0
358,1.0,0.9987579584121704,0.9960319995880127,0.8869137167930603,1.0
359,0.999779462814331,0.8403279781341553,0.842971682548523,0.9991270303726196,0.9997495412826538
360,0.0,0.790412962436676,0.0,0.0,0.0
361,0.9986686706542969,0.9994139671325684,0.8982692956924438,0.9997504949569702,0.9985129833221436
362,0.9255918860435486,0.8573381304740906,0.9131975173950195,0.9553548097610474,0.9257110953330994
363,0.6661646962165833,1.0,0.9982939958572388,0.6648213267326355,0.6661736965179443
364,0.06257874518632889,0.9995109438896179,0.7312552332878113,0.06461099535226822,0.09022095799446106
365,0.0,0.9456434845924377,0.0,0.0,0.0
366,0.9996944665908813,0.9198319911956787,0.9587206840515137,0.9999989867210388,0.9997220039367676
367,0.9012182354927063,0.9987283945083618,0.9992265105247498,0.8995132446289062,0.9010237455368042
368,0.0,0.8476297855377197,0.0,0.0,0.0
369,0.9093053936958313,0.8726320266723633,0.9351552724838257,0.9267206192016602,0.9090961813926697
370,0.9982450008392334,0.870851993560791,0.9992550611495972,0.9992755055427551,0.9983340501785278
371,0.0,0.0,0.0,0.0,0.0
372,0.0,0.9987374544143677,0.0,0.0,0.0
373,0.9620473384857178,0.9999300241470337,0.9998890161514282,0.9601576328277588,0.9611409902572632
374,0.0,0.0,0.0,0.0,0.0
375,0.8881736993789673,0.9995459914207458,0.9381369948387146,0.8994804620742798,0.888393759727478
376,0.9988836646080017,0.9997929930686951,0.8877806663513184,0.9988548159599304,0.9988541603088379
377,0.0,0.9995399713516235,0.0,0.0,0.0
378,0.0,0.9984239935874939,1.0,0.9994210004806519,0.0
379,0.5558091998100281,0.7489280104637146,1.0,0.5867120027542114,0.5555144548416138
380,0.9181736707687378,0.999075174331665,0.9025629758834839,0.98521488904953,0.920912504196167
381,0.7125018239021301,0.8550126552581787,0.46694135665893555,0.6969656348228455,0.7123271226882935
382,0.8030399084091187,0.8293766379356384,0.9564832448959351,0.8635963201522827,0.8029753565788269
383,0.9878780245780945,0.0,1.0,0.9940090179443359,0.9845290184020996
384,0.0,0.9998049736022949,0.0,0.0,0.0
385,0.9832693934440613,1.0,0.9996085166931152,0.9990786910057068,0.9834330081939697
386,0.9250069856643677,0.8916299939155579,0.9783273935317993,0.8941959738731384,0.9245250225067139
387,0.7970335483551025,0.9011722803115845,0.9998844861984253,0.9699465036392212,0.8168480396270752
388,0.8728523254394531,0.8299720287322998,0.9986476898193359,0.8628300428390503,0.8727236986160278
389,0.99671471118927,0.9996573328971863,0.9999294877052307,0.9998540282249451,0.996880292892456
390,0.999804675579071,0.9998614192008972,0.9991350173950195,0.9990977048873901,0.9998043775558472
391,0.9842215180397034,0.9997150301933289,0.9933639764785767,0.9980834722518921,0.9849209785461426
392,0.9852713346481323,1.0,0.9242560267448425,0.999653697013855,0.985237717628479
393,0.0,0.0,1.0,0.0,0.0
394,0.998992383480072,0.9997624158859253,0.9994109869003296,0.9625682830810547,0.9990313053131104
395,0.9093689918518066,0.985810399055481,0.921374499797821,0.8911123275756836,0.9081783294677734
396,0.9302100539207458,0.9226464033126831,0.8947893977165222,0.9709118008613586,0.9298886656761169
397,0.9998769760131836,0.9998660087585449,0.9999253153800964,0.999597430229187,0.9998723864555359
398,0.9994419813156128,0.9991433620452881,0.9980474710464478,0.9999765157699585,0.99942946434021
399,0.9994267225265503,0.9991250038146973,1.0,0.9575422406196594,0.9995332360267639
400,0.9508523941040039,0.9881062507629395,0.9689844846725464,0.9610233306884766,0.9506136178970337
401,0.9993990659713745,0.9993314743041992,0.9985496401786804,0.9995139837265015,0.9994076490402222
402,0.9997899532318115,0.9918680191040039,1.0,0.9998210072517395,0.9997589588165283
403,0.7179938554763794,0.6833710074424744,0.7214024066925049,0.9671080112457275,0.7178718447685242
404,0.9948550462722778,0.5381810069084167,0.995589017868042,0.9997453689575195,0.994858980178833
405,0.9713215231895447,0.9997743964195251,0.9999582171440125,0.924607515335083,0.9707706570625305
406,0.9698609709739685,0.993815541267395,0.9872314929962158,0.995041012763977,0.97011399269104
407,0.0,0.6223859786987305,0.0,0.0,0.0
408,0.9987429976463318,0.999098002910614,0.9990940093994141,1.0,0.9986889958381653
409,0.0,0.6619633436203003,0.0,0.0,0.0
410,1.0,0.9999079704284668,1.0,0.9871405363082886,1.0
411,0.8428841829299927,0.8516427278518677,0.7689313292503357,0.8382118344306946,0.8427503705024719
412,0.0,1.0,0.0,0.2739819884300232,0.0
413,0.666616678237915,0.6666666865348816,0.9987865090370178,0.9977513551712036,0.6665553450584412
414,0.8488580584526062,0.8251242637634277,0.8979572057723999,0.9546226859092712,0.8506029844284058
415,0.9991880059242249,0.884577751159668,0.9977924823760986,0.9974380135536194,0.9989330172538757
416,0.0,0.5567532777786255,0.0,0.0,0.0
417,0.5220950245857239,0.20309700071811676,0.9991685152053833,0.0,0.5429530143737793
418,0.9996424913406372,0.9983804821968079,0.9988960027694702,0.9997720122337341,0.9995994567871094
419,0.0,0.0,0.9958417415618896,0.0,0.0
420,0.9966049790382385,0.9982060194015503,0.9999327063560486,0.9981607794761658,0.9965900182723999
421,0.0,0.6653929948806763,0.0,0.0,0.0
422,0.9900590181350708,0.9988190531730652,0.8896405100822449,0.9986900091171265,0.9912959933280945
423,0.9990890026092529,1.0,0.9989194869995117,0.9999210238456726,0.9990606307983398
424,0.9996809959411621,0.9999434947967529,0.9990847110748291,0.9999933242797852,0.9997086524963379
425,0.0,0.9894169569015503,0.0,0.0,0.0
426,0.8910754919052124,0.9984099864959717,0.9994854927062988,0.9988329410552979,0.8927105069160461
427,0.9083253741264343,0.9977313876152039,0.9993380308151245,0.9830753207206726,0.9085380434989929
428,0.8797256946563721,0.9250518083572388,0.7245149612426758,0.9987146854400635,0.8800005912780762
429,0.0,0.983231782913208,0.0,0.0,0.0
430,0.7090868949890137,0.7543028593063354,0.8633615374565125,0.8493375182151794,0.7094489336013794
431,0.0,0.9997040033340454,0.0,0.0,0.0
432,0.9989886283874512,0.9229353666305542,0.9993130564689636,0.9991177320480347,0.9987326860427856
433,0.7733604907989502,0.9998289942741394,0.999935507774353,0.8038564920425415,0.818111002445221
434,0.9998279809951782,1.0,0.9992794990539551,0.9997415542602539,0.9997990131378174
435,0.9358528852462769,0.8783512115478516,0.890126645565033,0.9560467004776001,0.9350147247314453
436,0.05859350040555,0.9417403936386108,0.9994544982910156,0.5364134907722473,0.0586715005338192
437,0.0,0.9504069685935974,0.0,0.0,0.0
438,0.8494633436203003,0.9996440410614014,0.8346974849700928,0.8523802757263184,0.8507360219955444
439,0.0,0.9739471673965454,0.0,0.0,0.0
440,0.9996510148048401,0.9460200071334839,1.0,0.9986119866371155,0.9996470212936401
441,0.998948335647583,0.9991097450256348,1.0,0.9904824495315552,0.9991587400436401
442,0.0,0.9994770288467407,0.13738299906253815,0.0,0.0
443,0.8320444822311401,0.8503376841545105,0.8294186592102051,0.8919274806976318,0.83074951171875
444,0.10169000178575516,1.0,0.0,0.14299799501895905,0.10383500158786774
445,0.8234925270080566,0.8953264951705933,0.8817680478096008,0.8750200271606445,0.8248916864395142
446,0.9656438827514648,0.9976577758789062,0.9543155431747437,0.9231871962547302,0.9685873985290527
447,1.0,1.0,0.9991769790649414,0.9986860156059265,1.0
448,0.08469100296497345,0.9995814561843872,0.0,0.0,0.0
449,0.9989784955978394,0.9991164803504944,1.0,0.9808700084686279,0.998924970626831
450,0.9238324761390686,0.9999309778213501,0.8858410120010376,0.9990500211715698,0.9244984984397888
451,0.9991997480392456,0.939684271812439,0.998294472694397,0.9981950521469116,0.9991496801376343
452,1.0,0.9999150037765503,0.9991570115089417,0.999530017375946,1.0
453,0.9997379779815674,0.9994670152664185,0.9997835159301758,0.9998829960823059,0.9997509717941284
454,0.0,0.0,0.0,0.0,0.0
455,0.9974210262298584,0.9978619813919067,1.0,0.9984990358352661,0.9973100423812866
456,0.9986270070075989,0.9992104768753052,0.9998310208320618,0.9986820220947266,0.9986969828605652
457,0.8944573402404785,0.8584830164909363,0.8999766707420349,0.9824310541152954,0.894011378288269
458,0.9776142239570618,0.9994601011276245,0.9998940229415894,0.9994387626647949,0.9736829996109009
459,0.9987760186195374,0.9985076785087585,0.999180018901825,0.998993992805481,0.9989349842071533
460,0.9992505311965942,0.9997414946556091,0.9350021481513977,0.9993687868118286,0.9992907047271729
461,0.8434893488883972,0.99951171875,0.8927369713783264,0.8909034729003906,0.8434371948242188
462,0.9978026747703552,0.6880380511283875,0.9993680715560913,0.984190821647644,0.9979743957519531
463,0.0,0.9571819305419922,0.0,0.0,0.0
464,0.9990350008010864,1.0,0.9995529651641846,0.9998689889907837,0.999023973941803
465,0.0,0.9977620244026184,0.0,0.9996899962425232,0.0
466,0.9941477179527283,0.929000735282898,0.9775372743606567,0.958449125289917,0.9997478723526001
467,0.9965807199478149,0.997172474861145,0.9979726672172546,0.9991296529769897,0.9965070486068726
468,0.0,0.9803497195243835,0.0,0.0,0.0
469,0.8892470002174377,0.9002103209495544,0.8837887048721313,0.9140472412109375,0.8894067406654358
470,0.9980480074882507,0.999787449836731,0.9985799789428711,0.9951609969139099,0.9979560375213623
471,0.0,0.7375363707542419,0.8400315046310425,0.7151179313659668,0.0
472,0.8022373914718628,0.8985216617584229,0.8126627206802368,0.9997383952140808,0.8013166785240173
473,0.0,0.7024423480033875,0.0,0.0,0.0
474,0.9395207166671753,0.9974290132522583,0.9995080232620239,0.9491367340087891,0.9388454556465149
475,0.0,0.9987589716911316,0.0,0.0,0.0
476,0.0,0.6642553210258484,0.0,0.0,0.0
477,0.0,0.9322503805160522,0.0,0.05427100136876106,0.0
478,0.0,0.9984273314476013,0.0,0.0,0.0
479,0.9623807668685913,0.9987635016441345,0.9901022911071777,0.9442791938781738,0.9627585411071777
480,0.9982949495315552,0.9987660050392151,0.997730016708374,0.998885989189148,0.9984415173530579
481,0.3718841075897217,0.9807433485984802,0.9991729855537415,0.6327344179153442,0.36908870935440063
482,0.9371511340141296,0.6852280497550964,0.7842369079589844,0.9207708835601807,0.9225158095359802
483,0.9999344944953918,0.9976209998130798,0.9598740339279175,0.99993896484375,0.999956488609314
484,0.7830395102500916,0.7696325182914734,0.994857668876648,0.9440419673919678,0.7830734848976135
485,0.0,0.9984807372093201,0.0,0.0,0.0
486,0.9993717074394226,0.9993953704833984,0.9467705488204956,0.9769794344902039,0.9993324875831604
487,0.9984617233276367,0.8627704977989197,0.9989160299301147,0.9670381546020508,0.9984190464019775
488,0.0,0.7638670206069946,0.0,0.0,0.0
489,0.3290656805038452,0.9988832473754883,0.9992870092391968,0.9952523112297058,0.3091319799423218
490,0.9699510335922241,0.9939529895782471,0.9999669790267944,0.9809795022010803,0.9749549627304077
491,0.9873457551002502,0.999382734298706,0.931717574596405,0.9776362776756287,0.9875671863555908
492,0.7515579462051392,0.9310649633407593,0.7637180089950562,0.7844744920730591,0.7509620189666748
493,0.0,0.0,0.0,0.0,0.0
494,0.0,0.9995530247688293,0.7374099493026733,0.0,0.0
495,0.0,1.0,0.9979869723320007,0.0,0.0
496,0.8970490097999573,0.9540376663208008,0.9349077939987183,0.8109627962112427,0.8979082107543945
497,0.8441435098648071,0.8184830546379089,0.9194424748420715,0.8971542119979858,0.8438780307769775
498,0.9876559972763062,0.9618879556655884,1.0,0.9994210004806519,0.98744797706604
499,0.8977019786834717,0.9856039881706238,0.961174488067627,0.9458286762237549,0.9005386233329773
500,0.9990583658218384,0.9990006685256958,0.9999773502349854,0.9991470575332642,0.9993053674697876
501,0.9993450045585632,0.9992730021476746,0.0,0.9997490048408508,0.999068021774292
502,0.99942946434021,0.9998095035552979,1.0,0.9998199939727783,0.9994549751281738
503,0.6390460729598999,0.730873703956604,0.9098642468452454,0.4680737555027008,0.620616614818573
504,0.7459147572517395,0.9999240636825562,0.9988327026367188,0.7456209659576416,0.7468810081481934
505,0.9990838170051575,0.9223779439926147,0.9939226508140564,0.9888270497322083,0.9988361597061157
506,0.0,0.9587993621826172,0.9783885478973389,0.0,0.0
507,0.0,0.0,0.9990193247795105,0.0,0.0
508,0.4019010066986084,0.9257389903068542,0.4444510042667389,0.4625970125198364,0.401482492685318
509,0.37686899304389954,0.6423659920692444,0.9762719869613647,0.8638700246810913,0.3909749984741211
510,0.9148848652839661,0.9991733431816101,0.8978738188743591,0.9485377073287964,0.9143741726875305
511,0.9992886781692505,0.9995640516281128,0.9998366236686707,0.9991640448570251,0.9992973208427429
512,0.9989339709281921,0.999180018901825,0.9972429871559143,0.4989669919013977,0.9994329810142517
513,0.852104663848877,0.757804274559021,0.9160943031311035,0.9081206321716309,0.8520740270614624
514,0.0,0.9988185167312622,0.0,0.0,0.0
515,0.9998229742050171,0.9533873796463013,0.9992009997367859,0.9998824596405029,0.9997879862785339
516,0.9993243217468262,0.9993764162063599,0.9982939958572388,0.9999769926071167,0.999320387840271
517,0.5776960253715515,1.0,0.9991079568862915,0.9914630055427551,0.571723997592926
518,0.780206024646759,0.7838820219039917,0.8902467489242554,0.8778180480003357,0.7819185853004456
519,0.0,0.9996910095214844,0.0,0.0,0.0
520,0.9996844530105591,0.9999099969863892,0.9989035129547119,0.9996615052223206,0.9996789693832397
521,0.0,0.8508574962615967,0.9996079802513123,0.0,0.0
522,0.7516566514968872,0.915601372718811,0.7747573256492615,0.8514879941940308,0.7515491247177124
523,0.7972263693809509,0.9687773585319519,0.9294897317886353,0.8356656432151794,0.7966641783714294
524,0.9327751994132996,0.9992997646331787,0.9999710321426392,0.9854692816734314,0.9314034581184387
525,0.9575380086898804,1.0,0.999297022819519,0.8975239992141724,0.9574080109596252
526,0.0,0.0,0.11062400043010712,0.0,0.0
527,0.0,0.9098595380783081,0.0,0.0,0.0
528,0.9995114803314209,0.9991810321807861,0.9989925026893616,0.9995825290679932,0.9994785189628601
529,0.992262601852417,0.9670144319534302,0.9834400415420532,0.9573922157287598,0.9920993447303772
530,0.0,0.0,0.9353424906730652,0.0,0.0
531,0.9215617179870605,0.8661553263664246,0.9995280504226685,0.9535707235336304,0.9216097593307495
532,0.9992364645004272,0.9996179938316345,0.8905477523803711,0.881129264831543,0.9992734789848328
533,0.8894791603088379,0.7604734897613525,0.7692499756813049,0.893429160118103,0.8891706466674805
534,0.9999727010726929,0.9996340274810791,0.9994000196456909,0.9996243715286255,0.9999463558197021
535,0.9998024702072144,0.9017834663391113,0.9995430111885071,0.998726487159729,0.9998010396957397
536,0.9992334842681885,0.998602032661438,0.9990059733390808,0.9996700286865234,0.9992389678955078
537,0.9997094869613647,0.9997204542160034,0.9990769624710083,0.9989014863967896,0.9997304677963257
538,0.9996459484100342,0.9995875358581543,0.9892556667327881,1.0,0.9996695518493652
539,0.9999953508377075,0.9994205236434937,0.9745309948921204,0.9994000196456909,0.9999920129776001
540,0.24106299877166748,0.9977250099182129,0.0,0.9991599917411804,0.21341100335121155
541,0.0,0.9976362586021423,0.9857510328292847,0.0,0.0
542,0.8332433700561523,0.8822518587112427,0.9994430541992188,0.8326300382614136,0.8332300186157227
543,0.9234036803245544,0.9741463661193848,0.9699870347976685,0.9934175610542297,0.9243437051773071
544,0.9997934103012085,0.9997090101242065,0.9789506793022156,0.9953374862670898,0.9997997283935547
545,0.0,0.7975490093231201,0.0,0.0,0.0
546,0.9554725885391235,0.9990257024765015,0.9627029895782471,0.9634502530097961,0.9558081030845642
547,0.8384203314781189,0.8655227422714233,0.9706733226776123,0.8965290784835815,0.8375053405761719
548,0.9983559846878052,0.9459140300750732,0.9991509914398193,1.0,0.9983464479446411
549,0.42955148220062256,0.7310130000114441,0.9411848187446594,0.9771963953971863,0.4274485111236572
550,0.0,0.9984620213508606,0.9664714932441711,0.0,0.0
551,0.9981300234794617,0.6631120443344116,0.9998035430908203,0.9976755380630493,0.5749850273132324
552,0.9471801519393921,0.9339093565940857,0.9995163679122925,0.9568182229995728,0.9476930499076843
553,0.7965492010116577,0.9987980127334595,0.9107989072799683,0.9765547513961792,0.7926382422447205
554,0.0,0.9991185069084167,0.8900104761123657,0.0,0.0
555,0.8960204720497131,0.9991390109062195,0.9773563146591187,0.8953354954719543,0.8946775197982788
556,0.980223536491394,0.9832105040550232,0.9982745051383972,0.9995625019073486,0.9818339943885803
557,0.9995975494384766,0.9998635053634644,1.0,0.9997450113296509,0.9996664524078369
558,0.8817681670188904,0.8058633804321289,0.9365854859352112,0.8979138731956482,0.8818489909172058
559,0.999442994594574,0.9991229772567749,0.7055984735488892,0.9993640184402466,0.9995980262756348
560,0.0,0.9647984504699707,0.0,0.0,0.0
561,0.9802937507629395,0.9999773502349854,0.9555022716522217,0.9474135041236877,0.9797874689102173
562,0.9992139935493469,0.0,0.9988445043563843,0.8368350267410278,0.9991040229797363
563,0.9505593180656433,0.993065357208252,0.8755650520324707,0.028267499059438705,0.9502320289611816
564,0.0,0.0,0.8118053674697876,0.0,0.0
565,0.9981940388679504,0.99944007396698,0.9980877637863159,1.0,0.9983592629432678
566,0.0,0.0,0.8444141149520874,0.0,0.0
567,0.9998800158500671,0.998520016670227,0.9981412887573242,0.9997490048408508,0.9998829960823059
568,0.0,0.9999567270278931,0.0,0.0,0.0
569,0.0,0.0,0.0,0.993185818195343,0.0
570,0.0,0.999243974685669,0.0,0.0,0.0
571,0.0,0.999779999256134,0.0,0.0,0.0
572,0.7860816121101379,0.7964990139007568,0.7647625803947449,0.8039003610610962,0.7862390279769897
573,0.9512349963188171,0.9375313520431519,0.9991289973258972,0.9611143469810486,0.9520156383514404
574,0.9992600083351135,0.9995520114898682,0.9993550181388855,0.9998629689216614,0.9992619752883911
575,0.8960341811180115,0.9978556632995605,0.9858282208442688,0.9733393788337708,0.896089494228363
576,0.8506114482879639,0.9991555213928223,0.8110694885253906,0.9551657438278198,0.8507519960403442
577,0.9996110200881958,0.9926030039787292,0.9981586933135986,0.9382740259170532,0.9997963905334473
578,0.9580850005149841,0.9996370077133179,0.9756185412406921,0.9456217885017395,0.9579834938049316
579,0.0,0.8959534764289856,0.0,0.0,0.0
580,0.9999805092811584,0.9976300001144409,0.9992675185203552,0.9995765089988708,1.0
581,0.9196476936340332,0.9999629855155945,0.9995450377464294,0.9680609703063965,0.9179458618164062
582,0.0,0.0,0.0,0.0,0.0
583,0.0,0.47911348938941956,0.992825984954834,0.998956024646759,0.0
584,0.6665323972702026,0.7489822506904602,0.9773883819580078,0.9998835325241089,0.6665546894073486
585,0.9745410084724426,0.9989920854568481,0.0,0.9873669743537903,0.9742760062217712
586,0.0,0.7788839936256409,0.0,0.0,0.0
587,0.9985389709472656,0.9814245104789734,0.999614953994751,0.9990577101707458,0.9985856413841248
588,0.9998475313186646,0.9998654127120972,0.9998869895935059,0.9986100196838379,0.9993923902511597
589,0.9991066455841064,0.9902560114860535,0.9996204376220703,0.946978747844696,0.9989413619041443
590,0.978728175163269,0.9990547895431519,0.9717466831207275,0.9978861808776855,0.9806846976280212
591,0.9627040028572083,0.8640075922012329,0.9236440062522888,0.8238071203231812,0.9628577828407288
592,0.0,0.9998245239257812,0.0,0.0,0.0
593,0.0,0.8649567365646362,0.0,0.0,0.0
594,0.0,0.9996914863586426,0.0,0.0,0.0
595,0.9991430044174194,0.9997000098228455,0.9995213747024536,0.9995250105857849,0.9991543292999268
596,0.8791179656982422,0.7430394887924194,0.998898983001709,0.9987239837646484,0.880347490310669
597,0.9631887674331665,0.7805420160293579,0.9978749752044678,1.0,0.9567177295684814
598,0.9182620048522949,0.0,0.9692879915237427,0.9454960227012634,0.919713020324707
599,0.0,0.0,0.9998259544372559,0.0,0.0
600,0.8243014812469482,0.8202568292617798,0.9995214939117432,0.837716281414032,0.8248147964477539
601,1.0,0.9301785230636597,0.8913140296936035,0.8144944906234741,0.9995660185813904
602,0.9720169901847839,0.9401670694351196,0.9392121434211731,0.9634186029434204,0.9724787473678589
603,0.9879124760627747,0.9959167242050171,0.9998153448104858,0.9907822608947754,0.9833692312240601
604,0.9533358812332153,0.8523135185241699,0.9384697079658508,0.9981785416603088,0.953399658203125
605,0.9983779788017273,0.9995089769363403,0.9991275072097778,0.9966840147972107,0.9984660148620605
606,0.0,0.0,0.8806455135345459,0.0,0.0
607,0.8952070474624634,0.9994450807571411,0.8788164854049683,0.9678493738174438,0.8940391540527344
608,0.8887667655944824,0.8992967009544373,0.8233588337898254,0.9327192306518555,0.8885534405708313
609,0.9997990131378174,0.9996950030326843,0.8695170283317566,0.9988424777984619,0.9998044967651367
610,0.9575150012969971,0.9987243413925171,0.9970244765281677,0.9647229909896851,0.95831698179245
611,0.9996503591537476,0.9987173080444336,0.9996756911277771,0.9998964071273804,0.999717652797699
612,0.9985669851303101,0.9990490078926086,0.8597190380096436,0.9995859861373901,0.9985939860343933
613,0.0,0.9992640018463135,0.0,0.0,0.0
614,0.0,0.0,0.823247492313385,0.0,0.0
615,0.0,0.9123010039329529,0.0,0.9996910095214844,0.0
616,0.8924845457077026,0.8535531759262085,0.7637118697166443,0.9550407528877258,0.8925024271011353
617,0.8093103766441345,0.8250144124031067,0.827529788017273,0.8884559869766235,0.8088826537132263
618,0.8594662547111511,0.8006340265274048,0.9777973890304565,0.8342517614364624,0.8591195344924927
619,0.0,0.9367564916610718,0.0,0.0,0.0
620,0.7732030153274536,0.8971924781799316,0.9990700483322144,0.8093860149383545,0.775410532951355
621,0.0,0.9998897314071655,0.0,0.0,0.0
622,0.0,0.9996520280838013,0.0,0.0,0.0
623,0.9997603297233582,0.9972559809684753,0.9999483823776245,0.9519299864768982,0.9997813105583191
624,0.996914803981781,0.9979527592658997,0.8927725553512573,0.9986385703086853,0.997050940990448
625,0.983230710029602,0.9723179340362549,0.9997226595878601,0.9993215203285217,0.9833622574806213
626,0.9996457099914551,0.9527530074119568,0.9991919994354248,1.0,0.999632716178894
627,0.8977300524711609,0.9543172717094421,0.8979527354240417,0.824934720993042,0.8976799845695496
628,0.13830921053886414,0.890782356262207,0.9744760394096375,0.13299866020679474,0.09133738279342651
629,0.0,0.7819799780845642,0.44679322838783264,0.0,0.0
630,0.9687947630882263,0.9990159869194031,0.967658281326294,0.9615137577056885,0.9690341949462891
631,0.9992455244064331,0.9983620047569275,0.9993597269058228,0.9969819784164429,0.9992560148239136
632,0.9998730421066284,0.9999606609344482,0.9999990463256836,0.9999030828475952,0.9998909831047058
633,0.9994574785232544,0.9988600015640259,0.8906459808349609,0.9988470077514648,0.9994189739227295
634,0.0,0.7042989730834961,0.7216874957084656,0.0,0.0
635,0.9903689622879028,0.9992585182189941,0.7770068049430847,0.8700742721557617,0.9893909692764282
636,0.0,0.7308775186538696,0.0,0.0,0.0
637,0.0,0.0,0.0,0.0,0.0
638,0.9994915127754211,0.9995777606964111,0.9993372559547424,0.9999569654464722,0.9994795322418213
639,0.2224263995885849,0.9984719753265381,0.9988529682159424,0.5316469669342041,0.24161241948604584
640,0.0,0.0,0.0,0.0,0.0
641,0.3776565194129944,0.6660696864128113,0.4346359968185425,0.43837887048721313,0.37511152029037476
642,0.49420031905174255,0.9405969977378845,0.8764644861221313,0.5374975204467773,0.4968867003917694
643,0.8704019784927368,0.8865864872932434,0.9991090297698975,0.9085739850997925,0.8641729950904846
644,0.9998346567153931,0.9990260004997253,0.9986120462417603,0.966720461845398,0.9998356699943542
645,0.0,0.0,0.9860267043113708,0.0,0.0
646,0.9981129765510559,0.7248187065124512,0.9971045255661011,0.9994249939918518,0.9988660216331482
647,0.9336840510368347,0.9250245094299316,0.9298667311668396,0.924278974533081,0.9445710182189941
648,0.9992629885673523,0.9849580526351929,0.9996629953384399,0.9994649887084961,0.9993219971656799
649,0.9990966320037842,0.9981074929237366,0.9998077154159546,0.9986590147018433,0.9991110563278198
650,0.9986119866371155,0.9514210224151611,0.9990569949150085,0.9996939897537231,0.9986414909362793
651,0.0,0.0,0.9998520016670227,0.0,0.0
652,0.1483995020389557,0.9996947050094604,0.9652342200279236,0.9376527667045593,0.14744076132774353
653,0.9999787211418152,0.9989360570907593,0.9984923601150513,0.9999573230743408,0.9999997019767761
654,0.9953159689903259,0.9804214239120483,0.9994373321533203,0.994117259979248,0.9954164624214172
655,0.8738976716995239,0.9992920160293579,0.9107233881950378,0.9654093980789185,0.9998390078544617
656,0.7822192907333374,0.8605437278747559,0.9987754821777344,0.8524229526519775,0.7757797241210938
657,0.0,0.8860694766044617,0.99903404712677,0.8726204633712769,0.0
658,0.0,0.0,0.9999859929084778,0.0,0.0
659,0.9190139770507812,0.8930131793022156,0.8521175384521484,0.8480694890022278,0.9220585823059082
660,0.999239981174469,0.9988516569137573,0.9994410276412964,0.999534010887146,0.9992389678955078
661,0.0,0.999973714351654,0.0,0.0,0.0
662,0.0,0.0,0.0,0.0,0.0
663,0.9988660216331482,0.9981989860534668,0.9998030066490173,0.9292204976081848,0.9985399842262268
664,0.0,0.9991589784622192,0.0,0.0,0.0
665,0.0,0.8746024370193481,0.0,0.12633399665355682,0.0
666,0.9349014759063721,0.8466596603393555,1.0,0.8596670031547546,0.9345769882202148
667,0.9837129712104797,0.9998260140419006,0.051715001463890076,1.0,0.9838320016860962
668,0.6887154579162598,0.9989414811134338,0.9989979863166809,0.7894024848937988,0.7039954662322998
669,0.0,0.9325013160705566,0.0,0.0,0.0
670,0.9989759922027588,0.9994649887084961,0.9266480207443237,0.9998250007629395,0.9995610117912292
671,0.0,0.0,0.0,0.0,0.0
672,0.0,0.0,0.0,0.0,0.0
673,0.9988007545471191,0.9994296431541443,0.9991933703422546,0.9985987544059753,0.998898983001709
674,0.0,0.8337160348892212,0.999563455581665,0.0,0.0
675,0.9014890193939209,0.895509660243988,0.9988025426864624,0.999701976776123,0.9048700332641602
676,0.9008697271347046,0.9004145264625549,0.9997014999389648,0.8827311992645264,0.9009577631950378
677,0.9990549683570862,0.9413474798202515,0.9993429780006409,0.9989439845085144,0.9989960193634033
678,0.9985319972038269,0.9991139769554138,0.9998995065689087,0.9822113513946533,0.9985359907150269
679,0.9386709928512573,0.8121005296707153,0.9995996356010437,0.984266996383667,0.940272331237793
680,0.9760124683380127,0.9999083280563354,0.9989310503005981,0.9994086623191833,0.974435567855835
681,0.8928763270378113,0.9997475147247314,0.8591535091400146,0.998882532119751,0.8930150270462036
682,0.0,0.9999963641166687,0.0,0.9981247186660767,0.0
683,0.9566327333450317,0.9511866569519043,0.9996156692504883,0.9983730316162109,0.9566323161125183
684,0.9054574966430664,0.9995316863059998,0.8857645392417908,0.9329793453216553,0.9042698740959167
685,0.982964038848877,0.9216320514678955,0.8849622011184692,0.9327384829521179,0.983090877532959
686,0.7752892971038818,0.4997217655181885,0.9506205320358276,0.5982708930969238,0.7818565964698792
687,0.0,0.9997130036354065,0.0,0.0,0.0
688,0.0649808794260025,0.9988405108451843,0.9637060165405273,0.27907758951187134,0.13021424412727356
689,0.883115291595459,0.9303133487701416,0.9999093413352966,0.8793330192565918,0.8827413320541382
690,0.9996619820594788,0.9657298922538757,0.9995163679122925,0.999274492263794,0.9996772408485413
691,0.9851149916648865,0.999703049659729,0.9993466734886169,0.9999759793281555,0.983018696308136
692,0.9992502927780151,0.9990946650505066,0.9989800453186035,0.9667249917984009,0.9992294907569885
693,0.9273158311843872,0.9999077320098877,0.9983547329902649,0.9010293483734131,0.9220623970031738
694,0.9216256141662598,0.9996910095214844,0.9558136463165283,0.992384135723114,0.9211072325706482
695,0.997767448425293,0.8217270374298096,0.9995445013046265,1.0,0.9978699684143066
696,0.0,0.0,0.7454864978790283,0.0,0.0
697,0.9999920129776001,0.9960677027702332,0.0,0.9993240237236023,1.0
698,0.0,0.997962474822998,0.0,0.9997169971466064,0.0
699,0.9992884993553162,0.9991744756698608,0.9988340139389038,0.999770998954773,0.9993224740028381
700,0.9237691760063171,0.8518068194389343,0.9739091992378235,0.9236883521080017,0.9238635301589966
701,0.0,0.9987499713897705,0.0,0.0,0.0
702,0.0,0.9932874441146851,0.0,0.0,0.0
703,0.9969823360443115,0.9990264773368835,0.9992927312850952,1.0,0.9969056844711304
704,0.927132248878479,0.970649242401123,0.880153238773346,0.9310407638549805,0.928089439868927
705,0.999671459197998,0.9998754858970642,1.0,0.9999045133590698,0.99965900182724
706,0.9963439702987671,0.9999499917030334,0.9981805086135864,0.9983530044555664,0.996037483215332
707,0.0,0.999624490737915,0.19736750423908234,0.0,0.0
708,0.5985326766967773,0.630922794342041,0.9998235106468201,0.5,0.6011500358581543
709,0.9161057472229004,0.999413013458252,0.9992402791976929,0.8569765090942383,0.9200464487075806
710,0.9991610050201416,0.9999110102653503,0.9447587728500366,0.9485200047492981,0.9991006255149841
711,0.521093487739563,0.997826337814331,0.9868966937065125,0.996451735496521,0.5217999815940857
712,0.0,0.9944453239440918,0.0,0.0,0.0
713,0.0,0.0,0.0,0.0,0.0
714,0.980562686920166,0.998318076133728,0.8947977423667908,0.9989370107650757,0.9819637537002563
715,0.0,0.0,0.0,0.0,0.0
716,0.0,0.9870654940605164,0.0,0.0,0.0
717,0.9258414506912231,0.9829565286636353,0.9930486679077148,0.9282848238945007,0.9440484046936035
718,0.9499469995498657,0.9397774934768677,0.9998869895935059,0.9164509773254395,0.9497544765472412
719,0.6258450150489807,1.0,0.9975955486297607,0.99880051612854,0.6191709637641907
720,0.9991833567619324,0.999873161315918,0.9997761249542236,0.9992203712463379,0.9988266825675964
721,0.986958384513855,0.996962308883667,0.9985960721969604,0.9590427279472351,0.9870443344116211
722,0.9999809861183167,0.9983563423156738,0.9989210367202759,0.9984760284423828,1.0
723,0.0,0.6736257672309875,0.7472617030143738,0.0,0.0
724,0.9988980293273926,0.9998797178268433,0.9762253761291504,0.9727935791015625,0.9990724921226501
725,0.0,0.9993759989738464,0.0,0.0,0.0
726,0.9128658771514893,0.9508399963378906,0.8253212571144104,0.8532425761222839,0.9120354652404785
727,0.998817503452301,0.9989864826202393,0.9997699856758118,0.9994289875030518,0.9986779689788818
728,1.0,0.9993910193443298,0.9998673796653748,0.8524349927902222,1.0
729,0.9988054037094116,0.9998366832733154,0.9659002423286438,0.9998473525047302,0.9989170432090759
730,0.0,0.9990756511688232,0.0,0.0,0.0
731,0.9974989891052246,0.6843439936637878,0.9971979856491089,0.9997973442077637,0.9974883794784546
732,0.0,0.9267762303352356,0.9992849826812744,0.0,0.0
733,0.05005715787410736,0.9992982745170593,0.9777663946151733,0.9972297549247742,0.09493082761764526
734,0.998626708984375,0.9987413287162781,0.9982480406761169,0.9993996620178223,0.9984350204467773
735,0.9993399977684021,0.9990879893302917,0.9999179840087891,0.9997680187225342,0.9993659853935242
736,0.9531127214431763,0.9599975347518921,0.9259418845176697,0.9392533302307129,0.9529740214347839
737,0.9930042624473572,0.9988267421722412,0.9991766810417175,0.9875564575195312,0.9932052493095398
738,0.939020574092865,0.8949267864227295,0.967259407043457,0.9755374193191528,0.9401419758796692
739,0.0,0.9995719790458679,0.0,0.0,0.0
740,0.999288022518158,0.9671825170516968,0.0,0.9996267557144165,0.999308705329895
741,1.0,1.0,0.9993535280227661,0.9994369745254517,1.0
742,0.8518279790878296,0.8115450143814087,0.7412104606628418,0.725754976272583,0.851859986782074
743,0.0,0.999485969543457,0.92603999376297,0.0,0.0
744,0.9905213117599487,0.866632342338562,0.8370583057403564,0.8892475366592407,0.9902130365371704
745,0.9983720183372498,1.0,1.0,0.9124299883842468,0.9984149932861328
746,0.9509584307670593,0.9995909929275513,0.9141030311584473,0.9996709823608398,0.9503748416900635
747,0.9156817197799683,0.955375075340271,0.9999125003814697,0.9287483096122742,0.9153627157211304
748,0.9997479915618896,0.9997274875640869,0.9032570123672485,0.9987889528274536,0.9997519850730896
749,0.6954295039176941,0.8662945032119751,0.7342399954795837,0.9045599699020386,0.6952639818191528
750,0.0,0.7083935141563416,0.0,0.0,0.0
751,0.999240517616272,0.9986729621887207,0.9992790222167969,0.9992960095405579,0.9992809891700745
752,0.0,0.9995779991149902,0.0,0.0,0.0
753,0.9987825155258179,0.999763011932373,0.999736487865448,0.998990535736084,0.9990249872207642
754,0.9973819851875305,0.9972150325775146,0.9987689852714539,0.9989076852798462,0.9974150061607361
755,0.9972823858261108,0.9999645352363586,0.9997238516807556,0.9991307258605957,0.9976357221603394
756,0.930637538433075,0.8891540765762329,0.9342182278633118,0.9508188366889954,0.9308453798294067
757,0.9415014982223511,0.9556272029876709,0.835023045539856,0.97015380859375,0.9407970309257507
758,0.0,0.0,0.0,0.0,0.06350349634885788
759,0.0,0.0,0.0,0.0,0.0
760,0.9601027369499207,0.9923415184020996,0.9502947330474854,0.9696851968765259,0.9601027369499207
761,1.0,0.9990445375442505,0.9999167323112488,0.9999204874038696,1.0
762,0.8519554734230042,0.8265625238418579,0.9987642765045166,0.9333692789077759,0.852149248123169
763,0.9234679937362671,0.9998480081558228,0.0,0.999925971031189,0.9268543124198914
764,0.999875009059906,0.9994660019874573,1.0,0.9999330043792725,0.9999719858169556
765,0.9789246916770935,0.9993600249290466,0.9995274543762207,0.9967269897460938,0.9988424777984619
766,0.9983266592025757,0.8363609910011292,1.0,0.9992307424545288,0.9983633756637573
767,0.8801740407943726,1.0,0.9996919631958008,0.8903762102127075,0.8788080215454102
768,0.999995231628418,1.0,0.9956080317497253,0.9999527335166931,0.9999855160713196
769,0.9670255780220032,0.9770988821983337,0.931452214717865,0.9448763728141785,0.9669012427330017
770,0.9235479235649109,0.9658467173576355,0.88507479429245,0.9553362131118774,0.9236037731170654
771,0.9973130226135254,0.9997850060462952,0.9900184869766235,0.9994499683380127,0.9974174499511719
772,0.7356680035591125,0.9832723140716553,0.8770885467529297,0.9974535703659058,0.723156213760376
773,0.0,0.0,0.999284029006958,0.0,0.0
774,0.8144892454147339,0.9994180202484131,0.9821330308914185,0.8102984428405762,0.8147157430648804
775,0.9745489954948425,0.9981889724731445,0.9989832639694214,0.9986593127250671,0.9912470579147339
776,0.9986180067062378,0.9564307928085327,0.9973247647285461,0.9671522378921509,0.9989843368530273
777,0.9749093055725098,0.9993139505386353,0.8934966921806335,0.9987633228302002,0.9753446578979492
778,0.99959397315979,0.9993903040885925,0.9987629652023315,0.9987175464630127,0.9994909763336182
779,0.9997010231018066,0.9846165180206299,0.9995855093002319,0.9997224807739258,0.9996830224990845
780,0.9999110102653503,0.9994964599609375,0.9992846846580505,0.9995604753494263,0.9999035000801086
781,0.9999930262565613,0.9990617036819458,0.0,0.9999386668205261,0.9999953508377075
782,1.0,0.9994563460350037,0.6975495219230652,0.9984089732170105,1.0
783,0.9860529899597168,0.9761983752250671,0.8492159843444824,0.8767019510269165,0.9855949878692627
784,0.0,0.8703345060348511,0.4510185122489929,0.0,0.0
785,0.0,0.9437629580497742,0.0,0.0,0.0
786,0.0,0.9728040099143982,0.0,0.0,0.0
787,0.0,0.9998310208320618,0.9980019927024841,0.0,0.0
788,0.999987006187439,0.9992997050285339,0.9997990131378174,0.9540836811065674,0.9999784827232361
789,0.9989064931869507,0.9995285272598267,0.6523115038871765,0.9999009966850281,0.999364972114563
790,0.9991032481193542,0.998298704624176,0.9998326301574707,0.9731965065002441,0.9992249608039856
791,0.9887999892234802,0.9993326663970947,0.9994304776191711,0.9664523601531982,0.9887999892234802
792,0.9994239807128906,0.9704083204269409,0.9761644601821899,0.9717190265655518,0.9995009899139404
793,0.8245835304260254,0.997234046459198,0.999737024307251,0.9985929727554321,0.8231859803199768
794,0.9996877908706665,0.9990257024765015,0.9996060132980347,0.9996902942657471,0.9996699690818787
795,0.0,0.0,0.0,0.0,0.0
796,0.9998835325241089,0.8391594886779785,0.860187292098999,0.9999852180480957,0.9999037384986877
797,0.9990919828414917,0.9996680021286011,0.9987630248069763,1.0,0.9994660019874573
798,0.9916531443595886,0.9813357591629028,0.9996603727340698,0.8274298906326294,0.9863664507865906
799,0.9996860027313232,0.9999945163726807,0.9999619722366333,0.9993499517440796,0.9996910095214844
800,0.9988917112350464,0.9988512992858887,0.9977924823760986,0.9992197751998901,0.9987857341766357
801,0.6661155223846436,0.9352359771728516,0.7176004648208618,0.7021780014038086,0.667382001876831
802,0.9855110049247742,1.0,0.9996054768562317,0.9991040229797363,0.9862860441207886
803,0.0,0.0,0.0,0.0,0.0
804,0.8657659888267517,0.0,0.8977417349815369,0.9636585116386414,0.8664824962615967
805,0.8220831751823425,0.668680727481842,0.7602825164794922,0.8891811370849609,0.8225555419921875
806,0.9995390176773071,0.9999740123748779,0.6973162293434143,1.0,0.9995700120925903
807,0.9849662780761719,0.8045070171356201,0.9992077350616455,0.974797248840332,0.9855614900588989
808,0.0,0.7977835536003113,0.0,0.0,0.0
809,0.07575073093175888,0.732895016670227,0.6660971641540527,0.583033561706543,0.0851152166724205
810,1.0,0.9990329742431641,0.4993099868297577,0.9995834827423096,1.0
811,0.9045525193214417,0.8402990102767944,0.9795847535133362,0.9989217519760132,0.9121489524841309
812,0.9997450113296509,0.9988946914672852,0.9987750053405762,0.9992396235466003,0.9997166991233826
813,0.0,0.9990270137786865,0.0,0.0,0.0
814,0.9991440176963806,0.9997864961624146,0.9998700022697449,0.9989179968833923,0.9991179704666138
815,0.9991180300712585,0.9999399781227112,0.999130368232727,0.9992929697036743,0.999265730381012
816,0.009535875171422958,0.9859263300895691,0.23402351140975952,0.06020674854516983,0.009280875325202942
817,0.9673314094543457,0.9365175366401672,0.8840870261192322,0.9997348785400391,0.9672031402587891
818,0.7090339660644531,1.0,0.9960014820098877,0.9997086524963379,0.6830229759216309
819,0.986297070980072,0.9999430179595947,0.9321012496948242,0.9785889983177185,0.9869493842124939
820,0.9989225268363953,0.999534010887146,0.9956753849983215,0.9993101954460144,0.9989694952964783
821,0.9388189911842346,0.9409662485122681,0.9134252667427063,0.9564096927642822,0.9384467601776123
822,0.8879910111427307,0.8868695497512817,0.9007810354232788,0.905814528465271,0.8880029916763306
823,0.9125264286994934,0.814732551574707,0.9995429515838623,0.9346305727958679,0.9117666482925415
824,0.0,0.0,0.0,0.0,0.0
825,0.8612412214279175,0.8745757341384888,0.9984733462333679,0.9035559892654419,0.8612825274467468
826,0.8771054148674011,0.7829160094261169,0.8384280204772949,0.9438750743865967,0.8807385563850403
827,0.9980219602584839,0.7045466899871826,0.9978243708610535,0.9994425177574158,0.9981210231781006
828,0.9991524815559387,0.9996783137321472,0.9996299743652344,0.998986005783081,0.998955488204956
829,0.9986734986305237,0.9734786748886108,0.9988415241241455,0.9963803291320801,0.9988099932670593
830,0.9996474981307983,0.9745000600814819,0.9997555017471313,0.999547004699707,0.9994205236434937
831,0.8092256784439087,0.8661300539970398,0.7897846102714539,0.9026610255241394,0.808788001537323
832,0.0,0.9997599720954895,0.9693009853363037,1.0,0.0
833,0.9287880659103394,0.999321460723877,0.9244017004966736,0.8966839909553528,0.9291350245475769
834,0.8827633857727051,0.9998223185539246,0.8449603915214539,0.9054099917411804,0.8833209872245789
835,0.6978179812431335,0.9366860389709473,0.9975454807281494,0.48296159505844116,0.7033386826515198
836,0.9987487196922302,0.9991496801376343,0.999553382396698,0.9993923902511597,0.9987999796867371
837,0.0,0.0,0.0,0.0,0.0
838,0.9994646906852722,0.9994153380393982,0.999965488910675,0.9990473985671997,0.9993969798088074
839,0.8548060059547424,0.8480349779129028,0.9989510178565979,0.9981369972229004,0.8550174832344055
840,0.9995324611663818,0.9995535016059875,0.9999265074729919,0.9994934797286987,0.9995130300521851
841,0.9998220205307007,0.936972975730896,1.0,0.9989979863166809,0.9998224973678589
842,0.846792459487915,0.7772783637046814,0.5611155033111572,0.9177460074424744,0.8468434810638428
843,0.8547550439834595,0.7491859793663025,1.0,0.8261646628379822,0.8518373370170593
844,0.9995390176773071,0.9991683959960938,0.999189019203186,0.9999755024909973,0.99948650598526
845,0.0,0.0,0.0,0.0,0.0
846,0.0,0.9991649985313416,0.7913035154342651,0.0,0.0
847,0.9282273650169373,0.9484134912490845,0.8869659900665283,0.9478174448013306,0.9282609820365906
848,0.9923308491706848,0.9987422823905945,0.9777864217758179,0.9535704255104065,0.9920880198478699
849,0.0,1.0,0.0,0.0,0.0
850,0.8033220171928406,0.8991014957427979,0.7637866735458374,0.8515883684158325,0.8034383654594421
851,0.9736739993095398,0.9983105063438416,0.9999250173568726,0.9766623377799988,0.9747145175933838
852,0.8985351324081421,0.9995017647743225,0.8783779144287109,0.9339916706085205,0.898382842540741
853,0.0,0.9990999698638916,0.9993190169334412,0.016166800633072853,0.0
854,0.9332230091094971,0.9065853953361511,0.998773992061615,0.9986369609832764,0.934033989906311
855,0.9995560050010681,0.99931800365448,0.9991434812545776,0.9693095088005066,0.9995779991149902
856,0.9695484042167664,0.9997303485870361,0.9644387364387512,0.9539546370506287,0.9702288508415222
857,0.7243194580078125,0.8581573367118835,0.9999644756317139,0.7702345848083496,0.7273358702659607
858,0.0,0.9990755319595337,0.8682159781455994,0.0,0.0
859,0.0377318374812603,0.9966883659362793,0.9996093511581421,0.0674038678407669,0.05329221487045288
860,0.6692430377006531,0.8914980292320251,0.9278936386108398,0.9990566968917847,0.67295902967453
861,0.9992720484733582,0.998409628868103,0.9989973902702332,0.9582477807998657,0.9993326663970947
862,0.0,0.9515630006790161,0.7698540091514587,0.0,0.0
863,0.0,0.9976974725723267,0.0,0.0,0.0
864,0.8855944871902466,0.9484854936599731,0.794268012046814,0.8998669981956482,0.8857420086860657
865,0.8484281897544861,0.94561368227005,0.8325515985488892,0.7832303047180176,0.8485722541809082
866,0.0,0.0,0.0,0.0,0.0
867,0.0,0.5336599946022034,0.8842620253562927,0.0,0.0
868,0.0,0.9986249804496765,0.0,0.0,0.0
869,0.7937824726104736,0.915677547454834,0.67706698179245,0.9990174770355225,0.793516993522644
870,0.9980427026748657,0.9970840215682983,0.9933347105979919,0.9993453025817871,0.9979097247123718
871,0.0,1.0,0.0,0.0,0.0
872,0.9760872721672058,0.9997760057449341,0.9995487332344055,0.9707075953483582,0.9759470224380493
873,0.0,0.918595016002655,0.0,0.0,0.0
874,0.9512933492660522,0.9992120265960693,0.9995664954185486,0.9663383364677429,0.953251302242279
875,0.9887530207633972,0.9998282194137573,0.9728723764419556,0.9681951403617859,0.989091157913208
876,0.7037004232406616,0.9856557250022888,0.9968730211257935,0.9624992609024048,0.723800003528595
877,0.8591940402984619,0.9998185038566589,0.999111533164978,0.8868639469146729,0.8613995313644409
878,0.9274692535400391,0.9667717218399048,0.9995236396789551,0.9867124557495117,0.9275172352790833
879,0.0,1.0,0.0,0.0,0.0
880,0.9998909831047058,0.9984229803085327,0.9997705221176147,0.9973124861717224,0.9998379945755005
881,0.0,0.9992467164993286,0.0,0.0,0.0
882,0.9989947080612183,0.8958569765090942,0.9992370009422302,0.9901849627494812,0.9989270567893982
883,0.0,0.9985060095787048,0.0,0.0,0.0
884,0.9979749917984009,0.9997495412826538,0.9991829991340637,0.0,0.9981579780578613
885,0.7448846697807312,0.9987764954566956,0.9945434927940369,0.8461859822273254,0.7468106746673584
886,0.22916699945926666,0.9982205033302307,0.0,0.09798300266265869,0.18644499778747559
887,0.0,0.0,0.873949408531189,0.0,0.0
888,0.9961994886398315,0.8872329592704773,0.9984580278396606,0.9946680068969727,0.9961199760437012
889,0.9210522770881653,0.8620008826255798,0.9994206428527832,0.908538818359375,0.9207474589347839
890,0.8783555030822754,0.999442458152771,0.9997389912605286,0.9599704146385193,0.8748939633369446
891,0.9602115154266357,0.9998547434806824,0.9986550211906433,0.9525617361068726,0.959944486618042
892,0.5802454948425293,0.9994792938232422,0.997514009475708,0.9969375133514404,0.57073974609375
893,0.7738078236579895,0.9036977291107178,0.7828720211982727,0.8758348822593689,0.7752324342727661
894,0.06575450301170349,0.9954252243041992,0.0,0.01804574951529503,0.0700019970536232
895,0.0,0.9990720748901367,0.0,0.0,0.0
896,0.9997889995574951,0.999468982219696,0.0,0.8832499980926514,0.9998899698257446
897,0.999563992023468,0.9162294864654541,0.0,1.0,0.9995660185813904
898,0.9381963610649109,0.9655140042304993,0.7841739654541016,0.9995867013931274,0.9382266402244568
899,0.0,0.7775925397872925,0.0,0.0,0.0
900,0.9442723989486694,0.8724983334541321,0.7906805276870728,0.9712246656417847,0.9441320300102234
901,0.9285062551498413,0.9994243383407593,0.9994516372680664,0.9813132286071777,0.9287572503089905
902,1.0,1.0,0.9996634721755981,0.9999539852142334,1.0
903,0.7874366044998169,0.9997119903564453,0.9990429878234863,0.9388910531997681,0.7799328565597534
904,0.0,0.9995889663696289,0.0,0.0,0.0
905,0.6418030261993408,0.9969789981842041,0.999131977558136,0.9994999766349792,0.6660574674606323
906,0.7824320197105408,0.9994364976882935,0.9118215441703796,0.8067620396614075,0.7854733467102051
907,0.9993299841880798,0.9979569911956787,0.9996399879455566,0.9998056888580322,0.9995516538619995
908,0.0,0.0,0.9995222687721252,0.0,0.0
909,0.9804752469062805,0.9992782473564148,0.7930744886398315,0.9980683326721191,0.9824570417404175
910,0.5191019773483276,0.9765115976333618,0.9999439716339111,0.9944454431533813,0.5115274786949158
911,0.0,0.9692019820213318,0.7714840173721313,0.9984639883041382,0.05147400125861168
912,0.9967483878135681,0.9969539642333984,1.0,0.8972912430763245,0.9966826438903809
913,0.9997529983520508,0.9948744773864746,0.9986264705657959,0.9993990063667297,0.9997050166130066
914,0.9994879961013794,0.8476294875144958,0.9987670183181763,0.9996140003204346,0.999485969543457
915,0.7849804759025574,0.7800702452659607,0.8688997626304626,0.830978274345398,0.7948839068412781
916,0.0,0.9995779991149902,0.8424376845359802,0.0,0.0
917,0.999809980392456,0.9998906850814819,0.999877393245697,0.999147355556488,0.999824047088623
918,0.0,0.9999769926071167,0.8801584839820862,0.0,0.0
919,0.9996063709259033,0.9990100264549255,0.9635226726531982,0.9294760227203369,0.9996060132980347
920,0.9423407316207886,0.8103200197219849,0.8743360042572021,0.7986361980438232,0.9419646263122559
921,0.9996834993362427,0.9994840025901794,0.9999799728393555,0.9476450681686401,0.9996869564056396
922,0.7983685731887817,0.9464684724807739,0.8846823573112488,0.8854643702507019,0.798211932182312
923,0.9997044801712036,0.9992989897727966,0.9995465278625488,0.9993245005607605,0.9997174739837646
924,0.0,0.0,1.0,0.9997180104255676,0.0
925,0.9997714757919312,0.9992239475250244,0.9991444945335388,0.9992604851722717,0.9997619986534119
926,0.823298454284668,0.9566030502319336,0.7453445196151733,0.8305649757385254,0.8230400085449219
927,0.9985424876213074,1.0,0.998834490776062,0.9999170303344727,0.9985485076904297
928,0.0,0.9993189573287964,0.8647689819335938,0.0,0.0
929,0.0,0.7041572332382202,0.4561249911785126,0.9599759578704834,0.0
930,0.9876837730407715,0.99945467710495,0.9994875192642212,0.9938895106315613,0.9878407716751099
931,0.0,0.0,0.0,0.0,0.0
932,0.9288414716720581,0.9059754610061646,0.9773825407028198,0.9989964962005615,0.9289189577102661
933,0.8031858801841736,0.6763169765472412,0.8476712107658386,0.7702412009239197,0.802801251411438
934,0.9996809959411621,0.9997226595878601,0.9348307847976685,0.9996005296707153,0.9998397827148438
935,0.0,0.9996780157089233,0.4599370062351227,0.32579100131988525,0.0
936,0.8831037282943726,0.9504914879798889,0.9997609853744507,0.8943029642105103,0.8825644254684448
937,0.9996634721755981,0.998894989490509,0.9986234903335571,0.9472876787185669,0.9996805191040039
938,0.9994036555290222,0.9997769594192505,0.9996020197868347,0.9997544884681702,0.9996994733810425
939,0.999670684337616,0.9985007047653198,0.9271659851074219,0.9996063709259033,0.9996960163116455
940,0.0,0.8827069997787476,0.0,0.0,0.0
941,0.9136462211608887,0.8642217516899109,0.8675479888916016,0.9365434050559998,0.9151722192764282
942,0.9294945597648621,0.32980436086654663,0.9984332323074341,0.9352272152900696,0.936274528503418
943,1.0,0.9992444515228271,0.9995440244674683,0.9996864795684814,1.0
944,0.9980829954147339,0.9981899857521057,0.9996705055236816,0.9997755289077759,0.9980220198631287
945,0.0,0.0,1.0,0.0,0.0
946,0.9991170167922974,0.9368680119514465,0.7811790704727173,0.999703049659729,0.9989794492721558
947,0.0,0.9991480112075806,0.999966025352478,0.0,0.0
948,0.0,0.9992374777793884,0.5557140111923218,0.3307226896286011,0.0
949,0.8524215221405029,0.9443835020065308,0.9983680248260498,0.9988999962806702,0.8412604928016663
950,0.0,1.0,0.0,0.0,0.0
951,0.9999575018882751,0.999395489692688,0.9997295141220093,0.9991844892501831,0.9999569654464722
952,0.9996539950370789,0.9999294877052307,0.9993243217468262,0.9905773997306824,0.9996534585952759
953,0.0,0.0,0.0,0.0,0.0
954,0.9991509914398193,0.999736487865448,0.9995839595794678,0.9999405145645142,0.9991074800491333
955,0.828279435634613,0.8468120098114014,0.8358199596405029,0.8663069605827332,0.8282724618911743
956,0.0,0.5805519819259644,0.0,0.0,0.0
957,0.9997339844703674,1.0,0.9994499683380127,0.9991099834442139,0.9996960163116455
958,0.0,0.9991466403007507,0.7959370017051697,0.0,0.0
959,0.15992476046085358,0.9631557464599609,0.9997994899749756,0.257267564535141,0.043834421783685684
960,0.9471297264099121,0.9218704700469971,0.9358121752738953,0.9025903940200806,0.9471263885498047
961,0.9989457130432129,0.9996973872184753,0.8670663237571716,0.9879416823387146,0.9993130564689636
962,0.7514907717704773,0.882561981678009,0.9985079765319824,0.9219929575920105,0.7518349885940552
963,0.956169068813324,0.9479508399963379,0.8810175061225891,0.9076741933822632,0.9560964703559875
964,0.33702000975608826,0.0,0.9972590208053589,0.8962479829788208,0.33836498856544495
965,0.0,0.74658203125,0.0,0.0,0.0
966,0.0,0.0,0.9208714962005615,0.0,0.0
967,0.0,0.9993187189102173,0.0,0.0,0.0
968,0.9998409748077393,0.8566009998321533,0.8545689582824707,0.9988830089569092,0.9998359680175781
969,0.9991803169250488,0.9403460025787354,0.9997256994247437,0.9997934103012085,0.9992799758911133
970,0.7249164581298828,0.9991954565048218,0.4988735020160675,0.9103605151176453,0.7290774583816528
971,0.0,0.962568998336792,0.0,0.0,0.0
972,0.9526556730270386,0.9996060132980347,0.9446632266044617,0.9508873224258423,0.9481357336044312
973,0.8700100183486938,0.8750349879264832,0.8951945304870605,0.8608134984970093,0.8700175285339355
974,0.8801279067993164,0.7089425325393677,0.8579308390617371,0.9241657257080078,0.8800070285797119
975,0.9991750121116638,0.9999150037765503,0.9988380074501038,0.9988999962806702,0.9992610216140747
976,0.0,0.7750015258789062,0.7001277208328247,0.0,0.0
977,0.9988420009613037,0.998200535774231,0.8726264834403992,0.9115526676177979,0.9987804889678955
978,0.0,0.48921188712120056,0.0,0.0,0.0
979,0.9982486963272095,0.9988529682159424,0.9990787506103516,0.999366283416748,0.9982633590698242
980,0.967426598072052,0.9780203700065613,0.9998986721038818,0.9389426708221436,0.9682031869888306
981,0.0,0.9955389499664307,0.9983739852905273,0.0,0.0
982,0.9991409778594971,0.9979610443115234,0.9997705221176147,0.9984735250473022,0.9991234540939331
983,0.0,0.7915700078010559,0.0,0.0,0.0
984,1.0,0.9984049797058105,0.9994339942932129,0.9981634616851807,1.0
985,0.0,1.0,0.0,0.0,0.0
986,0.9999642372131348,0.8592862486839294,0.9499150514602661,0.9997503161430359,0.9999681711196899
987,0.0,0.0,0.07823500037193298,0.3304530084133148,0.11245699971914291
988,0.0,0.9855604767799377,0.0,0.0,0.0
989,0.9262462854385376,0.9223322868347168,0.9455311894416809,0.7284703254699707,0.9273221492767334
990,0.0,0.999922513961792,0.0,0.0,0.0
991,0.9989650249481201,0.9988399744033813,0.9989839792251587,0.997501015663147,0.9990159869194031
992,0.9103971719741821,0.8684702515602112,0.8801776170730591,0.9805594682693481,0.9104129672050476
993,0.0,0.9995490312576294,0.0,0.15198659896850586,0.0
994,0.9983630180358887,0.9937419891357422,0.9996820092201233,0.9040666818618774,0.9988784790039062
995,0.0,0.8572270274162292,0.0,0.0,0.0
996,1.0,0.9999110102653503,0.9996734857559204,0.9986990094184875,1.0
997,0.998746395111084,0.9983453750610352,0.998733401298523,0.9996852874755859,0.9986853003501892
998,0.9992929697036743,0.9977206587791443,0.9997760057449341,0.8853435516357422,0.9994540214538574
999,0.7442463636398315,0.9996520280838013,0.9994263648986816,0.6985229849815369,0.7458209991455078
1000,0.9996479749679565,1.0,0.9999755024909973,0.9990429878234863,0.9998000264167786
1001,0.9987635016441345,0.9992890357971191,0.9983217120170593,1.0,0.9986234903335571
1002,0.9993963241577148,0.980987012386322,0.9245307445526123,0.998898983001709,0.9994017481803894
1003,0.9995610117912292,0.5284690260887146,0.9943569898605347,0.9992340207099915,0.9995710253715515
1004,0.9988468289375305,0.9986933469772339,0.9058334827423096,0.9999462366104126,0.9988679885864258
1005,0.9993599653244019,0.9991199970245361,0.9998259544372559,0.9982119798660278,0.9993115067481995
1006,0.8738031387329102,0.9166342616081238,0.9256824254989624,0.9350664019584656,0.8727855086326599
1007,0.7394833564758301,0.8976855278015137,0.7300597429275513,0.8423160314559937,0.7419426441192627
1008,0.9995225071907043,0.9987750053405762,0.9999045133590698,0.9989454746246338,0.9994609951972961
1009,0.998420000076294,0.9993643760681152,0.9995056986808777,0.9994036555290222,0.9988190531730652
1010,0.0,0.7830122113227844,0.4400661885738373,0.0,0.014019429683685303
1011,0.9564536809921265,0.9415359497070312,0.9967552423477173,0.8801170587539673,0.9564926624298096
1012,0.8859853744506836,0.9297962188720703,0.9166175127029419,0.9144876599311829,0.8858613967895508
1013,0.9974319934844971,0.9559003710746765,0.9994034767150879,0.9991710186004639,0.997487485408783
1014,0.9999994039535522,0.0,0.7750603556632996,0.9992517232894897,1.0
1015,0.0,1.0,0.0,0.0,0.0
1016,0.8479743003845215,0.8215330839157104,0.9995586276054382,0.9182383418083191,0.8476083278656006
1017,0.900310754776001,0.9071747660636902,0.9997830390930176,0.9201427698135376,0.9008640050888062
1018,0.9170883893966675,0.8138493895530701,0.800926685333252,0.9250718951225281,0.9171929359436035
1019,0.08448900282382965,0.9991509914398193,0.9996910095214844,0.999179482460022,0.07805600017309189
1020,0.9998576641082764,0.9982696771621704,0.9999053478240967,0.9998640418052673,0.9999269843101501
1021,0.8725289106369019,0.7870182991027832,0.9937307238578796,0.9601954221725464,0.8738417029380798
1022,0.8231630325317383,0.8672252893447876,0.8315523862838745,0.8355779647827148,0.8229700326919556
1023,0.13187634944915771,0.9970877170562744,0.9978004693984985,0.1136145070195198,0.29659125208854675
