,0,1,2,3,4,5,6,7,8,9,10,11,12,13,14,15
0,5.0,6.0,33.0,5.0,23.0,5.0,5.0,5.0,7.0,11.0,5.0,23.0,31.0,9.0,5.0,6.0
1,16.0,11.0,22.0,19.0,18.0,14.0,19.0,22.0,17.0,21.0,17.0,17.0,14.0,15.0,14.0,5.0
3,57.0,64.0,328.0,7.0,112.0,294.0,82.0,5.0,55.0,59.0,9.0,46.0,7.0,5.0,5.0,6.0
7,10.0,20.0,18.0,9.0,21.0,16.0,19.0,20.0,20.0,10.0,16.0,17.0,9.0,17.0,10.0,10.0
20,14.0,2.0,15.0,11.0,11.0,13.0,14.0,5.0,10.0,13.0,15.0,10.0,12.0,4.0,15.0,10.0
31,100.0,109.0,80.0,89.0,94.0,96.0,96.0,97.0,87.0,106.0,61.0,110.0,103.0,80.0,116.0,92.0
37,4.0,2.0,6.0,5.0,6.0,3.0,1.0,3.0,2.0,4.0,611.0,6.0,1.0,1.0,6.0,3.0
41,22.0,13.0,8.0,14.0,10.0,7.0,16.0,7.0,81.0,22.0,10.0,20.0,11.0,6.0,9.0,14.0
43,22.0,20.0,20.0,17.0,22.0,18.0,24.0,18.0,21.0,19.0,20.0,20.0,18.0,20.0,20.0,22.0
46,20.0,18.0,7.0,15.0,18.0,16.0,19.0,19.0,8.0,16.0,16.0,16.0,13.0,14.0,15.0,15.0
48,5.0,1.0,6.0,5.0,3.0,2.0,6.0,2.0,6.0,6.0,2.0,1.0,4.0,8.0,6.0,9.0
49,7.0,6.0,6.0,7.0,5.0,6.0,6.0,9.0,8.0,7.0,7.0,6.0,8.0,7.0,5.0,9.0
51,7.0,7.0,13.0,7.0,48.0,10.0,8.0,6.0,12.0,14.0,8.0,12.0,12.0,13.0,9.0,8.0
54,11.0,18.0,18.0,15.0,16.0,18.0,21.0,14.0,18.0,17.0,16.0,16.0,16.0,21.0,15.0,20.0
58,16.0,24.0,32.0,20.0,15.0,19.0,19.0,29.0,21.0,21.0,19.0,20.0,18.0,18.0,20.0,15.0
89,48.0,39.0,46.0,28.0,43.0,23.0,65.0,38.0,25.0,28.0,35.0,63.0,38.0,52.0,1275.0,79.0
95,13.0,51.0,58.0,24.0,14.0,11.0,73.0,23.0,21.0,22.0,13.0,62.0,43.0,38.0,16.0,106.0
99,5.0,5.0,6.0,5.0,5.0,5.0,5.0,5.0,5.0,5.0,5.0,5.0,5.0,5.0,5.0,5.0
104,46.0,60.0,42.0,25.0,73.0,100.0,50.0,93.0,22.0,61.0,48.0,35.0,10.0,20.0,48.0,44.0
106,42.0,50.0,17.0,46.0,53.0,60.0,51.0,43.0,46.0,47.0,49.0,34.0,44.0,51.0,44.0,53.0
115,11.0,14.0,16.0,13.0,19.0,14.0,21.0,15.0,13.0,12.0,18.0,11.0,24.0,13.0,16.0,14.0
118,10.0,13.0,9.0,10.0,10.0,7.0,22.0,14.0,14.0,16.0,10.0,11.0,18.0,10.0,12.0,15.0
123,10.0,11.0,8.0,12.0,14.0,13.0,14.0,12.0,14.0,16.0,13.0,11.0,11.0,10.0,11.0,12.0
126,22.0,20.0,27.0,12.0,15.0,23.0,15.0,15.0,10.0,14.0,16.0,14.0,17.0,16.0,11.0,17.0
132,107.0,101.0,118.0,163.0,81.0,100.0,95.0,174.0,75.0,130.0,74.0,82.0,136.0,153.0,98.0,103.0
170,5.0,6.0,6.0,6.0,6.0,5.0,6.0,6.0,6.0,6.0,6.0,6.0,6.0,6.0,5.0,6.0
173,5.0,5.0,10.0,7.0,7.0,7.0,6.0,10.0,10.0,7.0,10.0,10.0,6.0,6.0,10.0,6.0
186,34.0,33.0,33.0,33.0,35.0,35.0,31.0,39.0,39.0,34.0,30.0,37.0,34.0,34.0,36.0,35.0
191,35.0,37.0,36.0,27.0,35.0,35.0,37.0,37.0,38.0,38.0,33.0,35.0,38.0,39.0,32.0,31.0
202,8.0,9.0,9.0,9.0,6.0,6.0,5.0,6.0,9.0,5.0,6.0,6.0,6.0,6.0,5.0,5.0
211,5.0,7.0,5.0,6.0,6.0,6.0,7.0,5.0,6.0,6.0,5.0,6.0,5.0,5.0,7.0,6.0
213,17.0,17.0,434.0,22.0,586.0,530.0,13.0,1181.0,501.0,15.0,27.0,462.0,19.0,1118.0,15.0,535.0
224,27.0,27.0,20.0,22.0,25.0,30.0,24.0,25.0,25.0,33.0,24.0,26.0,24.0,21.0,27.0,25.0
248,5.0,5.0,5.0,9.0,9.0,6.0,5.0,5.0,5.0,8.0,9.0,5.0,8.0,5.0,9.0,5.0
250,45.0,18.0,25.0,8.0,27.0,23.0,51.0,23.0,25.0,47.0,39.0,45.0,33.0,45.0,22.0,30.0
253,5.0,9.0,9.0,9.0,9.0,9.0,9.0,9.0,10.0,5.0,9.0,9.0,9.0,9.0,9.0,9.0
254,29.0,26.0,25.0,27.0,30.0,39.0,36.0,29.0,24.0,37.0,28.0,36.0,55.0,34.0,19.0,36.0
256,20.0,21.0,15.0,27.0,26.0,13.0,15.0,25.0,19.0,17.0,24.0,16.0,13.0,18.0,24.0,26.0
258,19.0,37.0,44.0,764.0,792.0,827.0,766.0,797.0,33.0,35.0,52.0,38.0,29.0,42.0,18.0,18.0
262,178.0,85.0,94.0,80.0,106.0,69.0,105.0,189.0,104.0,70.0,112.0,118.0,109.0,92.0,95.0,92.0
266,986.0,835.0,1763.0,1533.0,1518.0,1595.0,1693.0,1685.0,1818.0,1516.0,1711.0,1868.0,899.0,674.0,1514.0,880.0
271,10.0,16.0,11.0,9.0,13.0,11.0,10.0,14.0,10.0,11.0,13.0,13.0,11.0,8.0,9.0,13.0
275,7.0,6.0,6.0,6.0,7.0,7.0,7.0,12.0,7.0,7.0,6.0,13.0,5.0,5.0,13.0,6.0
281,1191.0,31.0,40.0,1217.0,39.0,1267.0,32.0,1252.0,1216.0,1270.0,5.0,1146.0,5.0,1204.0,1256.0,29.0
283,5.0,5.0,6.0,6.0,6.0,6.0,6.0,7.0,5.0,5.0,7.0,6.0,5.0,5.0,6.0,6.0
284,39.0,15.0,34.0,30.0,50.0,41.0,32.0,62.0,94.0,44.0,59.0,58.0,36.0,55.0,43.0,33.0
288,18.0,31.0,26.0,26.0,23.0,21.0,20.0,10.0,17.0,25.0,18.0,21.0,26.0,16.0,780.0,21.0
292,1305.0,1497.0,1306.0,1198.0,1330.0,720.0,580.0,5.0,1328.0,1429.0,1385.0,1563.0,1388.0,1487.0,1343.0,1221.0
296,1178.0,1128.0,1115.0,1161.0,1046.0,1170.0,1118.0,1204.0,1042.0,1177.0,1111.0,1156.0,1197.0,1218.0,1188.0,1038.0
313,6.0,6.0,5.0,5.0,6.0,5.0,5.0,5.0,5.0,5.0,5.0,6.0,5.0,6.0,5.0,5.0
316,1283.0,1371.0,5.0,1299.0,1364.0,6.0,1357.0,5.0,1169.0,1256.0,1337.0,1160.0,5.0,1365.0,1414.0,1373.0
324,6.0,5.0,13.0,8.0,7.0,6.0,6.0,6.0,6.0,9.0,7.0,6.0,6.0,8.0,6.0,5.0
326,955.0,933.0,24.0,956.0,23.0,935.0,944.0,978.0,931.0,988.0,969.0,976.0,917.0,960.0,961.0,880.0
346,1.0,48.0,92.0,61.0,85.0,86.0,86.0,66.0,84.0,71.0,81.0,70.0,1.0,61.0,122.0,48.0
351,8.0,1.0,0.0,0.0,1.0,140.0,5.0,104.0,12.0,8.0,0.0,0.0,0.0,1.0,7.0,1.0
355,11.0,10.0,10.0,4.0,12.0,11.0,6.0,5.0,14.0,4.0,5.0,4.0,5.0,10.0,5.0,10.0
361,52.0,46.0,51.0,55.0,45.0,52.0,42.0,57.0,57.0,47.0,53.0,55.0,55.0,57.0,52.0,52.0
368,59.0,24.0,56.0,54.0,32.0,47.0,60.0,24.0,1162.0,76.0,50.0,25.0,1410.0,40.0,39.0,78.0
369,1058.0,5.0,176.0,215.0,34.0,179.0,247.0,216.0,1379.0,227.0,183.0,273.0,235.0,22.0,7.0,289.0
374,7.0,7.0,7.0,7.0,6.0,6.0,7.0,7.0,6.0,6.0,6.0,6.0,6.0,7.0,6.0,7.0
385,7.0,7.0,9.0,11.0,9.0,7.0,36.0,10.0,8.0,7.0,23.0,19.0,9.0,9.0,24.0,7.0
388,447.0,232.0,8.0,235.0,79.0,250.0,74.0,171.0,243.0,316.0,161.0,187.0,8.0,180.0,351.0,317.0
398,324.0,1265.0,345.0,357.0,0.0,329.0,384.0,579.0,0.0,324.0,1.0,1.0,349.0,477.0,525.0,355.0
406,310.0,47.0,342.0,31.0,366.0,671.0,33.0,561.0,385.0,521.0,382.0,33.0,731.0,32.0,33.0,293.0
407,0.0,1.0,0.0,0.0,0.0,0.0,1.0,0.0,1.0,1.0,0.0,0.0,1.0,1.0,0.0,0.0
408,22.0,17.0,60.0,30.0,27.0,31.0,35.0,19.0,23.0,54.0,25.0,14.0,15.0,25.0,43.0,60.0
420,8.0,13.0,15.0,8.0,18.0,12.0,13.0,12.0,7.0,5.0,8.0,7.0,11.0,12.0,5.0,538.0
421,30.0,15.0,17.0,26.0,18.0,30.0,29.0,15.0,25.0,21.0,30.0,26.0,26.0,26.0,26.0,26.0
426,255.0,196.0,161.0,180.0,189.0,192.0,144.0,202.0,197.0,184.0,245.0,202.0,206.0,149.0,162.0,115.0
428,255.0,1111.0,226.0,16.0,1136.0,1179.0,192.0,220.0,260.0,240.0,226.0,280.0,220.0,206.0,257.0,216.0
430,85.0,122.0,96.0,136.0,78.0,94.0,110.0,136.0,132.0,130.0,85.0,81.0,93.0,89.0,91.0,89.0
435,279.0,6.0,239.0,1136.0,259.0,9.0,248.0,283.0,265.0,271.0,261.0,268.0,248.0,244.0,259.0,229.0
438,13.0,13.0,13.0,13.0,13.0,11.0,12.0,13.0,13.0,12.0,13.0,13.0,12.0,13.0,13.0,13.0
443,832.0,718.0,665.0,7.0,657.0,614.0,5.0,709.0,704.0,7.0,664.0,675.0,5.0,712.0,812.0,730.0
447,16.0,16.0,30.0,21.0,23.0,29.0,18.0,21.0,17.0,17.0,30.0,24.0,28.0,37.0,21.0,30.0
449,9.0,22.0,105.0,16.0,76.0,7.0,86.0,10.0,18.0,21.0,107.0,113.0,65.0,8.0,5.0,18.0
452,119.0,103.0,144.0,73.0,135.0,81.0,119.0,130.0,134.0,114.0,128.0,109.0,76.0,81.0,106.0,119.0
464,35.0,37.0,32.0,37.0,24.0,39.0,100.0,41.0,34.0,39.0,36.0,34.0,48.0,37.0,34.0,97.0
467,1568.0,8.0,1414.0,6.0,1660.0,5.0,1671.0,1637.0,1420.0,5.0,9.0,1610.0,973.0,7.0,1619.0,1473.0
469,26.0,1044.0,549.0,43.0,20.0,28.0,21.0,1150.0,38.0,35.0,28.0,590.0,26.0,29.0,37.0,48.0
470,9.0,95.0,102.0,102.0,151.0,197.0,376.0,68.0,230.0,12.0,227.0,185.0,91.0,105.0,1182.0,135.0
474,14.0,12.0,12.0,16.0,14.0,13.0,13.0,13.0,15.0,6.0,17.0,14.0,15.0,11.0,14.0,14.0
477,14.0,21.0,32.0,23.0,22.0,13.0,28.0,19.0,16.0,20.0,47.0,22.0,21.0,34.0,16.0,16.0
479,53.0,61.0,46.0,49.0,37.0,41.0,53.0,42.0,41.0,50.0,51.0,43.0,54.0,58.0,49.0,44.0
480,859.0,451.0,417.0,5.0,999.0,338.0,530.0,1070.0,5.0,522.0,524.0,446.0,635.0,443.0,489.0,608.0
481,5.0,1346.0,249.0,154.0,163.0,16.0,186.0,244.0,5.0,179.0,224.0,811.0,7.0,191.0,1572.0,171.0
487,1.0,0.0,1.0,0.0,1.0,1.0,1.0,1.0,1.0,1.0,1.0,1.0,1.0,1.0,1.0,1.0
494,33.0,42.0,28.0,61.0,47.0,52.0,44.0,39.0,69.0,36.0,63.0,56.0,27.0,49.0,67.0,47.0
496,59.0,7.0,44.0,5.0,7.0,61.0,8.0,61.0,474.0,51.0,55.0,5.0,59.0,59.0,6.0,570.0
505,43.0,19.0,97.0,37.0,28.0,52.0,40.0,12.0,78.0,49.0,21.0,14.0,16.0,26.0,78.0,65.0
513,1.0,1.0,1.0,1.0,1.0,1.0,1.0,1.0,1.0,1.0,1.0,1.0,1.0,1.0,1.0,1.0
518,47.0,60.0,43.0,67.0,54.0,54.0,41.0,49.0,51.0,44.0,67.0,65.0,46.0,43.0,44.0,55.0
520,1.0,1.0,1.0,1.0,1.0,1.0,1.0,1.0,1.0,1.0,1.0,1.0,1.0,1.0,1.0,1.0
521,1.0,1.0,1.0,1.0,1.0,1.0,1.0,1.0,1.0,1.0,1.0,1.0,1.0,1.0,1.0,1.0
531,9.0,8.0,9.0,8.0,10.0,10.0,7.0,9.0,9.0,9.0,9.0,9.0,10.0,9.0,10.0,11.0
545,9.0,6.0,21.0,16.0,65.0,20.0,64.0,19.0,24.0,58.0,25.0,14.0,17.0,65.0,55.0,9.0
547,19.0,73.0,102.0,66.0,51.0,34.0,38.0,34.0,38.0,52.0,47.0,47.0,85.0,63.0,51.0,102.0
554,1218.0,1209.0,1310.0,1260.0,1307.0,1317.0,1281.0,1318.0,1359.0,1230.0,1271.0,1198.0,441.0,1349.0,1234.0,1220.0
555,11.0,11.0,9.0,11.0,9.0,43.0,8.0,10.0,6.0,9.0,9.0,9.0,7.0,9.0,9.0,40.0
557,54.0,56.0,137.0,62.0,277.0,156.0,236.0,67.0,58.0,66.0,85.0,77.0,53.0,77.0,52.0,58.0
561,23.0,23.0,23.0,22.0,20.0,22.0,24.0,18.0,22.0,21.0,20.0,16.0,20.0,23.0,18.0,23.0
568,1.0,3.0,1.0,1.0,1.0,3.0,1.0,1.0,1.0,1.0,1.0,1.0,1.0,1.0,2.0,2.0
570,71.0,81.0,72.0,87.0,95.0,82.0,62.0,75.0,80.0,61.0,61.0,62.0,84.0,80.0,57.0,121.0
577,32.0,37.0,35.0,31.0,28.0,42.0,36.0,47.0,31.0,36.0,40.0,33.0,32.0,35.0,36.0,41.0
588,5.0,6.0,21.0,5.0,5.0,6.0,5.0,6.0,5.0,5.0,5.0,5.0,5.0,5.0,5.0,5.0
603,5.0,13.0,6.0,8.0,49.0,6.0,6.0,10.0,12.0,15.0,8.0,10.0,23.0,11.0,10.0,6.0
613,8.0,11.0,126.0,144.0,7.0,138.0,7.0,8.0,11.0,9.0,14.0,8.0,13.0,148.0,11.0,42.0
622,75.0,111.0,85.0,94.0,85.0,98.0,97.0,99.0,109.0,89.0,89.0,100.0,89.0,95.0,104.0,101.0
635,1.0,1.0,4604.0,4604.0,1.0,4604.0,4604.0,4604.0,4604.0,1.0,1.0,1.0,1.0,1.0,1.0,1.0
643,8.0,14.0,12.0,17.0,37.0,47.0,54.0,16.0,7.0,10.0,10.0,9.0,16.0,14.0,48.0,46.0
653,11.0,10.0,15.0,14.0,8.0,6.0,1146.0,8.0,16.0,19.0,13.0,12.0,10.0,1188.0,1181.0,6.0
661,2.0,2.0,428.0,2.0,1.0,755.0,2.0,749.0,1.0,1.0,832.0,1.0,1.0,1.0,1.0,974.0
662,182.0,514.0,134.0,150.0,8.0,136.0,264.0,154.0,256.0,10.0,7.0,268.0,165.0,163.0,140.0,225.0
664,6.0,7.0,7.0,41.0,7.0,5.0,6.0,5.0,5.0,40.0,7.0,5.0,28.0,33.0,7.0,7.0
677,16.0,17.0,20.0,11.0,17.0,14.0,23.0,16.0,17.0,21.0,20.0,15.0,24.0,18.0,18.0,17.0
678,3.0,2.0,3.0,5.0,3.0,2.0,1.0,4.0,2.0,1.0,3.0,7.0,8.0,2.0,2.0,4.0
680,78.0,259.0,312.0,14.0,309.0,427.0,19.0,17.0,16.0,9.0,21.0,311.0,16.0,376.0,8.0,409.0
681,2.0,2.0,1.0,937.0,2.0,283.0,367.0,1.0,2.0,1.0,2.0,2.0,3.0,1205.0,3.0,1.0
684,372.0,48.0,360.0,299.0,272.0,17.0,43.0,388.0,237.0,12.0,76.0,302.0,305.0,432.0,13.0,387.0
689,10.0,10.0,8.0,8.0,8.0,8.0,8.0,10.0,7.0,8.0,9.0,7.0,1.0,8.0,9.0,8.0
695,80.0,78.0,72.0,73.0,72.0,68.0,66.0,69.0,60.0,67.0,79.0,85.0,78.0,70.0,70.0,65.0
704,3.0,3.0,3.0,3.0,3.0,3.0,3.0,3.0,3.0,3.0,3.0,3.0,3.0,4.0,3.0,3.0
724,7.0,8.0,9.0,8.0,8.0,7.0,10.0,8.0,7.0,6.0,10.0,9.0,8.0,6.0,6.0,9.0
725,9.0,31.0,8.0,8.0,9.0,95.0,8.0,31.0,9.0,155.0,18.0,8.0,7.0,9.0,8.0,8.0
731,6.0,5.0,4.0,4.0,6.0,5.0,4.0,5.0,5.0,4.0,5.0,5.0,4.0,5.0,5.0,5.0
737,5.0,8.0,8.0,6.0,5.0,4.0,5.0,5.0,6.0,8.0,5.0,6.0,5.0,8.0,7.0,6.0
738,13.0,12.0,13.0,13.0,9.0,12.0,14.0,13.0,14.0,11.0,10.0,13.0,13.0,15.0,13.0,12.0
751,89.0,110.0,106.0,95.0,90.0,97.0,106.0,103.0,112.0,94.0,91.0,112.0,99.0,112.0,94.0,92.0
753,1229.0,1372.0,1226.0,1259.0,1337.0,1259.0,1335.0,1220.0,1272.0,1181.0,1293.0,1266.0,498.0,1350.0,413.0,1267.0
755,13.0,5.0,9.0,11.0,11.0,6.0,5.0,11.0,8.0,13.0,11.0,5.0,11.0,5.0,10.0,9.0
761,10.0,12.0,11.0,11.0,9.0,10.0,5.0,6.0,11.0,8.0,8.0,10.0,17.0,8.0,12.0,14.0
762,6.0,6.0,6.0,6.0,7.0,6.0,6.0,5.0,6.0,6.0,6.0,6.0,5.0,6.0,6.0,8.0
766,118.0,110.0,104.0,112.0,119.0,117.0,112.0,116.0,130.0,118.0,103.0,114.0,108.0,99.0,109.0,113.0
767,14.0,17.0,15.0,9.0,18.0,6.0,16.0,11.0,13.0,12.0,5.0,5.0,11.0,5.0,5.0,12.0
772,4.0,4.0,4.0,5.0,5.0,4.0,4.0,4.0,4.0,4.0,7.0,4.0,4.0,5.0,4.0,5.0
776,19.0,19.0,18.0,18.0,18.0,17.0,17.0,15.0,17.0,18.0,18.0,17.0,19.0,19.0,16.0,14.0
788,32.0,37.0,23.0,35.0,36.0,26.0,34.0,24.0,20.0,28.0,28.0,24.0,27.0,41.0,24.0,30.0
796,7.0,8.0,7.0,7.0,7.0,7.0,7.0,8.0,7.0,9.0,7.0,8.0,7.0,6.0,7.0,7.0
802,7.0,33.0,7.0,27.0,5.0,14.0,27.0,27.0,39.0,23.0,18.0,14.0,23.0,17.0,23.0,24.0
806,67.0,4.0,32.0,32.0,19.0,3.0,3.0,111.0,34.0,42.0,35.0,3.0,26.0,3.0,35.0,780.0
814,28.0,43.0,25.0,56.0,32.0,38.0,38.0,32.0,40.0,44.0,34.0,35.0,34.0,30.0,35.0,29.0
846,2.0,3.0,3.0,2.0,2.0,1.0,2.0,3.0,3.0,4.0,3.0,3.0,3.0,1.0,2.0,1.0
849,9.0,4.0,668.0,713.0,701.0,648.0,690.0,6.0,667.0,837.0,723.0,634.0,754.0,2.0,3.0,645.0
858,5.0,8.0,8.0,9.0,7.0,7.0,6.0,9.0,6.0,5.0,6.0,9.0,6.0,8.0,7.0,8.0
865,136.0,173.0,149.0,127.0,148.0,136.0,151.0,149.0,141.0,146.0,154.0,140.0,135.0,142.0,147.0,143.0
873,100.0,94.0,23.0,20.0,25.0,23.0,27.0,22.0,24.0,25.0,25.0,20.0,24.0,21.0,23.0,110.0
882,1.0,82.0,42.0,1.0,76.0,33.0,124.0,106.0,1.0,66.0,1.0,39.0,1.0,1.0,1.0,105.0
883,28.0,24.0,21.0,29.0,21.0,153.0,24.0,25.0,134.0,21.0,92.0,130.0,22.0,20.0,29.0,26.0
888,37.0,32.0,33.0,37.0,43.0,33.0,40.0,42.0,34.0,40.0,34.0,35.0,37.0,36.0,32.0,25.0
889,868.0,908.0,964.0,978.0,892.0,1010.0,898.0,904.0,1208.0,846.0,878.0,786.0,986.0,959.0,911.0,652.0
893,164.0,157.0,159.0,161.0,2.0,175.0,148.0,165.0,1.0,684.0,2.0,160.0,751.0,161.0,144.0,2.0
894,4.0,4.0,8.0,8.0,9.0,8.0,8.0,8.0,8.0,4.0,8.0,9.0,5.0,7.0,8.0,8.0
901,11.0,5.0,5.0,4.0,50.0,5.0,36.0,797.0,4.0,6.0,105.0,31.0,6.0,4.0,756.0,4.0
907,19.0,45.0,46.0,43.0,34.0,37.0,11.0,50.0,39.0,38.0,67.0,53.0,37.0,44.0,43.0,49.0
909,34.0,24.0,24.0,15.0,22.0,23.0,19.0,28.0,24.0,22.0,34.0,33.0,35.0,23.0,24.0,31.0
918,15.0,21.0,20.0,16.0,21.0,20.0,16.0,15.0,15.0,13.0,15.0,17.0,14.0,16.0,21.0,15.0
921,32.0,547.0,26.0,2.0,427.0,515.0,494.0,2.0,30.0,399.0,501.0,386.0,39.0,536.0,575.0,528.0
924,20.0,19.0,24.0,16.0,15.0,15.0,20.0,17.0,17.0,26.0,25.0,19.0,18.0,20.0,21.0,22.0
928,463.0,1.0,268.0,13.0,30.0,22.0,1.0,27.0,20.0,7.0,1.0,162.0,16.0,17.0,384.0,380.0
933,11.0,28.0,36.0,10.0,32.0,26.0,9.0,35.0,36.0,10.0,33.0,10.0,23.0,10.0,9.0,47.0
934,36.0,33.0,24.0,33.0,28.0,35.0,34.0,31.0,30.0,30.0,33.0,36.0,32.0,30.0,38.0,36.0
938,2.0,1.0,1.0,1.0,1.0,1.0,1.0,2.0,2.0,1.0,1.0,1.0,3.0,2.0,5.0,3.0
941,20.0,21.0,25.0,14.0,16.0,18.0,14.0,24.0,2.0,24.0,25.0,28.0,32.0,26.0,25.0,26.0
950,2.0,1.0,1.0,3.0,920.0,3.0,1.0,1.0,3.0,926.0,3.0,1.0,1.0,3.0,1.0,2.0
953,914.0,742.0,52.0,31.0,27.0,931.0,38.0,22.0,21.0,829.0,534.0,834.0,54.0,65.0,42.0,41.0
954,20.0,18.0,19.0,18.0,15.0,20.0,9.0,19.0,17.0,17.0,21.0,19.0,22.0,20.0,27.0,33.0
958,140.0,260.0,188.0,208.0,1.0,158.0,178.0,198.0,2.0,162.0,116.0,2.0,2.0,193.0,167.0,2.0
960,12.0,32.0,27.0,31.0,23.0,40.0,31.0,11.0,33.0,12.0,11.0,24.0,10.0,10.0,35.0,27.0
969,6.0,12.0,23.0,8.0,7.0,10.0,13.0,23.0,22.0,18.0,9.0,11.0,17.0,21.0,25.0,17.0
970,1.0,271.0,171.0,88.0,1.0,385.0,275.0,277.0,162.0,490.0,2.0,414.0,2.0,137.0,344.0,192.0
971,43.0,13.0,34.0,21.0,21.0,11.0,21.0,19.0,27.0,20.0,43.0,20.0,23.0,20.0,4.0,24.0
975,43.0,47.0,44.0,60.0,61.0,50.0,44.0,49.0,57.0,45.0,39.0,47.0,46.0,56.0,48.0,43.0
994,1896.0,1592.0,1609.0,1684.0,1489.0,1752.0,1778.0,1714.0,1563.0,1696.0,1549.0,1780.0,1710.0,1619.0,1741.0,1579.0
997,26.0,27.0,33.0,25.0,23.0,31.0,19.0,30.0,27.0,30.0,28.0,29.0,26.0,22.0,38.0,24.0
1000,195.0,228.0,226.0,197.0,211.0,221.0,207.0,221.0,198.0,217.0,194.0,221.0,203.0,223.0,212.0,214.0
1003,191.0,199.0,5.0,232.0,251.0,3.0,244.0,251.0,191.0,171.0,131.0,103.0,92.0,197.0,4.0,3.0
1006,32.0,22.0,20.0,23.0,15.0,24.0,29.0,20.0,25.0,22.0,23.0,34.0,19.0,23.0,25.0,30.0
1007,61.0,58.0,64.0,56.0,60.0,59.0,64.0,70.0,58.0,68.0,65.0,59.0,62.0,57.0,61.0,67.0
1010,41.0,51.0,48.0,48.0,50.0,40.0,53.0,48.0,54.0,41.0,45.0,45.0,38.0,49.0,45.0,51.0
1014,372.0,294.0,270.0,275.0,398.0,236.0,297.0,413.0,363.0,222.0,295.0,238.0,259.0,449.0,314.0,314.0
1017,5.0,5.0,5.0,10.0,5.0,5.0,5.0,5.0,5.0,5.0,5.0,9.0,7.0,5.0,5.0,5.0
1018,3.0,1.0,2.0,1.0,1.0,1.0,2.0,818.0,1.0,2.0,1.0,1.0,2.0,556.0,605.0,2.0
1023,37.0,29.0,34.0,44.0,37.0,38.0,36.0,36.0,36.0,28.0,38.0,29.0,38.0,36.0,37.0,40.0
1029,8.0,8.0,2.0,2.0,1.0,8.0,6.0,8.0,8.0,8.0,8.0,1.0,8.0,9.0,8.0,7.0
1031,43.0,35.0,67.0,97.0,132.0,119.0,130.0,100.0,89.0,103.0,118.0,29.0,97.0,72.0,131.0,92.0
1032,25.0,39.0,18.0,18.0,21.0,39.0,24.0,39.0,22.0,20.0,33.0,17.0,29.0,30.0,26.0,18.0
1035,654.0,837.0,836.0,555.0,565.0,654.0,925.0,420.0,693.0,622.0,537.0,5.0,499.0,8.0,9.0,678.0
1040,5.0,5.0,8.0,5.0,5.0,5.0,5.0,5.0,5.0,6.0,5.0,5.0,5.0,5.0,5.0,5.0
1042,20.0,62.0,22.0,38.0,23.0,28.0,29.0,52.0,34.0,25.0,42.0,32.0,28.0,38.0,50.0,49.0
1049,594.0,324.0,448.0,328.0,302.0,238.0,303.0,314.0,281.0,328.0,324.0,304.0,316.0,272.0,261.0,357.0
1051,5.0,6.0,5.0,6.0,5.0,5.0,5.0,5.0,5.0,7.0,5.0,6.0,5.0,6.0,6.0,5.0
1052,1.0,2.0,3.0,1.0,3.0,3.0,1.0,1.0,3.0,3.0,1.0,3.0,1.0,2.0,673.0,3.0
1060,3.0,29.0,3.0,1.0,13.0,3.0,2.0,2.0,1.0,2.0,1.0,1.0,1.0,17.0,2.0,4.0
1067,4.0,4.0,3.0,15.0,138.0,8.0,117.0,283.0,1.0,162.0,57.0,1.0,102.0,11.0,119.0,172.0
1069,62.0,66.0,71.0,63.0,62.0,66.0,63.0,70.0,65.0,71.0,61.0,57.0,64.0,77.0,63.0,68.0
1070,7.0,6.0,6.0,6.0,7.0,5.0,8.0,5.0,8.0,6.0,9.0,6.0,6.0,8.0,6.0,8.0
1071,27.0,26.0,33.0,26.0,30.0,23.0,26.0,31.0,29.0,37.0,23.0,42.0,31.0,20.0,32.0,26.0
1075,25.0,24.0,23.0,24.0,27.0,25.0,23.0,24.0,24.0,23.0,23.0,23.0,25.0,26.0,23.0,24.0
1079,156.0,124.0,179.0,44.0,192.0,69.0,98.0,71.0,62.0,70.0,111.0,93.0,117.0,61.0,112.0,57.0
1083,844.0,309.0,404.0,398.0,328.0,321.0,336.0,318.0,333.0,347.0,487.0,598.0,227.0,275.0,528.0,387.0
1086,5.0,6.0,6.0,6.0,6.0,6.0,5.0,6.0,6.0,6.0,6.0,6.0,6.0,6.0,6.0,6.0
1091,2.0,2.0,1.0,88.0,2.0,2.0,68.0,2.0,1.0,1.0,2.0,1.0,2.0,1.0,1.0,2.0
1093,7.0,7.0,5.0,5.0,6.0,5.0,5.0,5.0,5.0,5.0,5.0,5.0,5.0,5.0,5.0,5.0
1103,21.0,145.0,675.0,21.0,79.0,20.0,215.0,7.0,73.0,189.0,7.0,42.0,22.0,580.0,133.0,7.0
1115,1311.0,1316.0,1319.0,1345.0,1333.0,1354.0,1385.0,1400.0,1350.0,1349.0,1326.0,1321.0,1343.0,1412.0,1319.0,1419.0
1119,604.0,561.0,556.0,558.0,18.0,571.0,601.0,12.0,531.0,624.0,615.0,540.0,659.0,11.0,587.0,15.0
1122,2.0,2.0,1.0,2.0,2.0,1.0,2.0,2.0,2.0,1.0,2.0,2.0,2.0,1.0,2.0,2.0
1133,5.0,4.0,4.0,4.0,4.0,6.0,5.0,5.0,5.0,5.0,5.0,5.0,5.0,3.0,3.0,5.0
1139,15.0,15.0,13.0,13.0,13.0,13.0,13.0,14.0,13.0,13.0,14.0,14.0,13.0,13.0,14.0,15.0
1145,8.0,10.0,10.0,10.0,9.0,12.0,10.0,10.0,10.0,9.0,10.0,11.0,9.0,10.0,9.0,9.0
1147,57.0,305.0,192.0,86.0,120.0,175.0,110.0,149.0,119.0,38.0,270.0,112.0,263.0,134.0,41.0,48.0
1150,4.0,7.0,521.0,8.0,616.0,6.0,7.0,8.0,7.0,5.0,573.0,14.0,10.0,7.0,5.0,591.0
1154,15.0,15.0,12.0,14.0,17.0,11.0,21.0,14.0,834.0,14.0,15.0,16.0,16.0,14.0,22.0,15.0
1157,13.0,13.0,14.0,14.0,14.0,13.0,13.0,14.0,14.0,13.0,13.0,13.0,13.0,13.0,14.0,13.0
1164,76.0,119.0,93.0,122.0,563.0,68.0,91.0,25.0,83.0,125.0,104.0,114.0,78.0,91.0,112.0,114.0
1165,3.0,3.0,3.0,7.0,5.0,3.0,4.0,3.0,7.0,6.0,3.0,3.0,5.0,4.0,3.0,4.0
1191,7.0,7.0,7.0,7.0,7.0,7.0,7.0,7.0,7.0,7.0,7.0,7.0,7.0,7.0,7.0,7.0
1197,13.0,13.0,14.0,14.0,14.0,13.0,13.0,14.0,14.0,13.0,13.0,13.0,13.0,13.0,14.0,13.0
1200,173.0,160.0,189.0,204.0,209.0,164.0,172.0,173.0,195.0,180.0,90.0,181.0,160.0,171.0,172.0,173.0
1204,24.0,18.0,16.0,18.0,29.0,18.0,18.0,17.0,20.0,17.0,18.0,30.0,24.0,24.0,30.0,32.0
1207,7.0,7.0,7.0,7.0,7.0,7.0,6.0,6.0,7.0,6.0,7.0,7.0,7.0,6.0,7.0,7.0
1211,135.0,584.0,100.0,113.0,569.0,104.0,118.0,128.0,105.0,635.0,540.0,468.0,114.0,112.0,125.0,101.0
1218,111.0,23.0,22.0,23.0,21.0,19.0,23.0,13.0,21.0,26.0,28.0,28.0,25.0,18.0,27.0,92.0
1240,6.0,959.0,1024.0,894.0,7.0,972.0,946.0,958.0,913.0,1061.0,973.0,1018.0,934.0,1034.0,972.0,6.0
1244,17.0,15.0,17.0,17.0,16.0,17.0,17.0,17.0,16.0,17.0,17.0,16.0,17.0,16.0,16.0,16.0
1246,24.0,29.0,27.0,24.0,28.0,47.0,25.0,35.0,25.0,32.0,30.0,39.0,30.0,22.0,30.0,31.0
1266,43.0,346.0,207.0,40.0,64.0,436.0,50.0,209.0,193.0,55.0,571.0,55.0,67.0,409.0,406.0,187.0
1270,39.0,46.0,53.0,38.0,42.0,48.0,33.0,53.0,63.0,39.0,62.0,46.0,43.0,50.0,34.0,36.0
1272,10.0,6.0,9.0,9.0,8.0,10.0,7.0,7.0,9.0,7.0,8.0,8.0,10.0,10.0,10.0,9.0
1274,1351.0,1470.0,1146.0,1210.0,5.0,5.0,1198.0,1266.0,6.0,1247.0,1190.0,1540.0,1241.0,1194.0,1156.0,5.0
1280,25.0,24.0,23.0,20.0,21.0,14.0,27.0,28.0,23.0,8.0,21.0,20.0,23.0,23.0,23.0,22.0
1282,171.0,98.0,280.0,214.0,229.0,346.0,267.0,271.0,3.0,110.0,131.0,211.0,125.0,173.0,161.0,293.0
1295,5.0,3.0,3.0,5.0,3.0,4.0,4.0,4.0,2.0,4.0,3.0,3.0,4.0,4.0,3.0,3.0
1300,12.0,15.0,13.0,9.0,16.0,11.0,9.0,14.0,21.0,19.0,20.0,16.0,17.0,16.0,14.0,11.0
1301,2.0,1.0,1.0,1.0,2.0,1.0,1.0,24.0,1.0,21.0,2.0,31.0,1.0,17.0,1.0,2.0
1321,13.0,14.0,13.0,13.0,14.0,14.0,12.0,13.0,14.0,14.0,16.0,13.0,15.0,13.0,13.0,13.0
1327,7.0,221.0,2.0,4.0,327.0,7.0,3.0,269.0,5.0,2.0,8.0,3.0,2.0,3.0,4.0,3.0
1330,4.0,5.0,4.0,4.0,4.0,2.0,4.0,4.0,4.0,3.0,4.0,6.0,4.0,4.0,6.0,3.0
1337,214.0,168.0,193.0,752.0,227.0,344.0,724.0,169.0,678.0,126.0,569.0,741.0,199.0,579.0,864.0,554.0
1340,35.0,127.0,131.0,58.0,44.0,120.0,42.0,145.0,114.0,39.0,41.0,32.0,92.0,129.0,89.0,88.0
1341,65.0,61.0,50.0,63.0,61.0,54.0,51.0,52.0,49.0,72.0,47.0,51.0,56.0,62.0,52.0,55.0
1344,20.0,24.0,30.0,27.0,26.0,29.0,30.0,30.0,31.0,21.0,28.0,28.0,30.0,28.0,27.0,28.0
1349,18.0,16.0,15.0,14.0,18.0,26.0,15.0,16.0,20.0,19.0,15.0,14.0,18.0,20.0,25.0,18.0
1358,12.0,14.0,11.0,13.0,11.0,12.0,11.0,11.0,15.0,11.0,11.0,17.0,17.0,11.0,13.0,11.0
1368,4.0,4.0,4.0,5.0,6.0,5.0,6.0,4.0,6.0,5.0,6.0,5.0,5.0,5.0,5.0,5.0
1372,46.0,45.0,44.0,48.0,36.0,56.0,50.0,63.0,38.0,53.0,43.0,48.0,37.0,47.0,47.0,55.0
1375,6.0,6.0,6.0,6.0,6.0,6.0,6.0,6.0,6.0,6.0,6.0,6.0,6.0,7.0,6.0,6.0
1380,1363.0,1319.0,5.0,5.0,1535.0,1409.0,1488.0,1496.0,1449.0,1419.0,1397.0,1373.0,1349.0,1537.0,1384.0,9.0
1384,26.0,31.0,30.0,30.0,34.0,25.0,24.0,29.0,29.0,33.0,32.0,34.0,35.0,32.0,29.0,32.0
1388,26.0,26.0,42.0,3.0,21.0,26.0,19.0,55.0,4.0,4.0,32.0,3.0,49.0,36.0,23.0,15.0
1391,33.0,33.0,29.0,27.0,36.0,31.0,31.0,31.0,30.0,29.0,30.0,29.0,30.0,31.0,32.0,36.0
1398,499.0,593.0,441.0,600.0,9.0,16.0,12.0,616.0,10.0,10.0,21.0,10.0,21.0,9.0,581.0,22.0
1399,12.0,12.0,13.0,12.0,12.0,12.0,10.0,11.0,12.0,12.0,12.0,12.0,13.0,12.0,12.0,12.0
1404,917.0,225.0,200.0,750.0,220.0,728.0,220.0,909.0,307.0,240.0,484.0,220.0,152.0,516.0,166.0,573.0
1407,8.0,7.0,8.0,8.0,8.0,8.0,8.0,8.0,8.0,8.0,8.0,8.0,8.0,8.0,8.0,7.0
1410,135.0,134.0,130.0,215.0,212.0,147.0,172.0,164.0,114.0,137.0,69.0,129.0,80.0,73.0,133.0,138.0
1415,125.0,118.0,72.0,136.0,159.0,71.0,119.0,76.0,75.0,115.0,51.0,83.0,77.0,115.0,76.0,118.0
1417,14.0,16.0,20.0,30.0,20.0,12.0,21.0,20.0,14.0,20.0,18.0,10.0,23.0,39.0,16.0,19.0
1425,84.0,102.0,102.0,90.0,90.0,104.0,93.0,99.0,93.0,98.0,93.0,99.0,85.0,97.0,103.0,101.0
1429,38.0,28.0,19.0,19.0,41.0,23.0,20.0,22.0,23.0,36.0,31.0,26.0,44.0,15.0,27.0,36.0
1433,6.0,4.0,286.0,4.0,5.0,6.0,2.0,5.0,3.0,4.0,3.0,4.0,3.0,2.0,3.0,3.0
1436,19.0,16.0,16.0,16.0,44.0,20.0,20.0,17.0,15.0,15.0,64.0,15.0,19.0,62.0,16.0,39.0
1437,144.0,199.0,90.0,86.0,170.0,184.0,94.0,139.0,79.0,141.0,156.0,151.0,93.0,92.0,95.0,92.0
1438,13.0,14.0,14.0,14.0,13.0,11.0,13.0,12.0,12.0,14.0,14.0,11.0,14.0,11.0,13.0,13.0
1439,8.0,25.0,28.0,30.0,25.0,25.0,23.0,19.0,23.0,25.0,28.0,25.0,30.0,29.0,25.0,24.0
1441,845.0,796.0,801.0,813.0,838.0,825.0,804.0,789.0,841.0,875.0,825.0,841.0,847.0,896.0,826.0,862.0
1452,23.0,24.0,21.0,23.0,21.0,23.0,22.0,22.0,22.0,22.0,22.0,25.0,22.0,20.0,23.0,23.0
1457,37.0,50.0,50.0,44.0,43.0,59.0,37.0,45.0,55.0,53.0,51.0,50.0,55.0,41.0,49.0,46.0
1465,24.0,41.0,24.0,40.0,35.0,26.0,42.0,25.0,39.0,27.0,41.0,25.0,39.0,36.0,27.0,32.0
1467,13.0,1183.0,21.0,12.0,32.0,32.0,22.0,24.0,1295.0,30.0,20.0,49.0,17.0,8.0,13.0,0.0
1480,8.0,16.0,18.0,7.0,19.0,19.0,20.0,7.0,18.0,8.0,17.0,8.0,16.0,7.0,17.0,8.0
1481,3.0,4.0,19.0,3.0,26.0,41.0,4.0,16.0,11.0,11.0,19.0,4.0,35.0,23.0,14.0,4.0
1485,112.0,28.0,97.0,84.0,127.0,89.0,761.0,531.0,703.0,689.0,84.0,496.0,615.0,142.0,29.0,145.0
1486,40.0,38.0,33.0,40.0,35.0,39.0,44.0,42.0,41.0,41.0,43.0,44.0,35.0,41.0,42.0,36.0
1500,59.0,21.0,21.0,45.0,18.0,17.0,21.0,42.0,26.0,15.0,27.0,28.0,25.0,18.0,7.0,19.0
1501,821.0,820.0,872.0,846.0,898.0,853.0,808.0,836.0,859.0,870.0,866.0,912.0,885.0,815.0,880.0,896.0
1507,8.0,7.0,8.0,7.0,9.0,9.0,7.0,8.0,7.0,7.0,8.0,8.0,7.0,9.0,7.0,8.0
1515,26.0,61.0,89.0,73.0,94.0,84.0,73.0,27.0,26.0,59.0,41.0,24.0,25.0,57.0,68.0,65.0
1517,7.0,8.0,8.0,8.0,8.0,8.0,10.0,7.0,8.0,7.0,7.0,8.0,7.0,7.0,8.0,7.0
1518,51.0,64.0,57.0,65.0,68.0,61.0,66.0,57.0,61.0,68.0,23.0,72.0,17.0,64.0,80.0,65.0
1532,81.0,102.0,78.0,87.0,56.0,87.0,58.0,51.0,63.0,63.0,84.0,24.0,69.0,58.0,75.0,71.0
1533,110.0,75.0,135.0,112.0,36.0,53.0,63.0,43.0,49.0,36.0,208.0,53.0,113.0,53.0,34.0,130.0
1538,27.0,18.0,15.0,45.0,81.0,15.0,96.0,21.0,16.0,25.0,17.0,19.0,14.0,24.0,48.0,22.0
1540,1507.0,1308.0,1466.0,1527.0,1327.0,1815.0,1480.0,1360.0,1479.0,1356.0,1351.0,1396.0,1475.0,1540.0,1409.0,1414.0
1542,7.0,1.0,2.0,1.0,1.0,1.0,1.0,1.0,8.0,1.0,6.0,6.0,9.0,6.0,6.0,6.0
1547,62.0,960.0,360.0,11.0,1028.0,8.0,14.0,10.0,24.0,936.0,36.0,925.0,564.0,983.0,409.0,397.0
1558,8.0,21.0,49.0,21.0,9.0,8.0,7.0,8.0,59.0,679.0,8.0,8.0,6.0,65.0,28.0,9.0
1560,83.0,123.0,88.0,75.0,69.0,65.0,82.0,264.0,86.0,43.0,32.0,509.0,27.0,88.0,69.0,69.0
1575,4604.0,4604.0,4604.0,3.0,3.0,3.0,4604.0,3.0,4604.0,4604.0,3.0,4604.0,4604.0,3.0,4604.0,4604.0
1576,365.0,793.0,8.0,868.0,293.0,792.0,287.0,260.0,258.0,230.0,875.0,250.0,816.0,210.0,249.0,280.0
1587,40.0,20.0,14.0,37.0,19.0,12.0,14.0,18.0,19.0,21.0,38.0,18.0,20.0,20.0,8.0,13.0
1588,63.0,61.0,71.0,67.0,71.0,91.0,72.0,82.0,54.0,108.0,67.0,71.0,65.0,70.0,57.0,72.0
1589,24.0,20.0,27.0,21.0,26.0,22.0,32.0,26.0,27.0,31.0,21.0,26.0,35.0,28.0,28.0,29.0
1591,999.0,723.0,953.0,610.0,893.0,730.0,923.0,222.0,711.0,957.0,672.0,924.0,910.0,238.0,1083.0,686.0
1592,1573.0,34.0,30.0,70.0,1150.0,30.0,10.0,36.0,16.0,30.0,23.0,32.0,40.0,9.0,19.0,35.0
1595,4604.0,2.0,2.0,2.0,2.0,2.0,2.0,4604.0,4604.0,2.0,4604.0,4604.0,4604.0,4604.0,4604.0,4604.0
1607,6.0,6.0,6.0,6.0,6.0,6.0,6.0,6.0,6.0,6.0,6.0,6.0,6.0,7.0,6.0,6.0
1611,152.0,321.0,128.0,135.0,144.0,36.0,191.0,185.0,195.0,141.0,181.0,204.0,265.0,167.0,167.0,157.0
1630,18.0,21.0,29.0,13.0,21.0,20.0,21.0,22.0,32.0,27.0,28.0,26.0,26.0,27.0,24.0,17.0
1634,5.0,4604.0,4.0,4604.0,5.0,5.0,4604.0,5.0,4604.0,4.0,7.0,4.0,4604.0,4604.0,3.0,5.0
1653,1156.0,727.0,14.0,922.0,637.0,44.0,55.0,610.0,17.0,46.0,851.0,621.0,594.0,1024.0,15.0,1284.0
1655,35.0,22.0,26.0,23.0,29.0,29.0,27.0,24.0,23.0,27.0,24.0,24.0,26.0,26.0,27.0,25.0
1664,112.0,154.0,145.0,96.0,141.0,111.0,183.0,147.0,150.0,143.0,126.0,142.0,138.0,145.0,173.0,162.0
1667,39.0,32.0,41.0,30.0,36.0,39.0,37.0,35.0,36.0,39.0,32.0,38.0,37.0,37.0,35.0,36.0
1672,693.0,1188.0,354.0,1183.0,720.0,727.0,544.0,791.0,1213.0,5.0,372.0,712.0,1301.0,1296.0,71.0,53.0
1684,9.0,9.0,974.0,10.0,9.0,1007.0,928.0,946.0,7.0,985.0,948.0,5.0,21.0,9.0,979.0,6.0
1687,28.0,30.0,29.0,30.0,28.0,27.0,24.0,25.0,28.0,24.0,29.0,27.0,27.0,24.0,26.0,28.0
1707,70.0,65.0,66.0,71.0,78.0,84.0,61.0,70.0,61.0,90.0,67.0,71.0,74.0,77.0,63.0,64.0
1709,41.0,35.0,39.0,48.0,51.0,44.0,38.0,52.0,39.0,52.0,34.0,48.0,47.0,45.0,42.0,43.0
1713,581.0,602.0,614.0,501.0,648.0,546.0,568.0,669.0,954.0,580.0,228.0,873.0,852.0,538.0,1013.0,502.0
1718,14.0,6.0,14.0,5.0,6.0,6.0,6.0,969.0,976.0,973.0,6.0,5.0,981.0,7.0,979.0,6.0
1720,21.0,18.0,16.0,21.0,22.0,22.0,61.0,20.0,14.0,83.0,20.0,433.0,21.0,23.0,19.0,22.0
1721,0.0,0.0,0.0,0.0,0.0,0.0,0.0,0.0,0.0,0.0,0.0,0.0,0.0,0.0,0.0,0.0
1726,3.0,2.0,3.0,3.0,2.0,3.0,3.0,2.0,3.0,1.0,2.0,4.0,1.0,3.0,3.0,3.0
1734,1049.0,1035.0,1029.0,1004.0,1030.0,1135.0,1145.0,1096.0,1011.0,1077.0,1018.0,1022.0,1013.0,1028.0,2.0,1113.0
1745,68.0,371.0,194.0,145.0,239.0,197.0,70.0,77.0,77.0,389.0,71.0,107.0,61.0,66.0,86.0,194.0
1749,92.0,122.0,116.0,106.0,94.0,72.0,135.0,126.0,113.0,89.0,132.0,89.0,113.0,110.0,104.0,97.0
1753,1701.0,1308.0,1460.0,0.0,1306.0,1818.0,1484.0,0.0,0.0,1367.0,1356.0,1438.0,1484.0,1531.0,1411.0,1428.0
1757,56.0,45.0,50.0,45.0,49.0,55.0,51.0,50.0,45.0,668.0,54.0,44.0,493.0,43.0,45.0,565.0
1765,14.0,16.0,16.0,14.0,15.0,15.0,14.0,14.0,15.0,15.0,15.0,14.0,14.0,13.0,15.0,14.0
1772,946.0,913.0,5.0,50.0,43.0,961.0,963.0,978.0,975.0,53.0,45.0,40.0,954.0,932.0,943.0,48.0
1775,1862.0,1579.0,1829.0,1574.0,1551.0,1830.0,1374.0,1413.0,1540.0,1664.0,1539.0,1470.0,1733.0,1447.0,1585.0,1477.0
1782,5.0,6.0,5.0,5.0,6.0,6.0,5.0,6.0,6.0,4604.0,6.0,6.0,5.0,7.0,5.0,5.0
1786,7.0,6.0,5.0,6.0,7.0,5.0,8.0,6.0,5.0,7.0,6.0,6.0,6.0,7.0,7.0,7.0
1788,1.0,1.0,4604.0,1.0,1.0,1.0,1.0,1.0,1.0,1.0,1.0,4604.0,4604.0,4604.0,1.0,1.0
1808,1857.0,110.0,1602.0,1668.0,1697.0,1855.0,1750.0,1598.0,1636.0,1568.0,1398.0,100.0,1721.0,1361.0,1404.0,1532.0
1816,6.0,7.0,8.0,8.0,9.0,8.0,7.0,7.0,7.0,7.0,7.0,7.0,8.0,7.0,7.0,7.0
1825,53.0,56.0,74.0,56.0,40.0,83.0,69.0,72.0,55.0,65.0,91.0,59.0,59.0,65.0,60.0,62.0
1833,1842.0,1606.0,1601.0,1696.0,1657.0,14.0,1746.0,1688.0,1517.0,1643.0,1681.0,1646.0,1683.0,15.0,1703.0,1557.0
1840,11.0,11.0,11.0,11.0,11.0,11.0,11.0,11.0,11.0,11.0,11.0,11.0,10.0,11.0,11.0,11.0
1850,44.0,37.0,55.0,68.0,58.0,19.0,13.0,73.0,41.0,43.0,47.0,42.0,48.0,39.0,18.0,47.0
1856,38.0,31.0,22.0,28.0,28.0,5.0,34.0,31.0,21.0,22.0,37.0,34.0,35.0,32.0,29.0,19.0
1858,21.0,21.0,19.0,21.0,19.0,20.0,21.0,21.0,21.0,20.0,19.0,18.0,18.0,21.0,21.0,17.0
1860,30.0,34.0,571.0,28.0,1115.0,44.0,36.0,1137.0,40.0,19.0,44.0,32.0,25.0,121.0,41.0,27.0
1865,40.0,58.0,45.0,57.0,42.0,65.0,79.0,84.0,40.0,35.0,41.0,41.0,43.0,57.0,38.0,65.0
1874,129.0,20.0,105.0,92.0,174.0,60.0,140.0,79.0,113.0,96.0,125.0,88.0,137.0,93.0,180.0,63.0
1880,609.0,1414.0,34.0,1164.0,47.0,315.0,52.0,96.0,1203.0,786.0,78.0,1059.0,34.0,1030.0,1301.0,1104.0
1881,0.0,1.0,0.0,0.0,1.0,0.0,0.0,1.0,0.0,1.0,1.0,0.0,1.0,0.0,0.0,2.0
1891,68.0,84.0,86.0,76.0,77.0,138.0,95.0,154.0,71.0,112.0,97.0,137.0,52.0,76.0,105.0,69.0
1899,5.0,2.0,3.0,3.0,3.0,5.0,2.0,7.0,5.0,5.0,5.0,3.0,4.0,3.0,6.0,5.0
1903,69.0,65.0,63.0,47.0,60.0,58.0,71.0,61.0,60.0,26.0,45.0,66.0,44.0,39.0,67.0,71.0
1907,10.0,10.0,10.0,6.0,8.0,10.0,9.0,9.0,9.0,10.0,10.0,10.0,10.0,9.0,9.0,9.0
1911,1.0,1217.0,1.0,1.0,1.0,1.0,1.0,1.0,1.0,1.0,1.0,1.0,1.0,937.0,1.0,1.0
1920,950.0,54.0,53.0,1273.0,6.0,71.0,41.0,1368.0,6.0,52.0,58.0,1470.0,6.0,5.0,6.0,6.0
1931,39.0,41.0,93.0,27.0,25.0,18.0,35.0,24.0,95.0,7.0,6.0,6.0,79.0,7.0,29.0,332.0
1934,1.0,0.0,1.0,0.0,0.0,0.0,0.0,1.0,0.0,0.0,0.0,1.0,1.0,0.0,1.0,0.0
1939,8.0,6.0,413.0,351.0,288.0,7.0,7.0,6.0,8.0,312.0,18.0,7.0,7.0,10.0,8.0,10.0
1946,5.0,6.0,5.0,6.0,6.0,9.0,6.0,5.0,5.0,5.0,5.0,5.0,7.0,7.0,5.0,5.0
1958,28.0,32.0,26.0,39.0,29.0,27.0,19.0,22.0,24.0,31.0,23.0,37.0,20.0,27.0,28.0,30.0
1960,4604.0,5.0,5.0,6.0,5.0,6.0,5.0,5.0,5.0,5.0,5.0,5.0,5.0,5.0,3.0,5.0
1976,11.0,4604.0,10.0,5.0,7.0,11.0,10.0,5.0,7.0,11.0,10.0,5.0,8.0,8.0,8.0,4.0
1984,5.0,5.0,4604.0,5.0,5.0,5.0,5.0,5.0,5.0,5.0,5.0,5.0,5.0,5.0,5.0,5.0
1993,6.0,5.0,5.0,7.0,5.0,5.0,6.0,5.0,6.0,6.0,5.0,5.0,5.0,5.0,6.0,5.0
2001,80.0,33.0,16.0,36.0,35.0,48.0,49.0,39.0,83.0,34.0,41.0,43.0,16.0,17.0,28.0,36.0
2005,33.0,39.0,37.0,42.0,34.0,37.0,51.0,49.0,32.0,11.0,47.0,58.0,51.0,9.0,53.0,45.0
2006,8.0,15.0,15.0,15.0,15.0,15.0,13.0,7.0,6.0,14.0,15.0,15.0,15.0,15.0,15.0,15.0
2009,532.0,1193.0,902.0,656.0,1325.0,788.0,1337.0,776.0,1312.0,1231.0,1264.0,708.0,7.0,1181.0,1299.0,1347.0
2013,1.0,0.0,0.0,0.0,1.0,1.0,0.0,0.0,0.0,1.0,1.0,0.0,1.0,1.0,0.0,1.0
2015,47.0,18.0,95.0,28.0,39.0,297.0,57.0,146.0,215.0,44.0,520.0,51.0,399.0,415.0,62.0,200.0
2024,4604.0,4604.0,4604.0,2.0,4604.0,4604.0,2.0,2.0,2.0,4604.0,4604.0,2.0,2.0,4604.0,2.0,2.0
2026,178.0,158.0,183.0,196.0,184.0,207.0,203.0,219.0,34.0,188.0,259.0,179.0,174.0,214.0,158.0,248.0
2034,12.0,8.0,13.0,10.0,14.0,11.0,11.0,13.0,5.0,14.0,11.0,15.0,10.0,11.0,9.0,14.0
2039,20.0,19.0,23.0,22.0,23.0,23.0,20.0,20.0,23.0,19.0,21.0,20.0,22.0,21.0,20.0,21.0
2044,538.0,499.0,416.0,462.0,648.0,45.0,40.0,535.0,629.0,555.0,895.0,40.0,41.0,421.0,516.0,564.0
2048,236.0,196.0,252.0,237.0,161.0,250.0,169.0,242.0,124.0,216.0,439.0,210.0,216.0,274.0,234.0,125.0
2053,5.0,11.0,9.0,10.0,9.0,10.0,10.0,10.0,4604.0,10.0,10.0,9.0,8.0,10.0,10.0,10.0
2058,8.0,7.0,8.0,7.0,8.0,9.0,7.0,7.0,6.0,6.0,8.0,7.0,8.0,8.0,8.0,8.0
2060,43.0,121.0,139.0,60.0,82.0,94.0,76.0,144.0,102.0,41.0,40.0,32.0,91.0,102.0,29.0,93.0
2062,4604.0,5.0,5.0,5.0,5.0,5.0,5.0,5.0,5.0,5.0,5.0,5.0,5.0,5.0,5.0,5.0
2072,8.0,10.0,8.0,9.0,11.0,9.0,10.0,11.0,10.0,8.0,11.0,8.0,10.0,11.0,9.0,10.0
2094,139.0,32.0,50.0,29.0,157.0,23.0,132.0,55.0,153.0,30.0,19.0,206.0,84.0,166.0,45.0,31.0
2100,29.0,38.0,28.0,46.0,41.0,26.0,36.0,35.0,670.0,89.0,41.0,28.0,40.0,29.0,769.0,26.0
2105,83.0,24.0,69.0,69.0,64.0,97.0,81.0,73.0,65.0,85.0,65.0,67.0,68.0,68.0,87.0,65.0
2122,4.0,4.0,4604.0,4604.0,4.0,4.0,5.0,4604.0,5.0,6.0,5.0,5.0,4.0,4604.0,4.0,4604.0
2125,7.0,7.0,4604.0,7.0,7.0,7.0,5.0,7.0,7.0,7.0,7.0,7.0,7.0,7.0,7.0,6.0
2128,21.0,11.0,12.0,12.0,10.0,13.0,10.0,30.0,11.0,8.0,27.0,13.0,13.0,12.0,11.0,13.0
2129,12.0,66.0,35.0,48.0,6.0,983.0,972.0,965.0,46.0,34.0,964.0,33.0,45.0,70.0,63.0,63.0
2135,12.0,12.0,12.0,12.0,12.0,11.0,13.0,12.0,10.0,13.0,11.0,12.0,12.0,10.0,11.0,12.0
2141,11.0,12.0,11.0,9.0,9.0,13.0,9.0,13.0,11.0,11.0,9.0,11.0,11.0,13.0,11.0,17.0
2143,8.0,8.0,8.0,8.0,7.0,5.0,7.0,6.0,8.0,4604.0,7.0,8.0,8.0,5.0,8.0,8.0
2149,5.0,5.0,5.0,5.0,5.0,5.0,5.0,5.0,4.0,5.0,5.0,6.0,5.0,5.0,5.0,5.0
2157,8.0,7.0,707.0,701.0,8.0,787.0,6.0,8.0,778.0,8.0,607.0,919.0,13.0,11.0,13.0,880.0
2166,4604.0,7.0,4604.0,4.0,7.0,7.0,4.0,7.0,3.0,7.0,7.0,7.0,7.0,6.0,6.0,4604.0
2168,11.0,10.0,10.0,10.0,11.0,9.0,10.0,10.0,9.0,11.0,10.0,10.0,10.0,10.0,9.0,10.0
2173,54.0,64.0,8.0,57.0,62.0,75.0,55.0,58.0,56.0,56.0,13.0,59.0,56.0,58.0,56.0,61.0
2174,5.0,8.0,5.0,6.0,7.0,8.0,6.0,5.0,8.0,6.0,6.0,7.0,5.0,7.0,7.0,5.0
2189,10.0,11.0,9.0,10.0,11.0,8.0,11.0,10.0,8.0,11.0,10.0,10.0,10.0,7.0,10.0,11.0
2201,14.0,14.0,15.0,16.0,14.0,14.0,12.0,13.0,11.0,13.0,12.0,11.0,14.0,16.0,14.0,11.0
2202,6.0,7.0,7.0,7.0,7.0,6.0,7.0,7.0,7.0,7.0,7.0,7.0,7.0,7.0,6.0,7.0
2205,295.0,352.0,328.0,137.0,352.0,310.0,189.0,466.0,261.0,157.0,308.0,157.0,26.0,122.0,332.0,127.0
2215,17.0,24.0,21.0,47.0,19.0,52.0,23.0,45.0,45.0,27.0,46.0,17.0,21.0,23.0,18.0,43.0
2217,1.0,1.0,1.0,1.0,1.0,1.0,1.0,1.0,2.0,1.0,1.0,1.0,1.0,1.0,1.0,1.0
2230,1.0,1.0,1.0,1.0,1.0,1.0,1.0,1.0,1.0,1.0,1.0,1.0,1.0,1.0,1.0,1.0
2243,24.0,25.0,33.0,26.0,30.0,31.0,34.0,31.0,32.0,32.0,25.0,22.0,35.0,15.0,33.0,32.0
2247,925.0,922.0,908.0,953.0,958.0,954.0,917.0,947.0,939.0,938.0,928.0,961.0,934.0,908.0,970.0,923.0
2255,27.0,20.0,23.0,32.0,29.0,28.0,17.0,31.0,35.0,24.0,26.0,18.0,53.0,33.0,29.0,24.0
2256,50.0,131.0,121.0,94.0,58.0,74.0,116.0,117.0,75.0,118.0,93.0,88.0,100.0,106.0,84.0,16.0
2272,1155.0,1101.0,1193.0,1198.0,1150.0,1086.0,1199.0,1051.0,1124.0,1244.0,1044.0,1245.0,1122.0,1161.0,1093.0,1472.0
2302,134.0,143.0,127.0,185.0,191.0,171.0,158.0,151.0,154.0,133.0,125.0,187.0,128.0,219.0,200.0,125.0
2311,233.0,53.0,325.0,38.0,275.0,49.0,60.0,52.0,62.0,57.0,54.0,53.0,253.0,48.0,52.0,46.0
2316,189.0,207.0,211.0,188.0,205.0,209.0,190.0,215.0,188.0,193.0,196.0,206.0,160.0,209.0,197.0,198.0
2333,43.0,100.0,100.0,80.0,90.0,67.0,63.0,54.0,53.0,67.0,87.0,95.0,198.0,73.0,31.0,216.0
2336,651.0,505.0,641.0,624.0,59.0,727.0,42.0,484.0,613.0,621.0,318.0,608.0,1116.0,615.0,581.0,570.0
2337,6.0,7.0,6.0,7.0,8.0,8.0,6.0,7.0,7.0,7.0,6.0,7.0,7.0,7.0,8.0,7.0
2341,84.0,103.0,8.0,5.0,91.0,97.0,100.0,189.0,72.0,89.0,172.0,178.0,88.0,92.0,56.0,98.0
2347,9.0,12.0,5.0,8.0,9.0,9.0,9.0,9.0,6.0,9.0,9.0,9.0,9.0,72.0,8.0,8.0
2351,44.0,62.0,29.0,33.0,81.0,83.0,29.0,62.0,25.0,79.0,72.0,63.0,68.0,79.0,79.0,84.0
2364,4.0,5.0,3.0,5.0,4604.0,5.0,4.0,4604.0,5.0,4.0,4.0,4.0,3.0,4604.0,3.0,4.0
2365,26.0,29.0,27.0,30.0,26.0,28.0,26.0,29.0,27.0,25.0,26.0,28.0,29.0,24.0,27.0,28.0
2374,7.0,6.0,6.0,5.0,6.0,6.0,7.0,7.0,7.0,7.0,9.0,5.0,6.0,5.0,8.0,8.0
2404,1026.0,109.0,1002.0,1055.0,1030.0,1030.0,1012.0,1040.0,121.0,88.0,1042.0,1034.0,132.0,43.0,1012.0,88.0
2412,42.0,66.0,64.0,46.0,48.0,81.0,56.0,71.0,38.0,47.0,44.0,40.0,37.0,44.0,45.0,73.0
2413,902.0,1000.0,899.0,926.0,964.0,842.0,958.0,1042.0,900.0,839.0,711.0,887.0,884.0,884.0,714.0,768.0
2420,1.0,1.0,1.0,1.0,1.0,1.0,1.0,1.0,1.0,1.0,1.0,1.0,1.0,1.0,1.0,1.0
2429,79.0,133.0,108.0,98.0,73.0,110.0,60.0,119.0,67.0,120.0,86.0,66.0,112.0,77.0,108.0,117.0
2430,46.0,41.0,52.0,27.0,110.0,57.0,43.0,39.0,64.0,47.0,40.0,45.0,19.0,43.0,65.0,52.0
2434,37.0,36.0,38.0,32.0,38.0,38.0,36.0,40.0,34.0,41.0,33.0,41.0,29.0,38.0,35.0,36.0
2456,73.0,152.0,119.0,154.0,158.0,222.0,182.0,237.0,177.0,82.0,136.0,51.0,332.0,134.0,383.0,341.0
2460,4.0,4604.0,4604.0,4.0,4.0,4.0,4.0,4604.0,4.0,4604.0,4604.0,3.0,4604.0,4604.0,4604.0,4604.0
2470,1.0,1.0,1.0,1.0,1.0,1.0,1.0,1.0,1.0,1.0,1.0,1.0,1.0,1.0,1.0,16.0
2474,4.0,4.0,4.0,4604.0,4.0,3.0,4.0,4.0,4.0,4.0,4.0,4.0,4604.0,4.0,4.0,4604.0
2476,83.0,52.0,18.0,79.0,73.0,65.0,92.0,94.0,23.0,21.0,17.0,29.0,74.0,82.0,79.0,74.0
2485,648.0,798.0,3.0,799.0,5.0,758.0,539.0,1015.0,907.0,46.0,5.0,41.0,973.0,895.0,5.0,40.0
2486,386.0,426.0,402.0,409.0,406.0,415.0,379.0,396.0,378.0,435.0,396.0,396.0,383.0,407.0,402.0,418.0
2495,2.0,1.0,1.0,1.0,1.0,1.0,1.0,1.0,1.0,1.0,2.0,1.0,2.0,1.0,1.0,1.0
2501,60.0,69.0,59.0,69.0,69.0,74.0,82.0,69.0,70.0,39.0,59.0,72.0,77.0,56.0,93.0,81.0
2504,28.0,45.0,32.0,27.0,34.0,20.0,25.0,33.0,39.0,40.0,29.0,33.0,37.0,32.0,38.0,42.0
2509,6.0,7.0,8.0,40.0,947.0,6.0,7.0,8.0,10.0,8.0,7.0,7.0,7.0,12.0,8.0,6.0
2510,169.0,143.0,348.0,111.0,253.0,299.0,299.0,175.0,191.0,160.0,334.0,232.0,155.0,298.0,225.0,143.0
2523,967.0,828.0,861.0,960.0,1068.0,1149.0,1162.0,962.0,927.0,1079.0,698.0,922.0,593.0,1.0,1197.0,916.0
2528,4604.0,4604.0,1.0,1.0,4604.0,4604.0,2.0,1.0,1.0,2.0,1.0,2.0,4604.0,1.0,1.0,4604.0
2531,2.0,1.0,2.0,4604.0,2.0,2.0,4604.0,2.0,4604.0,2.0,2.0,4604.0,4604.0,4604.0,2.0,2.0
2544,12.0,8.0,351.0,444.0,44.0,9.0,8.0,11.0,13.0,455.0,539.0,538.0,37.0,43.0,20.0,32.0
2545,63.0,495.0,15.0,26.0,26.0,103.0,6.0,36.0,20.0,9.0,9.0,11.0,27.0,22.0,23.0,24.0
2548,25.0,23.0,24.0,23.0,24.0,26.0,25.0,24.0,24.0,23.0,24.0,24.0,23.0,23.0,24.0,24.0
2552,1.0,1.0,1.0,2.0,2.0,1.0,1.0,1.0,1.0,3.0,3.0,1.0,1.0,1.0,1.0,3.0
2556,30.0,102.0,57.0,66.0,62.0,475.0,36.0,32.0,165.0,180.0,138.0,74.0,21.0,19.0,119.0,34.0
2558,10.0,10.0,11.0,12.0,9.0,6.0,7.0,11.0,11.0,11.0,12.0,9.0,12.0,11.0,9.0,11.0
2562,693.0,300.0,629.0,276.0,247.0,379.0,640.0,698.0,648.0,720.0,746.0,133.0,811.0,631.0,693.0,817.0
2564,4604.0,4604.0,1.0,1.0,1.0,2.0,2.0,2.0,4604.0,1.0,1.0,4604.0,1.0,2.0,4604.0,2.0
2571,23.0,27.0,25.0,27.0,26.0,25.0,24.0,29.0,22.0,22.0,23.0,25.0,26.0,29.0,20.0,27.0
2598,700.0,603.0,793.0,706.0,747.0,742.0,688.0,723.0,816.0,646.0,594.0,622.0,751.0,708.0,647.0,629.0
2606,74.0,43.0,33.0,34.0,130.0,49.0,49.0,109.0,42.0,51.0,41.0,37.0,37.0,233.0,37.0,33.0
2607,4604.0,4604.0,2.0,2.0,2.0,4604.0,4604.0,2.0,4604.0,2.0,3.0,2.0,4604.0,2.0,2.0,2.0
2620,17.0,51.0,95.0,202.0,463.0,72.0,58.0,89.0,200.0,337.0,55.0,42.0,53.0,36.0,23.0,62.0
2630,167.0,829.0,103.0,172.0,93.0,165.0,120.0,103.0,137.0,108.0,93.0,89.0,101.0,106.0,150.0,104.0
2645,4604.0,2.0,3.0,4604.0,3.0,3.0,4604.0,3.0,3.0,4604.0,3.0,2.0,4604.0,3.0,2.0,2.0
2658,11.0,9.0,9.0,4604.0,10.0,9.0,9.0,9.0,8.0,9.0,9.0,9.0,9.0,9.0,9.0,8.0
2660,207.0,234.0,19.0,228.0,13.0,17.0,267.0,381.0,340.0,7.0,80.0,186.0,5.0,13.0,551.0,14.0
2665,454.0,366.0,265.0,294.0,425.0,409.0,390.0,464.0,257.0,261.0,381.0,385.0,390.0,451.0,280.0,412.0
2679,139.0,151.0,127.0,141.0,123.0,127.0,175.0,157.0,135.0,138.0,128.0,36.0,35.0,100.0,112.0,511.0
2690,15.0,27.0,46.0,33.0,25.0,13.0,37.0,29.0,28.0,31.0,14.0,14.0,14.0,9.0,29.0,503.0
2700,1372.0,1513.0,976.0,1419.0,1545.0,1593.0,1557.0,1552.0,1135.0,1545.0,1471.0,905.0,1550.0,1368.0,1623.0,1697.0
2707,12.0,485.0,404.0,514.0,345.0,5.0,470.0,464.0,480.0,863.0,462.0,13.0,516.0,381.0,502.0,515.0
2709,13.0,12.0,12.0,12.0,11.0,16.0,12.0,13.0,12.0,14.0,13.0,13.0,12.0,11.0,12.0,11.0
2710,930.0,583.0,667.0,623.0,857.0,811.0,878.0,856.0,871.0,651.0,716.0,649.0,831.0,740.0,716.0,576.0
2711,1.0,1515.0,1512.0,1503.0,1514.0,1.0,1.0,1.0,1.0,1479.0,1.0,1.0,1.0,1.0,1563.0,1.0
2714,4604.0,2.0,3.0,4604.0,4.0,4604.0,2.0,4.0,3.0,4.0,4.0,4604.0,4.0,4604.0,2.0,2.0
2719,667.0,631.0,638.0,842.0,602.0,680.0,481.0,613.0,645.0,577.0,591.0,1056.0,583.0,403.0,963.0,892.0
2728,40.0,38.0,30.0,35.0,31.0,34.0,34.0,34.0,29.0,34.0,41.0,31.0,34.0,36.0,29.0,36.0
2744,9.0,9.0,9.0,8.0,9.0,9.0,8.0,5.0,9.0,9.0,9.0,9.0,9.0,8.0,9.0,9.0
2753,328.0,696.0,100.0,234.0,113.0,107.0,33.0,156.0,92.0,70.0,94.0,58.0,62.0,315.0,14.0,907.0
2766,11.0,10.0,11.0,9.0,9.0,10.0,10.0,10.0,9.0,10.0,10.0,10.0,10.0,10.0,8.0,9.0
2780,920.0,886.0,871.0,895.0,917.0,913.0,873.0,920.0,902.0,895.0,863.0,915.0,894.0,881.0,894.0,930.0
2781,830.0,828.0,5.0,5.0,4.0,8.0,11.0,829.0,17.0,849.0,26.0,5.0,879.0,7.0,8.0,7.0
2821,746.0,20.0,21.0,748.0,583.0,544.0,584.0,20.0,643.0,828.0,17.0,692.0,18.0,11.0,669.0,801.0
2833,13.0,14.0,14.0,14.0,13.0,14.0,13.0,13.0,14.0,14.0,14.0,14.0,14.0,14.0,12.0,15.0
2856,23.0,34.0,41.0,29.0,14.0,12.0,13.0,31.0,37.0,15.0,33.0,16.0,13.0,14.0,16.0,37.0
2860,167.0,246.0,178.0,233.0,173.0,184.0,252.0,189.0,192.0,256.0,169.0,243.0,227.0,258.0,244.0,254.0
2866,1498.0,5.0,26.0,10.0,5.0,27.0,1360.0,1598.0,991.0,6.0,9.0,1552.0,5.0,8.0,19.0,891.0
2873,1583.0,1366.0,1518.0,1203.0,1538.0,2.0,1484.0,1129.0,1469.0,1510.0,1.0,1799.0,1556.0,1513.0,1841.0,1502.0
2874,4.0,3.0,3.0,1.0,3.0,3.0,1.0,1302.0,3.0,3.0,1041.0,3.0,3.0,975.0,3.0,3.0
2877,18.0,18.0,17.0,16.0,17.0,17.0,17.0,20.0,15.0,18.0,17.0,18.0,18.0,16.0,19.0,15.0
2879,22.0,20.0,20.0,19.0,22.0,20.0,19.0,20.0,19.0,19.0,19.0,19.0,20.0,19.0,21.0,20.0
2884,20.0,18.0,11.0,12.0,20.0,18.0,20.0,13.0,19.0,21.0,13.0,18.0,19.0,20.0,20.0,19.0
2887,57.0,50.0,45.0,51.0,51.0,11.0,52.0,48.0,42.0,48.0,53.0,45.0,25.0,56.0,41.0,49.0
2892,8.0,6.0,9.0,9.0,8.0,8.0,8.0,8.0,8.0,9.0,8.0,8.0,9.0,9.0,8.0,9.0
2906,827.0,1502.0,880.0,1294.0,1.0,97.0,1463.0,1536.0,1113.0,930.0,1435.0,1.0,1547.0,1338.0,972.0,1678.0
2907,19.0,18.0,23.0,19.0,19.0,5.0,25.0,21.0,19.0,21.0,19.0,18.0,23.0,20.0,18.0,18.0
2911,1470.0,1516.0,1529.0,1034.0,1549.0,1943.0,1461.0,1048.0,1477.0,1497.0,1487.0,1808.0,1623.0,1834.0,1837.0,1537.0
2913,8.0,15.0,12.0,12.0,12.0,12.0,17.0,15.0,14.0,14.0,12.0,18.0,5.0,16.0,14.0,14.0
2919,942.0,879.0,926.0,911.0,922.0,903.0,863.0,870.0,947.0,894.0,904.0,930.0,951.0,891.0,923.0,927.0
2920,1129.0,1531.0,6.0,48.0,261.0,5.0,4.0,5.0,1085.0,1098.0,58.0,1424.0,1106.0,5.0,801.0,104.0
2921,338.0,251.0,146.0,98.0,197.0,35.0,250.0,235.0,163.0,218.0,203.0,130.0,25.0,237.0,238.0,260.0
2934,12.0,18.0,13.0,10.0,17.0,12.0,15.0,14.0,19.0,11.0,19.0,11.0,11.0,11.0,11.0,14.0
2938,1.0,1.0,1.0,1.0,1.0,1.0,1.0,1.0,53.0,1.0,1.0,1.0,1.0,1.0,1.0,1.0
2942,1.0,1.0,1.0,1.0,1.0,1.0,1.0,1.0,1.0,1.0,1.0,1.0,1.0,1.0,1.0,1.0
2946,29.0,31.0,32.0,31.0,34.0,29.0,34.0,20.0,31.0,29.0,32.0,30.0,32.0,31.0,30.0,29.0
2948,41.0,39.0,45.0,39.0,33.0,41.0,50.0,41.0,52.0,43.0,44.0,34.0,65.0,46.0,46.0,35.0
2949,31.0,35.0,20.0,27.0,22.0,15.0,35.0,33.0,9.0,37.0,34.0,26.0,29.0,25.0,24.0,34.0
2956,14.0,16.0,19.0,19.0,15.0,13.0,25.0,17.0,17.0,17.0,17.0,13.0,18.0,13.0,14.0,25.0
2964,7.0,8.0,5.0,11.0,7.0,7.0,6.0,10.0,5.0,7.0,7.0,9.0,10.0,6.0,7.0,6.0
2970,23.0,24.0,23.0,25.0,18.0,23.0,21.0,26.0,22.0,20.0,18.0,24.0,23.0,25.0,21.0,27.0
2971,4604.0,5.0,5.0,5.0,5.0,5.0,4604.0,5.0,5.0,5.0,5.0,5.0,4604.0,5.0,5.0,5.0
2972,9.0,7.0,6.0,6.0,9.0,9.0,8.0,10.0,6.0,9.0,11.0,7.0,12.0,9.0,10.0,7.0
2973,18.0,27.0,17.0,10.0,15.0,17.0,12.0,12.0,8.0,21.0,7.0,10.0,14.0,12.0,16.0,15.0
2977,45.0,40.0,38.0,28.0,14.0,666.0,34.0,40.0,16.0,18.0,33.0,45.0,14.0,701.0,37.0,560.0
2978,2.0,2.0,3.0,2.0,2.0,710.0,2.0,2.0,2.0,2.0,1.0,2.0,2.0,2.0,2.0,834.0
2993,1.0,851.0,1.0,1.0,1.0,1.0,1.0,1511.0,1.0,1.0,1.0,1.0,1.0,1.0,1.0,1.0
2994,22.0,30.0,34.0,29.0,34.0,30.0,35.0,28.0,25.0,20.0,36.0,27.0,34.0,34.0,30.0,27.0
3013,34.0,35.0,35.0,34.0,35.0,35.0,35.0,34.0,34.0,34.0,24.0,24.0,25.0,25.0,34.0,35.0
3017,16.0,15.0,16.0,15.0,13.0,17.0,16.0,16.0,15.0,15.0,15.0,17.0,16.0,17.0,16.0,16.0
3018,12.0,18.0,23.0,19.0,17.0,23.0,18.0,15.0,18.0,19.0,18.0,10.0,18.0,21.0,19.0,22.0
3023,37.0,54.0,60.0,67.0,41.0,128.0,53.0,52.0,140.0,50.0,49.0,64.0,64.0,68.0,41.0,140.0
3024,4604.0,5.0,5.0,5.0,4.0,5.0,5.0,4.0,5.0,5.0,5.0,5.0,4604.0,4.0,5.0,4.0
3025,8.0,6.0,9.0,7.0,7.0,7.0,7.0,7.0,8.0,7.0,9.0,9.0,7.0,7.0,7.0,7.0
3032,28.0,31.0,31.0,28.0,31.0,30.0,19.0,25.0,29.0,29.0,27.0,29.0,31.0,30.0,28.0,33.0
3033,837.0,26.0,8.0,15.0,8.0,3.0,8.0,10.0,16.0,6.0,758.0,10.0,15.0,8.0,9.0,9.0
3036,47.0,104.0,28.0,12.0,25.0,37.0,48.0,21.0,32.0,32.0,10.0,32.0,29.0,28.0,33.0,23.0
3049,60.0,90.0,91.0,84.0,97.0,113.0,98.0,94.0,81.0,48.0,98.0,82.0,63.0,92.0,98.0,88.0
3051,25.0,24.0,24.0,26.0,24.0,26.0,25.0,24.0,24.0,26.0,24.0,25.0,25.0,25.0,24.0,25.0
3058,14.0,15.0,17.0,13.0,15.0,15.0,10.0,14.0,13.0,15.0,14.0,10.0,14.0,15.0,15.0,14.0
3064,6.0,4.0,4.0,5.0,5.0,4.0,5.0,4.0,4.0,5.0,6.0,5.0,7.0,5.0,6.0,7.0
3068,15.0,24.0,32.0,24.0,31.0,30.0,36.0,28.0,32.0,29.0,24.0,34.0,22.0,24.0,17.0,18.0
3069,954.0,927.0,914.0,7.0,984.0,987.0,912.0,938.0,975.0,950.0,938.0,966.0,977.0,4.0,975.0,934.0
3071,33.0,34.0,34.0,32.0,34.0,35.0,27.0,33.0,35.0,35.0,34.0,27.0,33.0,36.0,32.0,37.0
3077,2.0,10.0,2.0,13.0,2.0,2.0,15.0,2.0,15.0,14.0,17.0,17.0,17.0,2.0,11.0,2.0
3086,2.0,4604.0,3.0,3.0,3.0,4604.0,3.0,3.0,3.0,2.0,4604.0,3.0,3.0,3.0,4604.0,4604.0
3094,34.0,35.0,35.0,34.0,35.0,35.0,35.0,34.0,34.0,34.0,24.0,24.0,24.0,24.0,31.0,35.0
3095,69.0,125.0,74.0,62.0,73.0,64.0,109.0,74.0,75.0,49.0,72.0,36.0,79.0,40.0,18.0,104.0
3101,13.0,27.0,28.0,26.0,27.0,27.0,26.0,27.0,25.0,26.0,24.0,20.0,19.0,27.0,16.0,30.0
3104,34.0,35.0,35.0,34.0,35.0,35.0,35.0,34.0,34.0,34.0,25.0,34.0,34.0,35.0,34.0,35.0
3106,19.0,25.0,26.0,24.0,25.0,27.0,26.0,18.0,27.0,27.0,22.0,26.0,26.0,24.0,27.0,27.0
3108,66.0,94.0,137.0,72.0,77.0,29.0,19.0,133.0,39.0,73.0,38.0,20.0,83.0,94.0,34.0,76.0
3113,17.0,17.0,17.0,17.0,17.0,17.0,17.0,17.0,16.0,17.0,17.0,17.0,17.0,17.0,17.0,17.0
3119,7.0,12.0,14.0,253.0,22.0,256.0,7.0,8.0,10.0,38.0,800.0,559.0,28.0,31.0,9.0,255.0
3125,0.0,1388.0,0.0,1543.0,1286.0,1708.0,1261.0,0.0,0.0,1327.0,1263.0,1618.0,1448.0,1346.0,1242.0,0.0
3126,49.0,120.0,91.0,102.0,117.0,78.0,98.0,64.0,105.0,91.0,118.0,87.0,55.0,108.0,108.0,94.0
3129,24.0,5.0,14.0,17.0,17.0,1230.0,40.0,14.0,1346.0,78.0,20.0,21.0,25.0,21.0,1276.0,1271.0
3132,1551.0,1461.0,1458.0,1473.0,1449.0,1809.0,1422.0,1630.0,1451.0,1440.0,1461.0,1514.0,1548.0,1473.0,1820.0,1494.0
3133,794.0,48.0,797.0,792.0,428.0,940.0,561.0,1003.0,910.0,55.0,994.0,753.0,45.0,46.0,40.0,841.0
3134,11.0,11.0,11.0,11.0,11.0,11.0,11.0,11.0,11.0,11.0,11.0,11.0,11.0,11.0,11.0,11.0
3142,3.0,4604.0,3.0,3.0,3.0,3.0,3.0,3.0,3.0,3.0,3.0,4604.0,3.0,3.0,3.0,3.0
3143,51.0,9.0,50.0,758.0,9.0,587.0,904.0,48.0,860.0,610.0,19.0,642.0,37.0,74.0,37.0,746.0
3147,34.0,35.0,35.0,34.0,35.0,35.0,35.0,34.0,34.0,34.0,24.0,24.0,24.0,24.0,27.0,34.0
3149,17.0,20.0,14.0,16.0,18.0,16.0,19.0,18.0,16.0,18.0,18.0,12.0,18.0,18.0,17.0,20.0
3155,8.0,15.0,730.0,9.0,9.0,6.0,8.0,9.0,8.0,9.0,566.0,703.0,9.0,10.0,941.0,578.0
3156,1.0,10.0,27.0,1.0,1.0,1.0,1.0,23.0,16.0,28.0,19.0,26.0,1.0,28.0,25.0,23.0
3160,4.0,5.0,897.0,4604.0,5.0,4604.0,4604.0,893.0,4604.0,4604.0,963.0,4604.0,5.0,953.0,955.0,870.0
3161,83.0,72.0,4604.0,4604.0,69.0,78.0,75.0,24.0,9.0,32.0,58.0,92.0,67.0,63.0,85.0,101.0
3165,5.0,6.0,4.0,5.0,5.0,5.0,5.0,5.0,5.0,5.0,5.0,5.0,5.0,5.0,5.0,5.0
3168,4.0,4604.0,4604.0,5.0,4604.0,4.0,4604.0,4604.0,4604.0,4.0,6.0,4.0,4.0,4.0,5.0,4604.0
3172,15.0,15.0,14.0,14.0,15.0,15.0,13.0,15.0,15.0,14.0,14.0,13.0,12.0,14.0,15.0,14.0
3173,3.0,3.0,2.0,2.0,3.0,3.0,2.0,3.0,3.0,4604.0,4604.0,3.0,4604.0,3.0,3.0,4604.0
3179,1528.0,1493.0,1471.0,1417.0,1539.0,2.0,1204.0,1536.0,1156.0,1.0,1466.0,908.0,1544.0,1392.0,1574.0,1696.0
3181,437.0,506.0,637.0,388.0,586.0,822.0,724.0,500.0,416.0,891.0,314.0,957.0,370.0,477.0,451.0,864.0
3183,1.0,4604.0,1.0,1.0,4604.0,4604.0,1.0,4604.0,4604.0,1.0,1.0,1.0,4604.0,2.0,4604.0,4604.0
3187,41.0,945.0,4.0,30.0,19.0,8.0,35.0,36.0,25.0,46.0,4.0,641.0,687.0,62.0,6.0,583.0
3191,14.0,12.0,11.0,12.0,12.0,11.0,11.0,13.0,13.0,13.0,10.0,12.0,13.0,13.0,14.0,10.0
3192,179.0,213.0,207.0,180.0,195.0,209.0,191.0,204.0,180.0,200.0,184.0,204.0,187.0,205.0,195.0,197.0
3198,15.0,14.0,17.0,18.0,17.0,15.0,15.0,18.0,15.0,15.0,17.0,17.0,17.0,19.0,14.0,18.0
3204,8.0,869.0,384.0,778.0,34.0,776.0,791.0,22.0,543.0,19.0,687.0,573.0,661.0,724.0,22.0,653.0
3205,34.0,35.0,35.0,34.0,35.0,35.0,35.0,34.0,34.0,34.0,24.0,24.0,24.0,24.0,33.0,35.0
3207,28.0,38.0,152.0,43.0,26.0,23.0,127.0,38.0,38.0,45.0,46.0,38.0,54.0,191.0,38.0,22.0
3208,895.0,856.0,899.0,894.0,869.0,883.0,843.0,853.0,911.0,869.0,880.0,910.0,916.0,876.0,890.0,906.0
3211,18.0,18.0,18.0,18.0,18.0,18.0,18.0,17.0,17.0,17.0,18.0,18.0,18.0,18.0,18.0,18.0
3212,123.0,108.0,106.0,76.0,69.0,108.0,98.0,68.0,110.0,120.0,120.0,131.0,106.0,73.0,96.0,77.0
3217,35.0,36.0,35.0,35.0,35.0,35.0,35.0,34.0,35.0,35.0,24.0,24.0,24.0,24.0,32.0,36.0
3221,1.0,1.0,1.0,1.0,1.0,1.0,1.0,1.0,1.0,1.0,1.0,1.0,1.0,1.0,1.0,1.0
3224,3.0,4.0,4604.0,4604.0,4.0,3.0,3.0,4604.0,3.0,3.0,4604.0,3.0,4604.0,3.0,4604.0,3.0
3228,35.0,34.0,1.0,26.0,1.0,32.0,1.0,1.0,31.0,1.0,34.0,1.0,32.0,32.0,29.0,1.0
3229,10.0,8.0,4.0,5.0,4.0,11.0,4.0,5.0,9.0,4.0,7.0,8.0,4.0,4.0,6.0,4.0
3231,166.0,17.0,75.0,58.0,168.0,189.0,61.0,50.0,238.0,215.0,178.0,63.0,186.0,147.0,72.0,200.0
3233,15.0,15.0,17.0,17.0,17.0,17.0,17.0,15.0,15.0,15.0,18.0,15.0,20.0,32.0,19.0,18.0
3235,174.0,258.0,317.0,309.0,247.0,115.0,96.0,97.0,299.0,95.0,273.0,364.0,218.0,85.0,106.0,404.0
3236,151.0,213.0,96.0,159.0,146.0,75.0,149.0,94.0,181.0,68.0,199.0,83.0,158.0,180.0,110.0,122.0
3238,8.0,7.0,7.0,9.0,7.0,7.0,8.0,17.0,6.0,9.0,8.0,8.0,8.0,9.0,9.0,8.0
3246,15.0,302.0,1041.0,341.0,501.0,510.0,334.0,1091.0,398.0,985.0,106.0,77.0,168.0,28.0,677.0,1035.0
3248,17.0,18.0,21.0,20.0,17.0,21.0,19.0,19.0,18.0,17.0,27.0,14.0,19.0,22.0,15.0,17.0
3251,3.0,2.0,4.0,4.0,6.0,2.0,2.0,9.0,7.0,3.0,6.0,4.0,3.0,6.0,4.0,4.0
3252,6.0,22.0,6.0,9.0,13.0,8.0,8.0,15.0,8.0,8.0,8.0,11.0,16.0,10.0,7.0,12.0
3254,1506.0,925.0,1408.0,1556.0,1521.0,1742.0,1396.0,2.0,1133.0,1416.0,1502.0,1323.0,1523.0,1600.0,1552.0,1021.0
3262,18.0,15.0,16.0,15.0,16.0,15.0,16.0,16.0,15.0,16.0,15.0,16.0,16.0,16.0,17.0,17.0
3265,3.0,3.0,1277.0,1191.0,1360.0,9.0,2.0,2.0,706.0,2.0,2.0,1292.0,2.0,2.0,2.0,23.0
3267,11.0,10.0,10.0,11.0,11.0,10.0,11.0,10.0,11.0,11.0,10.0,9.0,10.0,11.0,10.0,11.0
3268,909.0,878.0,876.0,920.0,937.0,943.0,904.0,915.0,922.0,912.0,883.0,921.0,911.0,901.0,923.0,925.0
3272,7.0,9.0,10.0,8.0,8.0,9.0,7.0,8.0,9.0,9.0,7.0,9.0,10.0,9.0,9.0,6.0
3281,1175.0,1006.0,912.0,1054.0,1010.0,1089.0,1108.0,1137.0,941.0,945.0,1037.0,1053.0,1044.0,1199.0,933.0,5.0
3282,8.0,6.0,8.0,6.0,8.0,6.0,5.0,8.0,8.0,6.0,8.0,7.0,6.0,8.0,6.0,7.0
3284,184.0,221.0,217.0,187.0,214.0,220.0,196.0,208.0,191.0,209.0,194.0,219.0,200.0,215.0,201.0,200.0
3285,101.0,85.0,25.0,89.0,66.0,87.0,87.0,24.0,84.0,103.0,70.0,108.0,74.0,82.0,741.0,871.0
3291,14.0,24.0,12.0,14.0,26.0,23.0,11.0,11.0,22.0,23.0,13.0,12.0,14.0,17.0,17.0,22.0
3298,7.0,7.0,6.0,8.0,7.0,6.0,6.0,8.0,6.0,7.0,6.0,8.0,6.0,7.0,6.0,6.0
3301,1.0,1.0,1.0,1.0,1.0,1.0,1.0,1.0,1.0,1.0,1.0,1.0,1.0,1.0,1.0,1.0
3302,15.0,17.0,641.0,5.0,10.0,16.0,17.0,4.0,13.0,4.0,24.0,629.0,4.0,16.0,14.0,24.0
3303,28.0,230.0,206.0,379.0,225.0,250.0,201.0,348.0,281.0,243.0,321.0,233.0,262.0,240.0,235.0,361.0
3304,813.0,761.0,577.0,455.0,307.0,835.0,908.0,464.0,517.0,579.0,767.0,816.0,782.0,304.0,600.0,395.0
3307,10.0,10.0,9.0,9.0,9.0,9.0,7.0,8.0,9.0,7.0,7.0,10.0,9.0,9.0,9.0,7.0
3311,566.0,569.0,558.0,543.0,518.0,697.0,447.0,623.0,599.0,527.0,454.0,477.0,623.0,547.0,585.0,581.0
3312,181.0,217.0,210.0,183.0,206.0,215.0,194.0,204.0,186.0,204.0,193.0,209.0,198.0,209.0,199.0,198.0
3313,4.0,4.0,5.0,4604.0,4.0,4604.0,4604.0,5.0,4.0,4604.0,5.0,5.0,4604.0,4.0,4604.0,4.0
3314,2.0,2.0,1.0,2.0,3.0,3.0,3.0,3.0,1.0,3.0,1.0,1.0,3.0,2.0,1.0,2.0
3316,124.0,105.0,138.0,144.0,170.0,164.0,141.0,175.0,150.0,197.0,85.0,137.0,92.0,154.0,43.0,135.0
3318,16.0,17.0,16.0,16.0,16.0,16.0,16.0,16.0,16.0,16.0,16.0,16.0,16.0,16.0,15.0,16.0
3321,91.0,153.0,158.0,118.0,93.0,147.0,142.0,156.0,142.0,149.0,134.0,82.0,128.0,138.0,138.0,147.0
3322,16.0,17.0,16.0,16.0,16.0,17.0,16.0,16.0,16.0,16.0,16.0,16.0,16.0,16.0,15.0,17.0
3323,41.0,46.0,84.0,6.0,10.0,36.0,33.0,9.0,6.0,8.0,5.0,4.0,46.0,5.0,47.0,3.0
3325,0.0,0.0,891.0,927.0,0.0,952.0,0.0,0.0,17.0,27.0,899.0,0.0,9.0,0.0,0.0,942.0
3327,1554.0,1471.0,1456.0,1482.0,1458.0,1792.0,1420.0,1624.0,1461.0,1448.0,1400.0,1510.0,1538.0,1478.0,1813.0,1505.0
3330,148.0,121.0,94.0,27.0,9.0,88.0,59.0,322.0,26.0,159.0,56.0,271.0,48.0,345.0,354.0,85.0
3337,17.0,17.0,17.0,15.0,17.0,18.0,17.0,17.0,16.0,17.0,17.0,16.0,15.0,17.0,17.0,17.0
3339,9.0,9.0,8.0,8.0,7.0,9.0,9.0,9.0,9.0,7.0,9.0,11.0,8.0,7.0,9.0,9.0
3340,14.0,89.0,133.0,46.0,27.0,8.0,10.0,52.0,17.0,35.0,128.0,83.0,54.0,133.0,29.0,12.0
3341,34.0,35.0,35.0,34.0,35.0,35.0,35.0,34.0,34.0,34.0,24.0,24.0,24.0,24.0,27.0,34.0
3342,16.0,17.0,16.0,16.0,16.0,16.0,16.0,16.0,16.0,16.0,16.0,16.0,16.0,16.0,15.0,16.0
3344,18.0,41.0,38.0,58.0,15.0,78.0,45.0,50.0,38.0,55.0,59.0,15.0,23.0,18.0,39.0,12.0
3345,176.0,207.0,201.0,181.0,194.0,199.0,183.0,200.0,181.0,192.0,182.0,189.0,187.0,197.0,191.0,191.0
3351,1192.0,1.0,1.0,305.0,3.0,1009.0,1050.0,1059.0,1.0,885.0,1056.0,1059.0,1063.0,1.0,985.0,1.0
3352,16.0,17.0,16.0,16.0,16.0,16.0,16.0,16.0,16.0,16.0,16.0,16.0,16.0,16.0,15.0,16.0
3356,177.0,212.0,208.0,178.0,194.0,203.0,190.0,204.0,179.0,197.0,183.0,204.0,184.0,205.0,195.0,196.0
3360,1888.0,1523.0,1597.0,1664.0,1490.0,1734.0,1767.0,1710.0,1545.0,1709.0,1526.0,1764.0,1695.0,1622.0,1757.0,1552.0
3361,171.0,58.0,41.0,180.0,77.0,186.0,191.0,200.0,82.0,57.0,61.0,75.0,90.0,48.0,60.0,46.0
3362,212.0,262.0,216.0,166.0,178.0,80.0,516.0,229.0,75.0,249.0,68.0,91.0,173.0,402.0,247.0,229.0
3363,10.0,4.0,53.0,11.0,4.0,4.0,6.0,61.0,7.0,7.0,4.0,4.0,6.0,111.0,4.0,7.0
3365,1123.0,870.0,916.0,995.0,14.0,946.0,1077.0,1136.0,848.0,7.0,1002.0,1028.0,1028.0,1115.0,173.0,3.0
3367,27.0,33.0,28.0,44.0,35.0,21.0,35.0,45.0,42.0,34.0,25.0,27.0,25.0,27.0,32.0,25.0
3368,1492.0,1483.0,1464.0,1478.0,1457.0,1764.0,7.0,1566.0,1404.0,1446.0,5.0,1506.0,1233.0,1471.0,1817.0,1499.0
3369,964.0,948.0,940.0,966.0,958.0,994.0,984.0,963.0,972.0,965.0,951.0,971.0,952.0,934.0,977.0,57.0
3371,7.0,6.0,7.0,7.0,7.0,7.0,7.0,7.0,7.0,8.0,6.0,8.0,7.0,6.0,8.0,8.0
3373,8.0,16.0,8.0,22.0,9.0,18.0,15.0,8.0,15.0,8.0,20.0,17.0,19.0,19.0,7.0,23.0
3374,184.0,220.0,214.0,189.0,208.0,216.0,195.0,208.0,191.0,208.0,194.0,212.0,199.0,213.0,202.0,203.0
3376,915.0,0.0,877.0,7.0,10.0,941.0,906.0,919.0,6.0,0.0,0.0,0.0,9.0,0.0,9.0,0.0
3381,5.0,4604.0,6.0,5.0,5.0,5.0,4604.0,4604.0,5.0,5.0,5.0,4604.0,4604.0,5.0,5.0,5.0
3382,25.0,26.0,48.0,25.0,46.0,51.0,47.0,27.0,25.0,25.0,26.0,25.0,43.0,22.0,44.0,47.0
3391,36.0,37.0,37.0,36.0,37.0,37.0,37.0,36.0,36.0,36.0,26.0,26.0,26.0,27.0,29.0,35.0
3392,18.0,41.0,1111.0,11.0,16.0,25.0,531.0,41.0,22.0,33.0,849.0,40.0,36.0,33.0,620.0,36.0
3393,5.0,8.0,5.0,6.0,6.0,5.0,8.0,5.0,5.0,5.0,7.0,7.0,9.0,6.0,8.0,9.0
3397,10.0,16.0,20.0,25.0,9.0,17.0,57.0,24.0,9.0,6.0,8.0,19.0,843.0,11.0,938.0,8.0
3399,53.0,62.0,62.0,52.0,67.0,31.0,100.0,99.0,62.0,37.0,33.0,33.0,96.0,59.0,34.0,53.0
3401,4.0,94.0,4.0,2.0,3.0,2.0,2.0,2.0,4.0,2.0,1.0,3.0,87.0,96.0,2.0,2.0
3404,4.0,4.0,4.0,4.0,4.0,4604.0,4.0,4.0,4.0,4604.0,4.0,4604.0,4.0,4604.0,4.0,4604.0
3407,3.0,4604.0,4604.0,4.0,4.0,4.0,4.0,4604.0,3.0,4604.0,4.0,4604.0,4.0,4604.0,4604.0,4.0
3411,302.0,218.0,337.0,172.0,200.0,198.0,189.0,293.0,197.0,202.0,213.0,238.0,212.0,235.0,226.0,208.0
3415,7.0,96.0,8.0,75.0,8.0,3.0,5.0,9.0,7.0,7.0,4.0,8.0,5.0,38.0,67.0,77.0
3416,5.0,7.0,5.0,6.0,6.0,3.0,5.0,4604.0,6.0,5.0,6.0,7.0,4604.0,4604.0,6.0,6.0
3424,1277.0,1066.0,1100.0,1129.0,1211.0,1246.0,1176.0,1223.0,1037.0,1015.0,1166.0,1098.0,1115.0,1291.0,1078.0,1096.0
3425,35.0,36.0,36.0,35.0,36.0,36.0,36.0,35.0,35.0,35.0,25.0,25.0,25.0,25.0,28.0,35.0
3427,1.0,2.0,1.0,2.0,1.0,1.0,1.0,1.0,1.0,1.0,2.0,1.0,1.0,1.0,2.0,1.0
3432,0.0,0.0,0.0,0.0,0.0,0.0,0.0,0.0,0.0,0.0,0.0,0.0,0.0,0.0,0.0,0.0
3435,177.0,212.0,207.0,178.0,195.0,205.0,190.0,204.0,179.0,197.0,183.0,204.0,184.0,205.0,195.0,196.0
3436,5.0,5.0,5.0,5.0,5.0,5.0,5.0,5.0,5.0,5.0,5.0,5.0,5.0,5.0,5.0,5.0
3442,37.0,35.0,38.0,38.0,38.0,39.0,38.0,38.0,39.0,36.0,28.0,27.0,27.0,27.0,29.0,36.0
3443,75.0,142.0,137.0,57.0,45.0,134.0,95.0,152.0,134.0,124.0,16.0,20.0,97.0,136.0,127.0,93.0
3444,5.0,5.0,4604.0,4604.0,5.0,5.0,5.0,5.0,5.0,4604.0,5.0,5.0,5.0,5.0,4604.0,5.0
3451,900.0,0.0,906.0,855.0,883.0,885.0,9.0,865.0,916.0,870.0,886.0,913.0,924.0,864.0,904.0,918.0
3453,34.0,35.0,35.0,34.0,35.0,35.0,35.0,34.0,34.0,34.0,24.0,24.0,24.0,24.0,27.0,34.0
3454,9.0,11.0,7.0,8.0,12.0,11.0,9.0,10.0,8.0,8.0,7.0,8.0,8.0,7.0,12.0,8.0
3456,170.0,192.0,191.0,157.0,190.0,181.0,164.0,184.0,169.0,177.0,166.0,161.0,181.0,180.0,160.0,169.0
3458,4604.0,4604.0,1.0,4604.0,1.0,4604.0,1.0,4604.0,1.0,4604.0,4604.0,1.0,1.0,4604.0,1.0,1.0
3460,1545.0,1426.0,1450.0,1465.0,1443.0,1533.0,1418.0,1620.0,1445.0,1436.0,1459.0,1501.0,1539.0,1462.0,1786.0,1502.0
3463,16.0,17.0,16.0,16.0,16.0,16.0,16.0,16.0,16.0,16.0,16.0,16.0,16.0,16.0,15.0,16.0
3464,4.0,4604.0,4.0,4.0,4604.0,4604.0,4604.0,4604.0,4.0,4.0,4604.0,4.0,4604.0,4604.0,4604.0,4604.0
3467,4604.0,3.0,3.0,3.0,4604.0,3.0,4604.0,3.0,4604.0,3.0,4604.0,3.0,3.0,3.0,3.0,3.0
3468,37.0,34.0,35.0,37.0,38.0,38.0,38.0,36.0,37.0,35.0,27.0,27.0,27.0,27.0,29.0,35.0
3470,155.0,178.0,162.0,153.0,167.0,168.0,151.0,168.0,159.0,170.0,148.0,164.0,153.0,158.0,157.0,155.0
3473,183.0,219.0,213.0,189.0,206.0,215.0,195.0,207.0,191.0,208.0,194.0,211.0,200.0,212.0,202.0,204.0
3479,12.0,13.0,10.0,11.0,12.0,11.0,11.0,13.0,16.0,8.0,13.0,9.0,9.0,9.0,9.0,10.0
3485,19.0,22.0,18.0,22.0,22.0,18.0,22.0,21.0,21.0,15.0,18.0,21.0,19.0,21.0,21.0,20.0
3490,4604.0,4604.0,2.0,4604.0,2.0,4604.0,2.0,4604.0,4604.0,4604.0,2.0,2.0,4604.0,4604.0,2.0,2.0
3492,23.0,27.0,27.0,42.0,31.0,26.0,33.0,25.0,28.0,19.0,30.0,35.0,27.0,22.0,22.0,25.0
3496,171.0,195.0,195.0,161.0,178.0,188.0,179.0,192.0,164.0,180.0,171.0,193.0,164.0,188.0,188.0,185.0
3498,0.0,893.0,0.0,1.0,0.0,0.0,1.0,0.0,1.0,1.0,0.0,0.0,0.0,0.0,0.0,1.0
3501,111.0,151.0,125.0,118.0,132.0,121.0,130.0,143.0,130.0,147.0,125.0,134.0,132.0,119.0,131.0,128.0
3502,160.0,183.0,178.0,160.0,166.0,173.0,162.0,171.0,164.0,173.0,162.0,171.0,164.0,171.0,168.0,162.0
3503,0.0,0.0,1.0,0.0,0.0,0.0,0.0,1.0,1.0,0.0,0.0,1.0,0.0,0.0,0.0,0.0
3504,22.0,23.0,23.0,26.0,25.0,22.0,976.0,958.0,25.0,21.0,940.0,24.0,29.0,950.0,23.0,32.0
3505,3.0,3.0,4.0,3.0,4.0,3.0,4.0,967.0,3.0,4.0,4.0,4.0,2.0,3.0,3.0,5.0
3508,0.0,0.0,0.0,1.0,0.0,1.0,0.0,0.0,0.0,0.0,1.0,0.0,1.0,0.0,0.0,1.0
3509,26.0,427.0,636.0,428.0,29.0,1087.0,445.0,46.0,563.0,581.0,153.0,194.0,267.0,44.0,132.0,1017.0
3511,18.0,18.0,22.0,25.0,22.0,28.0,19.0,19.0,20.0,16.0,48.0,15.0,25.0,20.0,18.0,15.0
3519,34.0,36.0,36.0,35.0,36.0,36.0,36.0,35.0,35.0,33.0,25.0,25.0,25.0,25.0,26.0,33.0
3525,9.0,10.0,12.0,11.0,10.0,11.0,12.0,11.0,13.0,12.0,11.0,11.0,10.0,12.0,11.0,10.0
3526,1.0,1.0,4604.0,1.0,4604.0,1.0,1.0,1.0,1.0,4604.0,1.0,4604.0,4604.0,1.0,4604.0,1.0
3527,29.0,24.0,28.0,24.0,25.0,28.0,28.0,27.0,26.0,24.0,22.0,28.0,25.0,25.0,24.0,23.0
3533,904.0,871.0,869.0,0.0,6.0,6.0,898.0,898.0,0.0,886.0,1.0,1.0,911.0,897.0,919.0,911.0
3537,11.0,11.0,10.0,11.0,10.0,10.0,10.0,10.0,11.0,10.0,11.0,10.0,11.0,10.0,10.0,11.0
3538,199.0,209.0,213.0,197.0,217.0,217.0,205.0,221.0,199.0,207.0,202.0,214.0,201.0,227.0,206.0,210.0
3540,15.0,15.0,17.0,17.0,17.0,17.0,17.0,15.0,15.0,15.0,18.0,15.0,20.0,32.0,19.0,18.0
3541,2.0,2.0,2.0,2.0,2.0,2.0,4604.0,4604.0,2.0,4604.0,4604.0,4604.0,2.0,4604.0,4604.0,2.0
3542,15.0,15.0,17.0,17.0,17.0,17.0,17.0,15.0,15.0,15.0,18.0,15.0,20.0,35.0,19.0,18.0
3545,13.0,13.0,13.0,13.0,14.0,13.0,13.0,13.0,13.0,13.0,13.0,14.0,13.0,13.0,13.0,13.0
3546,1546.0,1434.0,1445.0,1442.0,1442.0,1498.0,1420.0,1621.0,1446.0,1433.0,1459.0,1496.0,1540.0,1463.0,1779.0,1503.0
3547,1.0,0.0,1.0,0.0,0.0,1.0,1.0,0.0,0.0,1.0,0.0,0.0,1.0,1.0,0.0,1.0
3549,11.0,9.0,10.0,10.0,7.0,8.0,6.0,7.0,17.0,9.0,8.0,11.0,9.0,7.0,5.0,10.0
3552,175.0,199.0,198.0,175.0,187.0,196.0,177.0,197.0,174.0,188.0,176.0,192.0,182.0,187.0,186.0,185.0
3554,70.0,66.0,99.0,99.0,35.0,89.0,82.0,68.0,86.0,52.0,74.0,86.0,62.0,68.0,45.0,87.0
3558,23.0,22.0,22.0,23.0,23.0,22.0,24.0,24.0,22.0,23.0,23.0,23.0,23.0,23.0,22.0,22.0
3559,145.0,186.0,193.0,176.0,217.0,80.0,15.0,203.0,181.0,182.0,9.0,246.0,163.0,15.0,13.0,158.0
3563,155.0,178.0,162.0,155.0,167.0,168.0,150.0,168.0,159.0,167.0,148.0,164.0,151.0,155.0,157.0,155.0
3565,11.0,11.0,11.0,11.0,11.0,11.0,11.0,11.0,11.0,11.0,11.0,11.0,11.0,11.0,11.0,11.0
3566,1.0,1.0,0.0,0.0,0.0,0.0,1.0,1369.0,0.0,0.0,1.0,0.0,1.0,1.0,0.0,0.0
3568,917.0,866.0,925.0,897.0,914.0,920.0,871.0,899.0,950.0,905.0,7.0,942.0,951.0,883.0,7.0,934.0
3570,1.0,4604.0,1.0,4604.0,4604.0,4604.0,1.0,1.0,4604.0,4604.0,4604.0,1.0,4604.0,4604.0,4604.0,4604.0
3572,4604.0,2.0,2.0,4604.0,2.0,2.0,2.0,2.0,2.0,2.0,2.0,4604.0,2.0,4604.0,2.0,1.0
3573,1.0,1.0,1.0,1.0,0.0,1.0,0.0,1.0,1.0,1.0,1.0,0.0,0.0,1.0,1.0,0.0
3575,1.0,0.0,1.0,0.0,1.0,1.0,1.0,0.0,1.0,1.0,1.0,1.0,1.0,1.0,0.0,1.0
3578,158.0,181.0,180.0,160.0,166.0,172.0,162.0,174.0,162.0,173.0,161.0,169.0,165.0,171.0,168.0,163.0
3579,4604.0,4.0,4.0,4604.0,4.0,4604.0,4.0,4604.0,4604.0,4604.0,6.0,4.0,4.0,5.0,4604.0,4.0
3581,15.0,15.0,17.0,17.0,17.0,17.0,17.0,15.0,15.0,15.0,18.0,15.0,20.0,32.0,19.0,18.0
3582,1.0,2.0,2.0,1.0,2.0,4604.0,4604.0,2.0,4604.0,1.0,4604.0,1.0,4604.0,1.0,2.0,2.0
3583,15.0,14.0,6.0,15.0,10.0,8.0,11.0,9.0,9.0,8.0,12.0,8.0,11.0,7.0,10.0,12.0
3587,7.0,7.0,7.0,7.0,7.0,7.0,7.0,7.0,7.0,7.0,7.0,7.0,7.0,7.0,7.0,7.0
3588,10.0,10.0,10.0,9.0,9.0,10.0,9.0,9.0,10.0,10.0,9.0,9.0,10.0,10.0,10.0,10.0
3592,16.0,14.0,15.0,15.0,13.0,16.0,15.0,16.0,14.0,15.0,14.0,16.0,15.0,16.0,15.0,16.0
3593,1316.0,41.0,34.0,68.0,12.0,222.0,80.0,51.0,20.0,9.0,26.0,55.0,16.0,147.0,17.0,1000.0
3596,2.0,3.0,3.0,2.0,2.0,3.0,2.0,2.0,3.0,6.0,1086.0,2.0,2.0,2.0,3.0,2.0
3598,22.0,26.0,26.0,25.0,26.0,26.0,22.0,24.0,20.0,17.0,25.0,22.0,26.0,18.0,25.0,19.0
3601,1.0,1.0,1.0,1.0,1.0,1.0,1.0,1.0,1.0,1.0,1.0,1.0,1.0,1.0,1.0,1.0
3602,143.0,221.0,236.0,141.0,230.0,220.0,219.0,208.0,211.0,235.0,203.0,189.0,244.0,225.0,197.0,226.0
3606,4604.0,3.0,4604.0,3.0,4604.0,3.0,3.0,3.0,3.0,4604.0,3.0,3.0,3.0,4604.0,4604.0,3.0
3607,1.0,1.0,1.0,1.0,1.0,1.0,1.0,1.0,1.0,1.0,1.0,0.0,1.0,1.0,1.0,1.0
3608,4604.0,2.0,2.0,2.0,2.0,4604.0,2.0,4604.0,4604.0,2.0,2.0,4604.0,4604.0,4604.0,4604.0,4604.0
3610,906.0,945.0,23.0,958.0,904.0,957.0,910.0,940.0,19.0,969.0,930.0,24.0,21.0,42.0,955.0,845.0
3611,1.0,1.0,0.0,1.0,1.0,1.0,1.0,1.0,1.0,1.0,1.0,1.0,1.0,1.0,1.0,1.0
3612,1.0,0.0,1.0,1.0,1.0,1.0,1.0,1.0,1.0,1.0,1.0,1.0,1.0,1.0,1.0,1.0
3619,1.0,1.0,1.0,1.0,1.0,1.0,1.0,1.0,1.0,1.0,1.0,1.0,1.0,1.0,1.0,1.0
3620,125.0,115.0,136.0,119.0,110.0,118.0,122.0,127.0,81.0,124.0,80.0,129.0,137.0,121.0,120.0,107.0
3624,1.0,1.0,1.0,1.0,1.0,1.0,1.0,1.0,1.0,1.0,1.0,1.0,1.0,1.0,1.0,1.0
3628,6.0,6.0,6.0,6.0,7.0,6.0,6.0,6.0,6.0,6.0,6.0,6.0,6.0,6.0,6.0,6.0
3630,456.0,447.0,766.0,327.0,136.0,453.0,396.0,390.0,168.0,412.0,451.0,446.0,148.0,142.0,469.0,145.0
3632,16.0,10.0,12.0,10.0,21.0,17.0,13.0,12.0,9.0,10.0,13.0,8.0,10.0,14.0,11.0,14.0
3634,1009.0,999.0,1.0,1.0,1.0,1.0,1.0,1041.0,981.0,1.0,1.0,1.0,963.0,1.0,1.0,923.0
3636,1.0,1.0,1.0,1.0,1.0,1.0,1.0,1.0,1.0,1.0,1.0,1.0,1.0,1.0,1.0,1.0
3637,414.0,653.0,339.0,369.0,402.0,240.0,445.0,866.0,279.0,392.0,463.0,653.0,884.0,405.0,539.0,439.0
3638,6.0,6.0,6.0,6.0,6.0,6.0,6.0,6.0,6.0,6.0,6.0,6.0,6.0,6.0,6.0,6.0
3639,3.0,3.0,4604.0,4604.0,3.0,4604.0,4604.0,3.0,3.0,4604.0,3.0,3.0,3.0,4604.0,3.0,4604.0
3640,120.0,38.0,59.0,165.0,543.0,101.0,122.0,154.0,52.0,101.0,105.0,122.0,66.0,118.0,57.0,99.0
3642,39.0,48.0,43.0,47.0,53.0,41.0,46.0,52.0,43.0,42.0,57.0,40.0,48.0,53.0,9.0,38.0
3644,146.0,90.0,58.0,165.0,82.0,142.0,72.0,59.0,72.0,58.0,88.0,58.0,36.0,180.0,75.0,79.0
3645,274.0,244.0,167.0,147.0,244.0,237.0,238.0,211.0,159.0,258.0,213.0,262.0,174.0,250.0,249.0,211.0
3648,12.0,9.0,10.0,10.0,11.0,10.0,10.0,10.0,10.0,11.0,10.0,8.0,10.0,7.0,10.0,10.0
3649,180.0,206.0,203.0,176.0,192.0,202.0,185.0,206.0,176.0,198.0,190.0,193.0,181.0,199.0,187.0,188.0
3651,1.0,1.0,1.0,1550.0,1.0,1.0,1.0,1.0,1.0,1.0,1.0,1.0,1.0,1.0,1.0,1.0
3652,22.0,12.0,24.0,11.0,17.0,21.0,16.0,17.0,21.0,17.0,10.0,20.0,22.0,23.0,22.0,22.0
3655,1.0,1.0,1.0,1.0,1.0,1.0,1152.0,1.0,1053.0,1164.0,1.0,1.0,1.0,1.0,1.0,1.0
3661,13.0,13.0,13.0,13.0,10.0,10.0,11.0,12.0,13.0,12.0,12.0,12.0,10.0,10.0,12.0,12.0
3663,7.0,11.0,9.0,6.0,11.0,4604.0,7.0,12.0,10.0,7.0,11.0,11.0,10.0,7.0,10.0,4.0
3664,1.0,1.0,1144.0,1.0,1091.0,1.0,1.0,1.0,1.0,1.0,1184.0,1.0,1135.0,1150.0,1.0,1.0
3666,24.0,23.0,44.0,18.0,24.0,15.0,19.0,21.0,21.0,20.0,20.0,23.0,23.0,20.0,45.0,36.0
3669,1.0,1.0,1.0,1.0,1.0,1.0,1.0,1.0,1.0,1.0,1.0,1.0,1.0,1.0,1.0,923.0
3671,4.0,4.0,4604.0,4.0,4.0,4604.0,4604.0,3.0,4604.0,4.0,3.0,4.0,4.0,4.0,3.0,4604.0
3673,4604.0,1.0,1.0,3.0,3.0,3.0,4604.0,2.0,4604.0,4604.0,4604.0,2.0,3.0,4604.0,4604.0,3.0
3677,5.0,5.0,5.0,5.0,5.0,5.0,5.0,5.0,5.0,5.0,5.0,5.0,5.0,5.0,5.0,5.0
3680,3.0,2.0,4604.0,2.0,4604.0,3.0,3.0,3.0,2.0,2.0,4604.0,3.0,3.0,3.0,2.0,3.0
3681,1226.0,1153.0,1.0,1123.0,1.0,1138.0,1150.0,1178.0,1053.0,1165.0,1.0,1124.0,1.0,1161.0,1.0,1027.0
3682,2.0,2.0,2.0,2.0,2.0,2.0,2.0,2.0,1548.0,2.0,2.0,2.0,2.0,2.0,2.0,3.0
3684,34.0,71.0,68.0,36.0,65.0,58.0,32.0,31.0,64.0,55.0,54.0,74.0,33.0,63.0,58.0,54.0
3685,23.0,22.0,22.0,23.0,23.0,22.0,23.0,23.0,22.0,23.0,23.0,23.0,22.0,22.0,22.0,22.0
3687,9.0,9.0,9.0,9.0,8.0,9.0,9.0,9.0,9.0,9.0,9.0,9.0,9.0,9.0,9.0,9.0
3690,7.0,7.0,7.0,7.0,7.0,7.0,7.0,7.0,7.0,7.0,7.0,7.0,7.0,7.0,7.0,7.0
3692,8.0,9.0,8.0,8.0,10.0,8.0,7.0,9.0,8.0,8.0,7.0,8.0,8.0,8.0,8.0,11.0
3693,6.0,6.0,6.0,6.0,6.0,6.0,6.0,6.0,6.0,6.0,6.0,6.0,6.0,6.0,6.0,6.0
3694,13.0,13.0,10.0,13.0,13.0,13.0,13.0,10.0,15.0,12.0,12.0,13.0,12.0,10.0,12.0,13.0
3695,16.0,17.0,15.0,10.0,11.0,16.0,14.0,14.0,16.0,11.0,15.0,13.0,16.0,16.0,17.0,15.0
3696,2.0,2.0,2.0,4604.0,4604.0,2.0,2.0,2.0,2.0,4604.0,2.0,2.0,4604.0,2.0,2.0,4604.0
3698,8.0,10.0,8.0,8.0,10.0,7.0,9.0,8.0,8.0,10.0,8.0,8.0,9.0,9.0,8.0,10.0
3699,5.0,5.0,5.0,5.0,5.0,5.0,5.0,5.0,5.0,5.0,5.0,4604.0,5.0,6.0,5.0,5.0
3701,1205.0,1154.0,1148.0,1082.0,1097.0,1143.0,4.0,1177.0,1055.0,1165.0,3.0,1124.0,1131.0,1152.0,1106.0,1032.0
3702,4604.0,4604.0,4604.0,4604.0,4604.0,1.0,1.0,4604.0,1.0,4604.0,1.0,1.0,4604.0,1.0,1.0,1.0
3703,901.0,1.0,1.0,1.0,0.0,1.0,1.0,1.0,1.0,1.0,1.0,1.0,1.0,1.0,1.0,1.0
3704,12.0,22.0,27.0,25.0,27.0,27.0,23.0,12.0,27.0,25.0,12.0,25.0,27.0,27.0,14.0,22.0
3705,172.0,196.0,197.0,168.0,180.0,190.0,179.0,194.0,168.0,187.0,171.0,192.0,166.0,190.0,187.0,187.0
3706,57.0,141.0,196.0,190.0,53.0,202.0,199.0,184.0,181.0,171.0,49.0,186.0,182.0,135.0,167.0,189.0
3711,136.0,135.0,176.0,126.0,138.0,129.0,128.0,139.0,135.0,127.0,147.0,131.0,123.0,192.0,143.0,119.0
3714,6.0,6.0,6.0,6.0,6.0,6.0,6.0,7.0,6.0,6.0,7.0,8.0,6.0,6.0,6.0,6.0
3715,23.0,22.0,22.0,23.0,23.0,22.0,23.0,23.0,22.0,23.0,22.0,23.0,22.0,22.0,22.0,22.0
3718,1.0,1.0,4604.0,1.0,1.0,1.0,1.0,1.0,1.0,4604.0,1.0,1.0,1.0,4604.0,4604.0,1.0
3720,2.0,2.0,2.0,2.0,2.0,2.0,1.0,4604.0,2.0,1.0,4604.0,4604.0,1.0,2.0,2.0,4604.0
3723,339.0,49.0,57.0,69.0,67.0,72.0,58.0,59.0,78.0,56.0,52.0,67.0,131.0,50.0,66.0,323.0
3725,1.0,1.0,1.0,1.0,1.0,1.0,1.0,1.0,1.0,1.0,1.0,1.0,1.0,1.0,1.0,1.0
3728,8.0,8.0,8.0,8.0,9.0,9.0,8.0,9.0,6.0,10.0,8.0,8.0,8.0,9.0,8.0,9.0
3732,16.0,16.0,15.0,15.0,13.0,16.0,16.0,16.0,16.0,15.0,14.0,16.0,16.0,16.0,15.0,15.0
3733,20.0,17.0,19.0,18.0,19.0,17.0,19.0,18.0,18.0,18.0,18.0,19.0,17.0,19.0,18.0,18.0
3735,6.0,4.0,6.0,6.0,6.0,6.0,5.0,6.0,6.0,6.0,6.0,5.0,6.0,6.0,6.0,6.0
3738,7.0,5.0,6.0,6.0,7.0,5.0,6.0,7.0,7.0,7.0,6.0,7.0,7.0,5.0,6.0,6.0
3739,938.0,999.0,542.0,990.0,452.0,997.0,822.0,910.0,603.0,872.0,474.0,904.0,918.0,951.0,902.0,707.0
3741,165.0,184.0,185.0,158.0,166.0,181.0,172.0,185.0,159.0,175.0,160.0,181.0,158.0,176.0,178.0,171.0
3742,1.0,1.0,1.0,1.0,1.0,1.0,1.0,1.0,1.0,1.0,1.0,1.0,1.0,1.0,1.0,1.0
3748,2.0,4604.0,2.0,2.0,2.0,4604.0,4604.0,2.0,2.0,4604.0,4604.0,4604.0,4604.0,2.0,2.0,2.0
3749,24.0,22.0,24.0,19.0,24.0,19.0,194.0,204.0,19.0,19.0,186.0,202.0,20.0,21.0,21.0,19.0
3755,1.0,1.0,1.0,1.0,1.0,1.0,1.0,1.0,1.0,1.0,1.0,1.0,1.0,1.0,1.0,1.0
3756,7.0,8.0,7.0,7.0,7.0,7.0,9.0,7.0,7.0,9.0,7.0,7.0,8.0,8.0,7.0,8.0
3759,2.0,1.0,4604.0,1.0,4604.0,1.0,2.0,4604.0,2.0,1.0,4604.0,4604.0,1.0,4604.0,4604.0,4604.0
3763,4604.0,4604.0,4604.0,4.0,4.0,3.0,4604.0,4604.0,4.0,4604.0,4.0,4.0,3.0,4604.0,4604.0,3.0
3765,1011.0,1000.0,987.0,985.0,964.0,971.0,1.0,1039.0,1.0,1039.0,1.0,1007.0,962.0,1.0,1.0,924.0
3767,4604.0,4604.0,4604.0,2.0,2.0,2.0,2.0,2.0,2.0,2.0,4604.0,4604.0,4604.0,2.0,2.0,2.0
3769,7.0,7.0,7.0,7.0,7.0,7.0,7.0,7.0,7.0,7.0,7.0,7.0,7.0,7.0,7.0,7.0
3772,99.0,83.0,113.0,94.0,80.0,72.0,95.0,92.0,122.0,92.0,104.0,91.0,90.0,74.0,100.0,89.0
3774,1.0,1.0,1.0,1.0,1.0,1.0,1.0,1.0,1.0,899.0,1.0,1.0,901.0,897.0,1.0,1.0
3777,4604.0,3.0,3.0,4604.0,3.0,4604.0,3.0,3.0,4604.0,3.0,3.0,3.0,4604.0,3.0,4604.0,3.0
3778,11.0,11.0,9.0,11.0,6.0,10.0,7.0,11.0,11.0,11.0,11.0,11.0,12.0,12.0,10.0,12.0
3779,4604.0,2.0,2.0,4604.0,2.0,2.0,2.0,2.0,2.0,2.0,2.0,2.0,2.0,2.0,4604.0,2.0
3784,4604.0,8.0,7.0,7.0,8.0,5.0,7.0,7.0,8.0,4.0,7.0,8.0,8.0,4.0,8.0,6.0
3787,1.0,1.0,1144.0,1126.0,1097.0,1144.0,1148.0,1178.0,1054.0,1169.0,1187.0,1126.0,1132.0,1159.0,1115.0,1031.0
3789,16.0,17.0,9.0,9.0,13.0,17.0,6.0,13.0,9.0,16.0,17.0,16.0,15.0,18.0,17.0,19.0
3793,117.0,95.0,105.0,84.0,108.0,118.0,110.0,101.0,115.0,108.0,91.0,114.0,120.0,106.0,140.0,111.0
3794,19.0,17.0,43.0,27.0,19.0,26.0,23.0,30.0,22.0,28.0,45.0,24.0,31.0,26.0,28.0,17.0
3798,43.0,37.0,122.0,124.0,40.0,123.0,140.0,121.0,118.0,105.0,107.0,122.0,111.0,111.0,58.0,141.0
3800,45.0,637.0,280.0,516.0,518.0,336.0,26.0,476.0,392.0,231.0,417.0,522.0,333.0,498.0,493.0,11.0
3802,35.0,24.0,47.0,27.0,15.0,36.0,48.0,39.0,35.0,26.0,38.0,52.0,23.0,36.0,56.0,22.0
3804,154.0,169.0,171.0,134.0,167.0,177.0,152.0,183.0,156.0,175.0,136.0,139.0,169.0,154.0,149.0,157.0
3806,1139.0,1321.0,2.0,1479.0,2.0,2.0,2.0,1016.0,1067.0,2.0,960.0,894.0,1543.0,1522.0,1438.0,1581.0
3807,35.0,35.0,35.0,34.0,35.0,35.0,35.0,34.0,35.0,34.0,24.0,25.0,25.0,26.0,29.0,34.0
3808,1.0,1.0,1.0,1.0,4604.0,4604.0,4604.0,4604.0,4604.0,1.0,1.0,1.0,1.0,1.0,4604.0,1.0
3814,23.0,22.0,22.0,24.0,23.0,22.0,24.0,24.0,22.0,23.0,23.0,24.0,24.0,23.0,22.0,23.0
3815,1506.0,1442.0,1292.0,1585.0,1631.0,1560.0,1503.0,358.0,1470.0,1564.0,1451.0,599.0,1448.0,147.0,1539.0,26.0
3819,7.0,4.0,6.0,7.0,6.0,6.0,5.0,4.0,7.0,6.0,8.0,6.0,7.0,6.0,5.0,5.0
3823,438.0,108.0,365.0,146.0,124.0,124.0,201.0,126.0,415.0,745.0,140.0,241.0,280.0,341.0,362.0,237.0
3824,5.0,5.0,5.0,6.0,5.0,5.0,5.0,5.0,5.0,6.0,5.0,5.0,5.0,5.0,5.0,6.0
3825,1056.0,976.0,1056.0,1033.0,1032.0,1072.0,1008.0,988.0,1067.0,1044.0,1645.0,1071.0,1667.0,1365.0,1011.0,1066.0
3826,6.0,6.0,6.0,6.0,6.0,6.0,6.0,6.0,6.0,6.0,6.0,6.0,6.0,6.0,6.0,6.0
3827,169.0,189.0,193.0,163.0,173.0,188.0,178.0,188.0,166.0,180.0,167.0,186.0,168.0,176.0,183.0,174.0
3829,310.0,348.0,215.0,355.0,355.0,340.0,388.0,386.0,281.0,268.0,234.0,391.0,370.0,250.0,321.0,329.0
3831,6.0,6.0,6.0,6.0,6.0,6.0,6.0,6.0,6.0,6.0,6.0,6.0,6.0,6.0,6.0,6.0
3832,4604.0,1.0,4604.0,1.0,1.0,1.0,1.0,1.0,1.0,1.0,4604.0,1.0,4604.0,1.0,1.0,4604.0
3835,1020.0,181.0,1049.0,1052.0,13.0,27.0,997.0,1184.0,12.0,14.0,38.0,1074.0,20.0,196.0,1046.0,21.0
3840,975.0,697.0,7.0,37.0,247.0,963.0,552.0,7.0,839.0,616.0,10.0,632.0,941.0,778.0,7.0,775.0
3846,13.0,14.0,12.0,14.0,14.0,11.0,14.0,14.0,13.0,14.0,14.0,13.0,13.0,14.0,14.0,13.0
3848,174.0,196.0,197.0,170.0,181.0,194.0,179.0,194.0,171.0,186.0,173.0,188.0,174.0,184.0,185.0,184.0
3849,3.0,2.0,3.0,3.0,3.0,2.0,3.0,3.0,3.0,3.0,3.0,3.0,3.0,3.0,3.0,3.0
3853,2.0,2.0,4604.0,2.0,2.0,2.0,4604.0,2.0,2.0,2.0,2.0,4604.0,2.0,2.0,2.0,2.0
3854,4.0,5.0,5.0,5.0,4.0,5.0,5.0,4.0,4604.0,5.0,5.0,5.0,5.0,5.0,5.0,5.0
3858,21.0,22.0,8.0,20.0,20.0,23.0,16.0,17.0,15.0,17.0,8.0,9.0,39.0,18.0,17.0,15.0
3860,6.0,4.0,6.0,4.0,6.0,4.0,5.0,6.0,5.0,4.0,5.0,6.0,6.0,5.0,7.0,6.0
3861,9.0,9.0,10.0,9.0,10.0,8.0,9.0,9.0,9.0,10.0,7.0,9.0,10.0,8.0,8.0,8.0
3863,108.0,241.0,232.0,279.0,639.0,679.0,118.0,266.0,472.0,270.0,132.0,108.0,202.0,90.0,223.0,148.0
3866,10.0,10.0,6.0,10.0,11.0,8.0,12.0,9.0,11.0,8.0,10.0,12.0,10.0,10.0,11.0,10.0
3867,23.0,22.0,22.0,23.0,23.0,22.0,24.0,24.0,22.0,23.0,23.0,23.0,23.0,23.0,22.0,22.0
3868,7.0,8.0,7.0,8.0,7.0,8.0,7.0,6.0,8.0,7.0,7.0,8.0,8.0,7.0,6.0,7.0
3870,5.0,5.0,5.0,5.0,5.0,5.0,5.0,5.0,5.0,5.0,5.0,5.0,5.0,5.0,5.0,5.0
3871,5.0,5.0,5.0,4604.0,5.0,5.0,5.0,5.0,4.0,5.0,5.0,2.0,3.0,5.0,3.0,5.0
3872,5.0,5.0,5.0,3.0,3.0,5.0,4.0,4.0,5.0,976.0,5.0,4.0,5.0,5.0,4.0,5.0
3875,1480.0,1104.0,87.0,1239.0,747.0,1132.0,967.0,43.0,1074.0,228.0,25.0,1105.0,985.0,248.0,1068.0,951.0
3878,5.0,5.0,5.0,5.0,5.0,5.0,5.0,5.0,5.0,5.0,5.0,5.0,5.0,5.0,5.0,5.0
3879,9.0,8.0,8.0,6.0,5.0,8.0,8.0,8.0,8.0,9.0,8.0,8.0,8.0,9.0,8.0,8.0
3880,12.0,10.0,12.0,12.0,12.0,10.0,12.0,11.0,11.0,12.0,12.0,12.0,12.0,12.0,11.0,11.0
3887,8.0,8.0,8.0,8.0,8.0,8.0,8.0,8.0,8.0,8.0,8.0,8.0,8.0,8.0,8.0,8.0
3894,664.0,692.0,461.0,1202.0,1222.0,1243.0,570.0,1208.0,463.0,1154.0,1187.0,591.0,624.0,1157.0,389.0,1139.0
3895,4.0,4.0,43.0,5.0,17.0,4.0,53.0,24.0,5.0,33.0,76.0,62.0,682.0,169.0,50.0,108.0
3898,4604.0,3.0,3.0,3.0,3.0,3.0,3.0,3.0,3.0,4604.0,3.0,3.0,3.0,3.0,3.0,3.0
3899,4.0,8.0,1497.0,27.0,9.0,734.0,6.0,6.0,739.0,27.0,6.0,28.0,5.0,6.0,825.0,7.0
3900,65.0,77.0,91.0,13.0,75.0,14.0,112.0,88.0,95.0,141.0,20.0,53.0,15.0,118.0,80.0,13.0
3902,195.0,185.0,185.0,144.0,192.0,160.0,187.0,190.0,183.0,161.0,152.0,151.0,197.0,154.0,197.0,175.0
3904,2.0,2.0,2.0,2.0,4604.0,2.0,4604.0,2.0,2.0,4604.0,4604.0,2.0,4604.0,4604.0,4604.0,2.0
3907,176.0,201.0,198.0,177.0,188.0,197.0,180.0,201.0,177.0,189.0,175.0,194.0,181.0,191.0,189.0,188.0
3911,1.0,4604.0,4604.0,1.0,1.0,4604.0,1.0,1.0,4604.0,4604.0,1.0,1.0,1.0,1.0,1.0,4604.0
3913,339.0,49.0,57.0,69.0,67.0,72.0,58.0,59.0,78.0,56.0,52.0,67.0,131.0,49.0,66.0,324.0
3915,16.0,8.0,50.0,12.0,5.0,37.0,48.0,35.0,32.0,29.0,29.0,10.0,30.0,34.0,15.0,37.0
3917,21.0,20.0,21.0,23.0,22.0,21.0,22.0,20.0,20.0,20.0,18.0,21.0,22.0,21.0,20.0,22.0
3918,47.0,59.0,481.0,382.0,400.0,443.0,6.0,1023.0,15.0,309.0,160.0,5.0,2.0,2.0,86.0,133.0
3920,5.0,5.0,5.0,5.0,5.0,5.0,5.0,5.0,5.0,5.0,5.0,5.0,5.0,5.0,5.0,5.0
3923,4604.0,4604.0,3.0,3.0,4604.0,4604.0,3.0,3.0,4604.0,4604.0,3.0,3.0,3.0,4604.0,3.0,3.0
3926,1203.0,1154.0,1145.0,1125.0,1097.0,1145.0,1149.0,1180.0,1054.0,1168.0,1187.0,1129.0,1132.0,1164.0,1120.0,1030.0
3933,1.0,1.0,1.0,1.0,1.0,1.0,1.0,1.0,1.0,1.0,1.0,1.0,1.0,1.0,1.0,1.0
3934,1.0,4604.0,4604.0,4604.0,1.0,1.0,1.0,1.0,1.0,4604.0,1.0,1.0,1.0,1.0,4604.0,1.0
3935,653.0,691.0,465.0,1202.0,1216.0,1248.0,573.0,1206.0,467.0,1140.0,1187.0,593.0,624.0,1149.0,403.0,1134.0
3939,3.0,4604.0,3.0,3.0,3.0,3.0,4604.0,3.0,3.0,3.0,4604.0,4604.0,3.0,3.0,3.0,3.0
3940,5.0,5.0,5.0,5.0,5.0,5.0,5.0,5.0,5.0,5.0,5.0,5.0,5.0,5.0,5.0,5.0
3943,339.0,49.0,57.0,69.0,67.0,72.0,58.0,59.0,78.0,56.0,52.0,67.0,131.0,49.0,66.0,324.0
3944,5.0,5.0,5.0,5.0,5.0,5.0,5.0,5.0,5.0,5.0,5.0,5.0,5.0,5.0,5.0,5.0
3946,5.0,5.0,5.0,5.0,5.0,5.0,5.0,5.0,5.0,5.0,5.0,5.0,5.0,5.0,5.0,5.0
3948,4.0,4.0,4604.0,4604.0,4.0,4604.0,4604.0,2.0,4.0,4.0,4604.0,4.0,4604.0,4.0,4604.0,4.0
3949,4604.0,3.0,3.0,3.0,3.0,3.0,4604.0,3.0,4604.0,4604.0,3.0,4604.0,3.0,4604.0,3.0,3.0
3958,339.0,49.0,57.0,69.0,67.0,72.0,58.0,59.0,78.0,56.0,52.0,67.0,131.0,49.0,66.0,324.0
3960,5.0,5.0,5.0,5.0,5.0,5.0,5.0,5.0,5.0,5.0,5.0,5.0,5.0,5.0,5.0,5.0
3963,6.0,6.0,6.0,6.0,6.0,6.0,6.0,6.0,6.0,5.0,6.0,7.0,6.0,6.0,6.0,6.0
3967,2.0,2.0,4604.0,2.0,2.0,4604.0,2.0,2.0,2.0,2.0,2.0,2.0,4604.0,2.0,2.0,4604.0
3974,5.0,5.0,5.0,5.0,5.0,5.0,5.0,5.0,5.0,5.0,5.0,5.0,5.0,5.0,5.0,5.0
3978,339.0,49.0,57.0,69.0,67.0,72.0,58.0,59.0,78.0,56.0,52.0,67.0,131.0,49.0,66.0,324.0
3982,5.0,5.0,5.0,5.0,5.0,5.0,5.0,5.0,5.0,5.0,6.0,5.0,5.0,5.0,5.0,5.0
3985,4.0,4.0,4.0,4.0,4604.0,4.0,4.0,4604.0,4.0,4604.0,4604.0,4.0,4604.0,4604.0,4604.0,4604.0
3987,27.0,27.0,24.0,13.0,20.0,19.0,21.0,17.0,19.0,20.0,12.0,10.0,21.0,19.0,11.0,18.0
3988,4604.0,2.0,2.0,4604.0,2.0,4604.0,4604.0,2.0,4604.0,2.0,2.0,4604.0,2.0,2.0,2.0,2.0
3992,1051.0,984.0,1057.0,1031.0,1029.0,1070.0,1006.0,988.0,1067.0,1044.0,1646.0,1071.0,1666.0,1366.0,1012.0,1061.0
3995,6.0,4.0,4.0,4604.0,6.0,4604.0,6.0,4604.0,4604.0,7.0,7.0,5.0,3.0,4604.0,4604.0,6.0
3997,47.0,5.0,1050.0,43.0,36.0,5.0,780.0,9.0,7.0,65.0,14.0,51.0,836.0,738.0,651.0,6.0
3998,4604.0,4604.0,4604.0,4604.0,1.0,4604.0,4604.0,4604.0,4604.0,4604.0,1.0,1.0,1.0,1.0,1.0,1.0
4002,275.0,295.0,211.0,236.0,273.0,280.0,269.0,269.0,248.0,215.0,190.0,246.0,212.0,201.0,308.0,310.0
4004,5.0,5.0,5.0,5.0,5.0,5.0,5.0,5.0,5.0,5.0,5.0,4.0,5.0,5.0,5.0,5.0
4008,14.0,16.0,17.0,19.0,20.0,19.0,15.0,14.0,16.0,16.0,15.0,17.0,20.0,16.0,18.0,20.0
4010,1011.0,1.0,987.0,983.0,1.0,971.0,1.0,1.0,1.0,1.0,1.0,1.0,961.0,1.0,1.0,924.0
4015,2.0,4604.0,2.0,4604.0,4604.0,2.0,4604.0,2.0,2.0,2.0,2.0,2.0,4604.0,2.0,2.0,2.0
4018,3.0,4.0,3.0,4604.0,6.0,4604.0,4604.0,4604.0,4604.0,4.0,3.0,4604.0,4604.0,4604.0,4.0,4604.0
4019,4604.0,3.0,3.0,4604.0,3.0,4604.0,3.0,3.0,4604.0,3.0,4604.0,3.0,4604.0,3.0,3.0,4604.0
4025,3.0,3.0,4604.0,4604.0,2.0,2.0,2.0,4604.0,3.0,2.0,4604.0,3.0,3.0,4604.0,3.0,2.0
4026,3.0,3.0,3.0,3.0,3.0,3.0,3.0,3.0,4604.0,3.0,4604.0,4604.0,4604.0,4604.0,3.0,3.0
4027,6.0,7.0,8.0,7.0,7.0,6.0,6.0,7.0,7.0,8.0,8.0,8.0,7.0,8.0,6.0,7.0
4030,4604.0,4604.0,2.0,2.0,4604.0,2.0,4604.0,4604.0,2.0,2.0,2.0,2.0,4604.0,2.0,2.0,4604.0
4041,16.0,15.0,12.0,12.0,5.0,11.0,10.0,6.0,4604.0,934.0,5.0,7.0,12.0,1400.0,19.0,7.0
4047,3.0,2.0,3.0,4604.0,3.0,3.0,3.0,3.0,3.0,3.0,3.0,3.0,4604.0,3.0,3.0,4604.0
4051,4.0,4.0,4.0,4.0,4.0,4.0,4.0,4.0,4604.0,4604.0,4.0,4604.0,4604.0,4604.0,4604.0,4.0
4052,2.0,2.0,2.0,2.0,2.0,2.0,2.0,4604.0,2.0,2.0,2.0,4604.0,2.0,4604.0,4604.0,2.0
4059,31.0,31.0,33.0,32.0,19.0,21.0,25.0,30.0,21.0,19.0,25.0,48.0,33.0,17.0,38.0,28.0
4060,226.0,241.0,246.0,285.0,235.0,245.0,20.0,20.0,250.0,392.0,277.0,312.0,293.0,70.0,320.0,255.0
4062,2.0,4604.0,4604.0,4604.0,2.0,4604.0,4604.0,2.0,2.0,2.0,2.0,2.0,2.0,4604.0,4604.0,2.0
4064,8.0,7.0,9.0,9.0,8.0,10.0,3.0,3.0,5.0,10.0,11.0,10.0,4.0,10.0,9.0,10.0
4066,15.0,17.0,4604.0,214.0,15.0,4604.0,2.0,11.0,18.0,12.0,4604.0,4604.0,4604.0,16.0,10.0,7.0
4071,3.0,4604.0,4604.0,1009.0,2.0,1133.0,1159.0,4604.0,4604.0,4604.0,4604.0,1024.0,1020.0,1031.0,3.0,1089.0
4086,2.0,2.0,2.0,2.0,2.0,2.0,2.0,2.0,2.0,2.0,2.0,2.0,2.0,2.0,4604.0,2.0
4121,8.0,8.0,27.0,31.0,26.0,18.0,20.0,9.0,25.0,8.0,18.0,17.0,27.0,25.0,17.0,25.0
4145,5.0,5.0,5.0,5.0,5.0,5.0,5.0,5.0,5.0,5.0,5.0,5.0,5.0,5.0,5.0,5.0
4222,1011.0,1.0,987.0,983.0,963.0,971.0,1.0,1.0,1.0,1.0,1038.0,997.0,1.0,1.0,989.0,924.0
4231,2.0,2.0,2.0,4604.0,4604.0,2.0,4604.0,2.0,2.0,4604.0,4604.0,2.0,2.0,2.0,2.0,4604.0
4267,4.0,3.0,4604.0,4.0,3.0,4604.0,4.0,3.0,3.0,3.0,4.0,3.0,3.0,4604.0,4604.0,4604.0
4268,1.0,0.0,0.0,0.0,0.0,0.0,1.0,1.0,0.0,0.0,0.0,0.0,0.0,1.0,0.0,1.0
4269,15.0,15.0,17.0,17.0,17.0,17.0,17.0,15.0,15.0,15.0,18.0,15.0,20.0,32.0,19.0,18.0
4270,1.0,1.0,1.0,1.0,1.0,1.0,1.0,1.0,1.0,1.0,1.0,1.0,1.0,1.0,1.0,1.0
4271,1.0,1.0,1.0,1.0,1.0,1.0,1.0,1.0,1.0,1.0,1.0,1.0,1.0,1.0,1.0,1.0
4295,8.0,4.0,4604.0,4604.0,4604.0,8.0,3.0,8.0,4604.0,55.0,5.0,6.0,13.0,16.0,4604.0,72.0
4296,8.0,7.0,7.0,9.0,8.0,7.0,7.0,7.0,7.0,8.0,8.0,8.0,7.0,9.0,7.0,7.0
4302,930.0,713.0,49.0,54.0,41.0,722.0,530.0,26.0,32.0,594.0,4.0,41.0,766.0,842.0,44.0,22.0
4316,350.0,303.0,336.0,207.0,199.0,386.0,285.0,255.0,206.0,309.0,185.0,222.0,300.0,337.0,238.0,207.0
4317,16.0,18.0,11.0,14.0,13.0,17.0,15.0,17.0,16.0,11.0,18.0,17.0,17.0,16.0,16.0,13.0
4324,1.0,1.0,1.0,1.0,1.0,1.0,1.0,1.0,1.0,1.0,1.0,1.0,1.0,1.0,1.0,1.0
4353,172.0,17.0,807.0,4.0,15.0,16.0,17.0,31.0,16.0,23.0,42.0,26.0,109.0,107.0,20.0,21.0
4357,177.0,201.0,198.0,168.0,183.0,193.0,178.0,199.0,176.0,189.0,177.0,192.0,173.0,191.0,187.0,187.0
4395,214.0,215.0,207.0,143.0,215.0,227.0,214.0,223.0,205.0,173.0,218.0,216.0,215.0,191.0,211.0,181.0
4473,805.0,896.0,830.0,807.0,793.0,1139.0,606.0,1165.0,528.0,783.0,898.0,771.0,673.0,753.0,646.0,749.0
4480,4604.0,2.0,2.0,4604.0,2.0,4604.0,2.0,2.0,2.0,2.0,4604.0,4604.0,2.0,4604.0,2.0,4604.0
4512,4604.0,3.0,4604.0,3.0,4604.0,4604.0,3.0,3.0,3.0,3.0,3.0,3.0,4604.0,3.0,3.0,3.0
4515,18.0,19.0,19.0,22.0,21.0,20.0,19.0,18.0,18.0,17.0,18.0,18.0,22.0,21.0,19.0,19.0
4516,17.0,22.0,20.0,16.0,24.0,21.0,19.0,15.0,17.0,17.0,19.0,17.0,22.0,23.0,17.0,21.0
4524,8.0,11.0,10.0,10.0,10.0,11.0,11.0,8.0,8.0,11.0,9.0,8.0,11.0,11.0,11.0,11.0
4525,51.0,116.0,97.0,89.0,94.0,97.0,113.0,105.0,92.0,108.0,89.0,15.0,92.0,97.0,11.0,102.0
4529,6.0,6.0,6.0,7.0,6.0,6.0,6.0,6.0,6.0,6.0,7.0,6.0,6.0,6.0,7.0,6.0
4549,39.0,31.0,49.0,16.0,24.0,19.0,44.0,27.0,29.0,26.0,22.0,25.0,22.0,32.0,27.0,26.0
4558,5.0,6.0,5.0,5.0,7.0,7.0,7.0,7.0,6.0,7.0,6.0,6.0,7.0,7.0,5.0,7.0
4567,37.0,39.0,24.0,15.0,29.0,27.0,41.0,27.0,33.0,33.0,30.0,23.0,34.0,24.0,37.0,32.0
4596,3.0,3.0,4604.0,3.0,4604.0,3.0,4604.0,3.0,3.0,4604.0,3.0,4604.0,3.0,3.0,3.0,3.0
4599,5.0,3.0,5.0,5.0,7.0,4.0,5.0,10.0,5.0,3.0,3.0,5.0,5.0,5.0,3.0,4.0
4600,169.0,195.0,197.0,174.0,183.0,188.0,185.0,188.0,180.0,14.0,173.0,192.0,164.0,189.0,183.0,10.0
4601,6.0,6.0,6.0,6.0,6.0,6.0,6.0,6.0,6.0,6.0,6.0,6.0,6.0,6.0,6.0,6.0
4602,6.0,3.0,3.0,7.0,7.0,6.0,5.0,7.0,3.0,7.0,6.0,7.0,3.0,7.0,6.0,3.0
